[numpy.org/doc/stable/reference/index.html]
[backblue.gif]
[fade.gif]
[index.html]
[numpy.org/doc/stable/_static/styles/theme3dd4.css]
[numpy.org/doc/stable/_static/pygmentsacbc.css]
[numpy.org/doc/stable/_static/styles/pydata-sphinx-theme3dd4.css]
[numpy.org/doc/stable/_static/graphvizb400.css]
[numpy.org/doc/stable/_static/plot_directive.css]
[numpy.org/doc/stable/_static/copybutton3129.css]
[numpy.org/doc/stable/_static/sphinx-design.min7991.css]
[numpy.org/doc/stable/_static/numpyed86.css]
[numpy.org/doc/stable/_static/scripts/bootstrap3dd4.js]
[numpy.org/doc/stable/_static/scripts/pydata-sphinx-theme3dd4.js]
[numpy.org/doc/stable/_static/scripts/fontawesome3dd4.js]
[numpy.org/doc/stable/_static/documentation_options8e76.js]
[numpy.org/doc/stable/_static/doctools56c1.js]
[numpy.org/doc/stable/_static/sphinx_highlight7f57.js]
[numpy.org/doc/stable/_static/clipboard.min4664.js]
[numpy.org/doc/stable/_static/copybuttonf3cb.js]
[numpy.org/doc/stable/_static/design-tabs62df.js]
[numpy.org/doc/stable/reference/module_structure.html]
[numpy.org/doc/stable/reference/arrays.html]
[numpy.org/doc/stable/reference/ufuncs.html]
[numpy.org/doc/stable/reference/routines.html]
[numpy.org/doc/stable/reference/typing.html]
[numpy.org/doc/stable/reference/distutils.html]
[numpy.org/doc/stable/reference/c-api/index.html]
[numpy.org/doc/stable/reference/array_api.html]
[numpy.org/doc/stable/reference/simd/index.html]
[numpy.org/doc/stable/reference/thread_safety.html]
[numpy.org/doc/stable/reference/global_state.html]
[numpy.org/doc/stable/reference/security.html]
[numpy.org/doc/stable/reference/distutils_status_migration.html]
[numpy.org/doc/stable/reference/distutils_guide.html]
[numpy.org/doc/stable/reference/swig.html]
[numpy.org/doc/stable/reference/arrays.ndarray.html]
[numpy.org/doc/stable/reference/arrays.scalars.html]
[numpy.org/doc/stable/reference/arrays.dtypes.html]
[numpy.org/doc/stable/reference/arrays.promotion.html]
[numpy.org/doc/stable/reference/arrays.nditer.html]
[numpy.org/doc/stable/reference/arrays.classes.html]
[numpy.org/doc/stable/reference/maskedarray.html]
[numpy.org/doc/stable/reference/arrays.interface.html]
[numpy.org/doc/stable/reference/arrays.datetime.html]
[numpy.org/doc/stable/reference/constants.html]
[numpy.org/doc/stable/reference/routines.array-creation.html]
[numpy.org/doc/stable/reference/routines.array-manipulation.html]
[numpy.org/doc/stable/reference/routines.bitwise.html]
[numpy.org/doc/stable/reference/routines.strings.html]
[numpy.org/doc/stable/reference/routines.datetime.html]
[numpy.org/doc/stable/reference/routines.dtype.html]
[numpy.org/doc/stable/reference/routines.emath.html]
[numpy.org/doc/stable/reference/routines.err.html]
[numpy.org/doc/stable/reference/routines.exceptions.html]
[numpy.org/doc/stable/reference/routines.fft.html]
[numpy.org/doc/stable/reference/routines.functional.html]
[numpy.org/doc/stable/reference/routines.io.html]
[numpy.org/doc/stable/reference/routines.indexing.html]
[numpy.org/doc/stable/reference/routines.linalg.html]
[numpy.org/doc/stable/reference/routines.logic.html]
[numpy.org/doc/stable/reference/routines.ma.html]
[numpy.org/doc/stable/reference/routines.math.html]
[numpy.org/doc/stable/reference/routines.other.html]
[numpy.org/doc/stable/reference/routines.polynomials.html]
[numpy.org/doc/stable/reference/random/index.html]
[numpy.org/doc/stable/reference/routines.set.html]
[numpy.org/doc/stable/reference/routines.sort.html]
[numpy.org/doc/stable/reference/routines.statistics.html]
[numpy.org/doc/stable/reference/routines.testing.html]
[numpy.org/doc/stable/reference/routines.window.html]
[numpy.org/doc/stable/reference/c-api/types-and-structures.html]
[numpy.org/doc/stable/reference/c-api/config.html]
[numpy.org/doc/stable/reference/c-api/dtype.html]
[numpy.org/doc/stable/reference/c-api/array.html]
[numpy.org/doc/stable/reference/c-api/iterator.html]
[numpy.org/doc/stable/reference/c-api/ufunc.html]
[numpy.org/doc/stable/reference/c-api/generalized-ufuncs.html]
[numpy.org/doc/stable/reference/c-api/strings.html]
[numpy.org/doc/stable/reference/c-api/coremath.html]
[numpy.org/doc/stable/reference/c-api/datetimes.html]
[numpy.org/doc/stable/reference/c-api/deprecations.html]
[numpy.org/doc/stable/reference/index.html]
[numpy.org/doc/stable/reference/c-api/data_memory.html]
[numpy.org/doc/stable/_static/basic.css]
[numpy.org/doc/stable/_static/styles/theme3dd4.css]
[numpy.org/doc/stable/_static/styles/pydata-sphinx-theme3dd4.css]
[numpy.org/doc/stable/_static/pygmentsacbc.css]
[numpy.org/doc/stable/_static/graphvizb400.css]
[numpy.org/doc/stable/_static/plot_directive.css]
[numpy.org/doc/stable/_static/copybutton3129.css]
[numpy.org/doc/stable/_static/sphinx-design.min7991.css]
[numpy.org/doc/stable/_static/numpyed86.css]
[numpy.org/doc/stable/reference/routines.polynomials-package.html]
[numpy.org/doc/stable/reference/routines.ctypeslib.html]
[numpy.org/doc/stable/reference/routines.dtypes.html]
[numpy.org/doc/stable/reference/routines.lib.html]
[numpy.org/doc/stable/reference/routines.rec.html]
[numpy.org/doc/stable/reference/routines.version.html]
[numpy.org/doc/stable/reference/routines.char.html]
[numpy.org/doc/stable/reference/module_structure.html]
[numpy.org/doc/stable/reference/routines.matlib.html]
[numpy.org/doc/stable/reference/generated/numpy.matlib.randn.html]
[numpy.org/doc/stable/_images/threefundamental.png]
[numpy.org/doc/stable/reference/maskedarray.generic.html]
[numpy.org/doc/stable/reference/arrays.html]
[numpy.org/doc/stable/reference/maskedarray.baseclass.html]
[numpy.org/doc/stable/_static/scipy-mathjax/MathJaxb1f1.js]
[numpy.org/doc/stable/reference/generated/numpy.ufunc.html]
[numpy.org/doc/stable/reference/generated/numpy.ufunc.nin.html]
[numpy.org/doc/stable/reference/generated/numpy.ufunc.nout.html]
[numpy.org/doc/stable/reference/generated/numpy.ufunc.nargs.html]
[numpy.org/doc/stable/reference/generated/numpy.ufunc.ntypes.html]
[numpy.org/doc/stable/reference/generated/numpy.ufunc.types.html]
[numpy.org/doc/stable/reference/generated/numpy.ufunc.signature.html]
[numpy.org/doc/stable/reference/generated/numpy.ufunc.identity.html]
[numpy.org/doc/stable/reference/generated/numpy.ufunc.reduce.html]
[numpy.org/doc/stable/reference/generated/numpy.ufunc.accumulate.html]
[numpy.org/doc/stable/reference/generated/numpy.ufunc.reduceat.html]
[numpy.org/doc/stable/reference/generated/numpy.ufunc.outer.html]
[numpy.org/doc/stable/reference/generated/numpy.ufunc.at.html]
[numpy.org/doc/stable/reference/generated/numpy.ndarray.html]
[numpy.org/doc/stable/reference/generated/numpy.can_cast.html]
[numpy.org/doc/stable/reference/generated/numpy.array.html]
[numpy.org/doc/stable/reference/generated/numpy.dtype.html]
[numpy.org/doc/stable/reference/generated/numpy.add.html]
[numpy.org/doc/stable/reference/generated/numpy.subtract.html]
[numpy.org/doc/stable/reference/generated/numpy.multiply.html]
[numpy.org/doc/stable/reference/generated/numpy.matmul.html]
[numpy.org/doc/stable/reference/generated/numpy.divide.html]
[numpy.org/doc/stable/reference/generated/numpy.logaddexp.html]
[numpy.org/doc/stable/reference/generated/numpy.logaddexp2.html]
[numpy.org/doc/stable/reference/generated/numpy.true_divide.html]
[numpy.org/doc/stable/reference/generated/numpy.floor_divide.html]
[numpy.org/doc/stable/reference/generated/numpy.negative.html]
[numpy.org/doc/stable/reference/generated/numpy.positive.html]
[numpy.org/doc/stable/reference/generated/numpy.power.html]
[numpy.org/doc/stable/reference/generated/numpy.float_power.html]
[numpy.org/doc/stable/reference/generated/numpy.remainder.html]
[numpy.org/doc/stable/reference/generated/numpy.mod.html]
[numpy.org/doc/stable/reference/generated/numpy.fmod.html]
[numpy.org/doc/stable/reference/generated/numpy.divmod.html]
[numpy.org/doc/stable/reference/generated/numpy.absolute.html]
[numpy.org/doc/stable/reference/generated/numpy.fabs.html]
[numpy.org/doc/stable/reference/generated/numpy.rint.html]
[numpy.org/doc/stable/reference/generated/numpy.sign.html]
[numpy.org/doc/stable/reference/generated/numpy.heaviside.html]
[numpy.org/doc/stable/reference/generated/numpy.conj.html]
[numpy.org/doc/stable/reference/generated/numpy.conjugate.html]
[numpy.org/doc/stable/reference/generated/numpy.exp.html]
[numpy.org/doc/stable/reference/generated/numpy.exp2.html]
[numpy.org/doc/stable/reference/generated/numpy.log.html]
[numpy.org/doc/stable/reference/generated/numpy.log2.html]
[numpy.org/doc/stable/reference/generated/numpy.log10.html]
[numpy.org/doc/stable/reference/generated/numpy.expm1.html]
[numpy.org/doc/stable/reference/generated/numpy.log1p.html]
[numpy.org/doc/stable/reference/generated/numpy.sqrt.html]
[numpy.org/doc/stable/reference/generated/numpy.square.html]
[numpy.org/doc/stable/reference/generated/numpy.cbrt.html]
[numpy.org/doc/stable/reference/generated/numpy.reciprocal.html]
[numpy.org/doc/stable/reference/generated/numpy.gcd.html]
[numpy.org/doc/stable/reference/generated/numpy.lcm.html]
[numpy.org/doc/stable/reference/generated/numpy.sin.html]
[numpy.org/doc/stable/reference/generated/numpy.cos.html]
[numpy.org/doc/stable/reference/generated/numpy.tan.html]
[numpy.org/doc/stable/reference/generated/numpy.arcsin.html]
[numpy.org/doc/stable/reference/generated/numpy.arccos.html]
[numpy.org/doc/stable/reference/generated/numpy.arctan.html]
[numpy.org/doc/stable/reference/generated/numpy.arctan2.html]
[numpy.org/doc/stable/reference/generated/numpy.hypot.html]
[numpy.org/doc/stable/reference/generated/numpy.sinh.html]
[numpy.org/doc/stable/reference/generated/numpy.cosh.html]
[numpy.org/doc/stable/reference/generated/numpy.tanh.html]
[numpy.org/doc/stable/reference/generated/numpy.arcsinh.html]
[numpy.org/doc/stable/reference/generated/numpy.arccosh.html]
[numpy.org/doc/stable/reference/generated/numpy.arctanh.html]
[numpy.org/doc/stable/reference/generated/numpy.degrees.html]
[numpy.org/doc/stable/reference/generated/numpy.radians.html]
[numpy.org/doc/stable/reference/generated/numpy.deg2rad.html]
[numpy.org/doc/stable/reference/generated/numpy.rad2deg.html]
[numpy.org/doc/stable/reference/generated/numpy.bitwise_and.html]
[numpy.org/doc/stable/reference/generated/numpy.bitwise_or.html]
[numpy.org/doc/stable/reference/generated/numpy.bitwise_xor.html]
[numpy.org/doc/stable/reference/generated/numpy.invert.html]
[numpy.org/doc/stable/reference/generated/numpy.left_shift.html]
[numpy.org/doc/stable/reference/generated/numpy.right_shift.html]
[numpy.org/doc/stable/reference/generated/numpy.greater.html]
[numpy.org/doc/stable/reference/generated/numpy.greater_equal.html]
[numpy.org/doc/stable/reference/generated/numpy.less.html]
[numpy.org/doc/stable/reference/generated/numpy.less_equal.html]
[numpy.org/doc/stable/reference/generated/numpy.not_equal.html]
[numpy.org/doc/stable/reference/generated/numpy.equal.html]
[numpy.org/doc/stable/reference/generated/numpy.logical_and.html]
[numpy.org/doc/stable/reference/generated/numpy.logical_or.html]
[numpy.org/doc/stable/reference/generated/numpy.logical_xor.html]
[numpy.org/doc/stable/reference/generated/numpy.logical_not.html]
[numpy.org/doc/stable/reference/generated/numpy.maximum.html]
[numpy.org/doc/stable/reference/generated/numpy.minimum.html]
[numpy.org/doc/stable/reference/generated/numpy.fmax.html]
[numpy.org/doc/stable/reference/generated/numpy.fmin.html]
[numpy.org/doc/stable/reference/generated/numpy.isfinite.html]
[numpy.org/doc/stable/reference/generated/numpy.isinf.html]
[numpy.org/doc/stable/reference/generated/numpy.isnan.html]
[numpy.org/doc/stable/reference/generated/numpy.isnat.html]
[numpy.org/doc/stable/reference/generated/numpy.signbit.html]
[numpy.org/doc/stable/reference/generated/numpy.copysign.html]
[numpy.org/doc/stable/reference/generated/numpy.nextafter.html]
[numpy.org/doc/stable/reference/generated/numpy.spacing.html]
[numpy.org/doc/stable/reference/generated/numpy.modf.html]
[numpy.org/doc/stable/reference/generated/numpy.ldexp.html]
[numpy.org/doc/stable/reference/generated/numpy.frexp.html]
[numpy.org/doc/stable/reference/generated/numpy.floor.html]
[numpy.org/doc/stable/reference/generated/numpy.ceil.html]
[numpy.org/doc/stable/reference/ufuncs.html]
[numpy.org/doc/stable/reference/routines.html]
[numpy.org/doc/stable/reference/generated/numpy.trunc.html]
[numpy.org/doc/stable/reference/testing.html]
[numpy.org/doc/stable/reference/generated/numpy.ndarray.view.html]
[numpy.org/doc/stable/reference/generated/numpy.recarray.html]
[numpy.org/doc/stable/reference/generated/numpy.rec.format_parser.html]
[numpy.org/doc/stable/reference/typing.html]
[numpy.org/doc/stable/reference/generated/numpy.dtype.type.html]
[numpy.org/doc/stable/reference/distutils/misc_util.html]
[numpy.org/doc/stable/reference/generated/numpy.char.chararray.zfill.html]
[numpy.org/doc/stable/reference/generated/numpy.distutils.ccompiler.html]
[numpy.org/doc/stable/reference/generated/numpy.distutils.ccompiler_opt.html]
[numpy.org/doc/stable/reference/generated/numpy.distutils.cpuinfo.cpu.html]
[numpy.org/doc/stable/reference/generated/numpy.distutils.core.Extension.html]
[numpy.org/doc/stable/reference/generated/numpy.distutils.exec_command.html]
[numpy.org/doc/stable/reference/generated/numpy.distutils.log.set_verbosity.html]
[numpy.org/doc/stable/reference/generated/numpy.distutils.system_info.get_info.html]
[numpy.org/doc/stable/reference/distutils.html]
[numpy.org/doc/stable/reference/generated/numpy.distutils.system_info.get_standard_file.html]
[numpy.org/doc/stable/reference/c-api/index.html]
[numpy.org/doc/stable/reference/generated/numpy.kaiser.html]
[numpy.org/doc/stable/reference/array_api.html]
[numpy.org/doc/stable/reference/generated/numpy.__array_namespace_info__.html]
[numpy.org/doc/stable/reference/simd/build-options.html]
[numpy.org/doc/stable/reference/generated/numpy.__array_namespace_info__.dtypes.html]
[numpy.org/doc/stable/reference/simd/index.html]
[numpy.org/doc/stable/reference/thread_safety.html]
[numpy.org/doc/stable/reference/global_state.html]
[numpy.org/doc/stable/reference/security.html]
[numpy.org/doc/stable/reference/distutils_status_migration.html]
[numpy.org/doc/stable/reference/distutils_guide.html]
[numpy.org/doc/stable/reference/simd/how-it-works.html]
[numpy.org/doc/stable/reference/swig.interface-file.html]
[numpy.org/doc/stable/reference/swig.html]
[numpy.org/doc/stable/reference/swig.testing.html]
[numpy.org/doc/stable/reference/generated/numpy.ndarray.flags.html]
[numpy.org/doc/stable/reference/generated/numpy.ndarray.shape.html]
[numpy.org/doc/stable/reference/generated/numpy.ndarray.strides.html]
[numpy.org/doc/stable/reference/generated/numpy.ndarray.ndim.html]
[numpy.org/doc/stable/reference/generated/numpy.ndarray.data.html]
[numpy.org/doc/stable/reference/generated/numpy.ndarray.size.html]
[numpy.org/doc/stable/reference/generated/numpy.ndarray.itemsize.html]
[numpy.org/doc/stable/reference/generated/numpy.ndarray.nbytes.html]
[numpy.org/doc/stable/reference/generated/numpy.ndarray.base.html]
[numpy.org/doc/stable/reference/generated/numpy.ndarray.dtype.html]
[numpy.org/doc/stable/reference/generated/numpy.ndarray.T.html]
[numpy.org/doc/stable/reference/generated/numpy.ndarray.real.html]
[numpy.org/doc/stable/reference/generated/numpy.ndarray.imag.html]
[numpy.org/doc/stable/reference/generated/numpy.ndarray.flat.html]
[numpy.org/doc/stable/reference/generated/numpy.ndarray.ctypes.html]
[numpy.org/doc/stable/reference/generated/numpy.ndarray.item.html]
[numpy.org/doc/stable/reference/generated/numpy.ndarray.tolist.html]
[numpy.org/doc/stable/reference/generated/numpy.ndarray.tostring.html]
[numpy.org/doc/stable/reference/generated/numpy.ndarray.tobytes.html]
[numpy.org/doc/stable/reference/generated/numpy.ndarray.tofile.html]
[numpy.org/doc/stable/reference/generated/numpy.ndarray.dump.html]
[numpy.org/doc/stable/reference/generated/numpy.ndarray.dumps.html]
[numpy.org/doc/stable/reference/generated/numpy.ndarray.astype.html]
[numpy.org/doc/stable/reference/generated/numpy.ndarray.byteswap.html]
[numpy.org/doc/stable/reference/generated/numpy.ndarray.copy.html]
[numpy.org/doc/stable/reference/generated/numpy.ndarray.getfield.html]
[numpy.org/doc/stable/reference/generated/numpy.ndarray.setflags.html]
[numpy.org/doc/stable/reference/generated/numpy.ndarray.fill.html]
[numpy.org/doc/stable/reference/generated/numpy.ndarray.reshape.html]
[numpy.org/doc/stable/reference/generated/numpy.ndarray.resize.html]
[numpy.org/doc/stable/reference/generated/numpy.ndarray.transpose.html]
[numpy.org/doc/stable/reference/generated/numpy.ndarray.swapaxes.html]
[numpy.org/doc/stable/reference/generated/numpy.ndarray.flatten.html]
[numpy.org/doc/stable/reference/generated/numpy.ndarray.ravel.html]
[numpy.org/doc/stable/reference/generated/numpy.ndarray.squeeze.html]
[numpy.org/doc/stable/reference/generated/numpy.ndarray.take.html]
[numpy.org/doc/stable/reference/generated/numpy.ndarray.put.html]
[numpy.org/doc/stable/reference/generated/numpy.ndarray.repeat.html]
[numpy.org/doc/stable/reference/generated/numpy.ndarray.choose.html]
[numpy.org/doc/stable/reference/generated/numpy.ndarray.sort.html]
[numpy.org/doc/stable/reference/generated/numpy.ndarray.argsort.html]
[numpy.org/doc/stable/reference/generated/numpy.ndarray.partition.html]
[numpy.org/doc/stable/reference/generated/numpy.ndarray.argpartition.html]
[numpy.org/doc/stable/reference/generated/numpy.ndarray.searchsorted.html]
[numpy.org/doc/stable/reference/generated/numpy.ndarray.nonzero.html]
[numpy.org/doc/stable/reference/generated/numpy.ndarray.compress.html]
[numpy.org/doc/stable/reference/generated/numpy.ndarray.diagonal.html]
[numpy.org/doc/stable/reference/generated/numpy.ndarray.max.html]
[numpy.org/doc/stable/reference/generated/numpy.ndarray.argmax.html]
[numpy.org/doc/stable/reference/generated/numpy.ndarray.min.html]
[numpy.org/doc/stable/reference/generated/numpy.ndarray.argmin.html]
[numpy.org/doc/stable/reference/generated/numpy.ndarray.clip.html]
[numpy.org/doc/stable/reference/generated/numpy.ndarray.conj.html]
[numpy.org/doc/stable/reference/generated/numpy.ndarray.round.html]
[numpy.org/doc/stable/reference/generated/numpy.ndarray.trace.html]
[numpy.org/doc/stable/reference/generated/numpy.ndarray.sum.html]
[numpy.org/doc/stable/reference/generated/numpy.ndarray.cumsum.html]
[numpy.org/doc/stable/reference/generated/numpy.ndarray.mean.html]
[numpy.org/doc/stable/reference/generated/numpy.ndarray.var.html]
[numpy.org/doc/stable/reference/generated/numpy.ndarray.std.html]
[numpy.org/doc/stable/reference/generated/numpy.ndarray.prod.html]
[numpy.org/doc/stable/reference/generated/numpy.ndarray.cumprod.html]
[numpy.org/doc/stable/reference/generated/numpy.ndarray.all.html]
[numpy.org/doc/stable/reference/generated/numpy.ndarray.any.html]
[numpy.org/doc/stable/reference/generated/numpy.ndarray.__lt__.html]
[numpy.org/doc/stable/reference/generated/numpy.ndarray.__le__.html]
[numpy.org/doc/stable/reference/generated/numpy.ndarray.__gt__.html]
[numpy.org/doc/stable/reference/generated/numpy.ndarray.__ge__.html]
[numpy.org/doc/stable/reference/generated/numpy.ndarray.__eq__.html]
[numpy.org/doc/stable/reference/generated/numpy.ndarray.__ne__.html]
[numpy.org/doc/stable/reference/generated/numpy.ndarray.__bool__.html]
[numpy.org/doc/stable/reference/generated/numpy.ndarray.__neg__.html]
[numpy.org/doc/stable/reference/generated/numpy.ndarray.__pos__.html]
[numpy.org/doc/stable/reference/generated/numpy.ndarray.__abs__.html]
[numpy.org/doc/stable/reference/generated/numpy.ndarray.__invert__.html]
[numpy.org/doc/stable/reference/generated/numpy.ndarray.__add__.html]
[numpy.org/doc/stable/reference/generated/numpy.ndarray.__sub__.html]
[numpy.org/doc/stable/reference/generated/numpy.ndarray.__mul__.html]
[numpy.org/doc/stable/reference/generated/numpy.ndarray.__truediv__.html]
[numpy.org/doc/stable/reference/generated/numpy.ndarray.__floordiv__.html]
[numpy.org/doc/stable/reference/generated/numpy.ndarray.__mod__.html]
[numpy.org/doc/stable/reference/generated/numpy.ndarray.__divmod__.html]
[numpy.org/doc/stable/reference/generated/numpy.ndarray.__pow__.html]
[numpy.org/doc/stable/reference/generated/numpy.ndarray.__lshift__.html]
[numpy.org/doc/stable/reference/generated/numpy.ndarray.__rshift__.html]
[numpy.org/doc/stable/reference/generated/numpy.ndarray.__and__.html]
[numpy.org/doc/stable/reference/generated/numpy.ndarray.__or__.html]
[numpy.org/doc/stable/reference/generated/numpy.ndarray.__xor__.html]
[numpy.org/doc/stable/reference/generated/numpy.ndarray.__iadd__.html]
[numpy.org/doc/stable/reference/generated/numpy.ndarray.__isub__.html]
[numpy.org/doc/stable/reference/generated/numpy.ndarray.__imul__.html]
[numpy.org/doc/stable/reference/generated/numpy.ndarray.__itruediv__.html]
[numpy.org/doc/stable/reference/generated/numpy.ndarray.__ifloordiv__.html]
[numpy.org/doc/stable/reference/generated/numpy.ndarray.__imod__.html]
[numpy.org/doc/stable/reference/generated/numpy.ndarray.__ipow__.html]
[numpy.org/doc/stable/reference/generated/numpy.ndarray.__ilshift__.html]
[numpy.org/doc/stable/reference/generated/numpy.ndarray.__irshift__.html]
[numpy.org/doc/stable/reference/generated/numpy.ndarray.__iand__.html]
[numpy.org/doc/stable/reference/generated/numpy.ndarray.__ior__.html]
[numpy.org/doc/stable/reference/generated/numpy.ndarray.__ixor__.html]
[numpy.org/doc/stable/reference/generated/numpy.ndarray.__matmul__.html]
[numpy.org/doc/stable/reference/generated/numpy.ndarray.__copy__.html]
[numpy.org/doc/stable/reference/generated/numpy.ndarray.__deepcopy__.html]
[numpy.org/doc/stable/reference/generated/numpy.ndarray.__reduce__.html]
[numpy.org/doc/stable/reference/generated/numpy.ndarray.__setstate__.html]
[numpy.org/doc/stable/reference/generated/numpy.ndarray.__new__.html]
[numpy.org/doc/stable/reference/generated/numpy.ndarray.__array__.html]
[numpy.org/doc/stable/reference/generated/numpy.ndarray.__array_wrap__.html]
[numpy.org/doc/stable/reference/generated/numpy.ndarray.__len__.html]
[numpy.org/doc/stable/reference/generated/numpy.ndarray.__getitem__.html]
[numpy.org/doc/stable/reference/generated/numpy.ndarray.__setitem__.html]
[numpy.org/doc/stable/reference/generated/numpy.ndarray.__contains__.html]
[numpy.org/doc/stable/reference/generated/numpy.ndarray.__int__.html]
[numpy.org/doc/stable/reference/generated/numpy.ndarray.__float__.html]
[numpy.org/doc/stable/reference/generated/numpy.ndarray.__complex__.html]
[numpy.org/doc/stable/reference/generated/numpy.ndarray.__str__.html]
[numpy.org/doc/stable/reference/generated/numpy.ndarray.__repr__.html]
[numpy.org/doc/stable/reference/generated/numpy.ndarray.__class_getitem__.html]
[numpy.org/doc/stable/reference/generated/numpy.all.html]
[numpy.org/doc/stable/reference/generated/numpy.any.html]
[numpy.org/doc/stable/reference/generated/numpy.argmax.html]
[numpy.org/doc/stable/reference/generated/numpy.argmin.html]
[numpy.org/doc/stable/reference/generated/numpy.argpartition.html]
[numpy.org/doc/stable/reference/generated/numpy.argsort.html]
[numpy.org/doc/stable/reference/generated/numpy.choose.html]
[numpy.org/doc/stable/reference/generated/numpy.clip.html]
[numpy.org/doc/stable/reference/generated/numpy.compress.html]
[numpy.org/doc/stable/reference/generated/numpy.copy.html]
[numpy.org/doc/stable/reference/generated/numpy.cumprod.html]
[numpy.org/doc/stable/reference/generated/numpy.cumsum.html]
[numpy.org/doc/stable/reference/generated/numpy.diagonal.html]
[numpy.org/doc/stable/reference/generated/numpy.imag.html]
[numpy.org/doc/stable/reference/generated/numpy.amax.html]
[numpy.org/doc/stable/reference/generated/numpy.mean.html]
[numpy.org/doc/stable/reference/generated/numpy.amin.html]
[numpy.org/doc/stable/reference/generated/numpy.nonzero.html]
[numpy.org/doc/stable/reference/generated/numpy.partition.html]
[numpy.org/doc/stable/reference/generated/numpy.prod.html]
[numpy.org/doc/stable/reference/generated/numpy.put.html]
[numpy.org/doc/stable/reference/generated/numpy.ravel.html]
[numpy.org/doc/stable/reference/generated/numpy.real.html]
[numpy.org/doc/stable/reference/generated/numpy.repeat.html]
[numpy.org/doc/stable/reference/generated/numpy.reshape.html]
[numpy.org/doc/stable/reference/generated/numpy.around.html]
[numpy.org/doc/stable/reference/generated/numpy.searchsorted.html]
[numpy.org/doc/stable/reference/generated/numpy.sort.html]
[numpy.org/doc/stable/reference/generated/numpy.squeeze.html]
[numpy.org/doc/stable/reference/generated/numpy.std.html]
[numpy.org/doc/stable/reference/generated/numpy.sum.html]
[numpy.org/doc/stable/reference/generated/numpy.swapaxes.html]
[numpy.org/doc/stable/reference/generated/numpy.take.html]
[numpy.org/doc/stable/reference/generated/numpy.trace.html]
[numpy.org/doc/stable/reference/generated/numpy.transpose.html]
[numpy.org/doc/stable/reference/generated/numpy.var.html]
[numpy.org/doc/stable/reference/generated/numpy.pow.html]
[numpy.org/doc/stable/reference/arrays.ndarray.html]
[numpy.org/cdn-cgi/scripts/5c5dd728/cloudflare-static/email-decode.min.js]
[numpy.org/doc/stable/reference/generated/numpy.generic.flags.html]
[numpy.org/doc/stable/reference/generated/numpy.generic.shape.html]
[numpy.org/doc/stable/reference/generated/numpy.generic.strides.html]
[numpy.org/doc/stable/reference/generated/numpy.generic.ndim.html]
[numpy.org/doc/stable/reference/generated/numpy.generic.data.html]
[numpy.org/doc/stable/reference/generated/numpy.generic.size.html]
[numpy.org/doc/stable/reference/generated/numpy.generic.itemsize.html]
[numpy.org/doc/stable/reference/generated/numpy.generic.base.html]
[numpy.org/doc/stable/reference/generated/numpy.generic.dtype.html]
[numpy.org/doc/stable/reference/generated/numpy.generic.real.html]
[numpy.org/doc/stable/reference/generated/numpy.generic.imag.html]
[numpy.org/doc/stable/reference/generated/numpy.generic.flat.html]
[numpy.org/doc/stable/reference/generated/numpy.generic.T.html]
[numpy.org/doc/stable/reference/generated/numpy.generic.__array_interface__.html]
[numpy.org/doc/stable/reference/generated/numpy.generic.__array_struct__.html]
[numpy.org/doc/stable/reference/generated/numpy.generic.__array_priority__.html]
[numpy.org/doc/stable/reference/generated/numpy.generic.__array_wrap__.html]
[numpy.org/doc/stable/reference/generated/numpy.generic.__array__.html]
[numpy.org/doc/stable/reference/generated/numpy.generic.squeeze.html]
[numpy.org/doc/stable/reference/generated/numpy.generic.byteswap.html]
[numpy.org/doc/stable/reference/generated/numpy.generic.__reduce__.html]
[numpy.org/doc/stable/reference/generated/numpy.generic.__setstate__.html]
[numpy.org/doc/stable/reference/generated/numpy.generic.setflags.html]
[numpy.org/doc/stable/reference/generated/numpy.number.__class_getitem__.html]
[numpy.org/doc/stable/_images/dtype-hierarchy.png]
[numpy.org/doc/stable/reference/generated/numpy.format_float_positional.html]
[numpy.org/doc/stable/reference/arrays.scalars.html]
[numpy.org/doc/stable/reference/generated/numpy.format_float_scientific.html]
[numpy.org/doc/stable/reference/generated/numpy.dtype.kind.html]
[numpy.org/doc/stable/reference/generated/numpy.dtype.char.html]
[numpy.org/doc/stable/reference/generated/numpy.dtype.num.html]
[numpy.org/doc/stable/reference/generated/numpy.dtype.str.html]
[numpy.org/doc/stable/reference/generated/numpy.dtype.name.html]
[numpy.org/doc/stable/reference/generated/numpy.dtype.itemsize.html]
[numpy.org/doc/stable/reference/generated/numpy.dtype.byteorder.html]
[numpy.org/doc/stable/reference/generated/numpy.dtype.fields.html]
[numpy.org/doc/stable/reference/generated/numpy.dtype.names.html]
[numpy.org/doc/stable/reference/generated/numpy.dtype.subdtype.html]
[numpy.org/doc/stable/reference/generated/numpy.dtype.shape.html]
[numpy.org/doc/stable/reference/generated/numpy.dtype.hasobject.html]
[numpy.org/doc/stable/reference/generated/numpy.dtype.flags.html]
[numpy.org/doc/stable/reference/generated/numpy.dtype.isbuiltin.html]
[numpy.org/doc/stable/reference/generated/numpy.dtype.isnative.html]
[numpy.org/doc/stable/reference/generated/numpy.dtype.descr.html]
[numpy.org/doc/stable/reference/generated/numpy.dtype.alignment.html]
[numpy.org/doc/stable/reference/generated/numpy.dtype.base.html]
[numpy.org/doc/stable/reference/generated/numpy.dtype.metadata.html]
[numpy.org/doc/stable/reference/generated/numpy.dtype.newbyteorder.html]
[numpy.org/doc/stable/reference/generated/numpy.dtype.__reduce__.html]
[numpy.org/doc/stable/reference/generated/numpy.dtype.__setstate__.html]
[numpy.org/doc/stable/reference/generated/numpy.dtype.__class_getitem__.html]
[numpy.org/doc/stable/reference/generated/numpy.dtype.__ge__.html]
[numpy.org/doc/stable/reference/generated/numpy.dtype.__gt__.html]
[numpy.org/doc/stable/reference/generated/numpy.dtype.__le__.html]
[numpy.org/doc/stable/reference/arrays.dtypes.html]
[numpy.org/doc/stable/reference/arrays.promotion.html]
[numpy.org/doc/stable/reference/generated/numpy.dtype.__lt__.html]
[numpy.org/doc/stable/reference/generated/numpy.nditer.html]
[numpy.org/doc/stable/reference/generated/numpy.nditer.close.html]
[numpy.org/doc/stable/reference/generated/numpy.outer.html]
[numpy.org/doc/stable/reference/arrays.nditer.html]
[numpy.org/doc/stable/reference/generated/numpy.nditer.operands.html]
[numpy.org/doc/stable/reference/generated/numpy.matrix.T.html]
[numpy.org/doc/stable/reference/generated/numpy.matrix.H.html]
[numpy.org/doc/stable/reference/generated/numpy.matrix.I.html]
[numpy.org/doc/stable/reference/generated/numpy.matrix.A.html]
[numpy.org/doc/stable/reference/generated/numpy.matrix.html]
[numpy.org/doc/stable/reference/generated/numpy.asmatrix.html]
[numpy.org/doc/stable/reference/generated/numpy.bmat.html]
[numpy.org/doc/stable/reference/generated/numpy.memmap.html]
[numpy.org/doc/stable/reference/generated/numpy.memmap.flush.html]
[numpy.org/doc/stable/reference/generated/numpy.char.chararray.html]
[numpy.org/doc/stable/reference/generated/numpy.char.array.html]
[numpy.org/doc/stable/reference/generated/numpy.record.html]
[numpy.org/doc/stable/reference/generated/numpy.lib.user_array.container.html]
[numpy.org/doc/stable/reference/generated/numpy.ndenumerate.html]
[numpy.org/doc/stable/reference/generated/numpy.broadcast.html]
[numpy.org/doc/stable/reference/generated/numpy.asarray.html]
[numpy.org/doc/stable/reference/generated/numpy.asanyarray.html]
[numpy.org/doc/stable/reference/generated/numpy.median.html]
[numpy.org/doc/stable/reference/arrays.classes.html]
[numpy.org/doc/stable/reference/generated/numpy.lib.mixins.NDArrayOperatorsMixin.html]
[numpy.org/doc/stable/reference/maskedarray.html]
[numpy.org/doc/stable/reference/generated/numpy.broadcast.reset.html]
[numpy.org/doc/stable/reference/generated/numpy.ma.MaskedArray.__setmask__.html]
[numpy.org/doc/stable/reference/arrays.interface.html]
[numpy.org/doc/stable/reference/generated/numpy.from_dlpack.html]
[numpy.org/doc/stable/reference/generated/numpy.arange.html]
[numpy.org/doc/stable/reference/generated/numpy.busday_offset.html]
[numpy.org/doc/stable/reference/generated/numpy.busdaycalendar.html]
[numpy.org/doc/stable/reference/generated/numpy.is_busday.html]
[numpy.org/doc/stable/reference/arrays.datetime.html]
[numpy.org/doc/stable/reference/constants.html]
[numpy.org/doc/stable/reference/generated/numpy.busday_count.html]
[numpy.org/doc/stable/reference/generated/numpy.empty.html]
[numpy.org/doc/stable/reference/generated/numpy.empty_like.html]
[numpy.org/doc/stable/reference/generated/numpy.eye.html]
[numpy.org/doc/stable/reference/generated/numpy.identity.html]
[numpy.org/doc/stable/reference/generated/numpy.ones.html]
[numpy.org/doc/stable/reference/generated/numpy.ones_like.html]
[numpy.org/doc/stable/reference/generated/numpy.zeros.html]
[numpy.org/doc/stable/reference/generated/numpy.zeros_like.html]
[numpy.org/doc/stable/reference/generated/numpy.full.html]
[numpy.org/doc/stable/reference/generated/numpy.full_like.html]
[numpy.org/doc/stable/reference/generated/numpy.ascontiguousarray.html]
[numpy.org/doc/stable/reference/generated/numpy.astype.html]
[numpy.org/doc/stable/reference/generated/numpy.frombuffer.html]
[numpy.org/doc/stable/reference/generated/numpy.fromfile.html]
[numpy.org/doc/stable/reference/generated/numpy.fromfunction.html]
[numpy.org/doc/stable/reference/generated/numpy.fromiter.html]
[numpy.org/doc/stable/reference/generated/numpy.fromstring.html]
[numpy.org/doc/stable/reference/generated/numpy.loadtxt.html]
[numpy.org/doc/stable/reference/generated/numpy.rec.array.html]
[numpy.org/doc/stable/reference/generated/numpy.rec.fromarrays.html]
[numpy.org/doc/stable/reference/generated/numpy.rec.fromrecords.html]
[numpy.org/doc/stable/reference/generated/numpy.rec.fromstring.html]
[numpy.org/doc/stable/reference/generated/numpy.rec.fromfile.html]
[numpy.org/doc/stable/reference/generated/numpy.char.asarray.html]
[numpy.org/doc/stable/reference/generated/numpy.linspace.html]
[numpy.org/doc/stable/reference/generated/numpy.logspace.html]
[numpy.org/doc/stable/reference/generated/numpy.geomspace.html]
[numpy.org/doc/stable/reference/generated/numpy.meshgrid.html]
[numpy.org/doc/stable/reference/generated/numpy.mgrid.html]
[numpy.org/doc/stable/reference/generated/numpy.ogrid.html]
[numpy.org/doc/stable/reference/generated/numpy.diag.html]
[numpy.org/doc/stable/reference/generated/numpy.diagflat.html]
[numpy.org/doc/stable/reference/generated/numpy.tri.html]
[numpy.org/doc/stable/reference/generated/numpy.tril.html]
[numpy.org/doc/stable/reference/generated/numpy.triu.html]
[numpy.org/doc/stable/reference/routines.array-creation.html]
[numpy.org/doc/stable/reference/generated/numpy.vander.html]
[numpy.org/doc/stable/reference/generated/numpy.copyto.html]
[numpy.org/doc/stable/reference/generated/numpy.ndim.html]
[numpy.org/doc/stable/reference/generated/numpy.shape.html]
[numpy.org/doc/stable/reference/generated/numpy.size.html]
[numpy.org/doc/stable/reference/generated/numpy.moveaxis.html]
[numpy.org/doc/stable/reference/generated/numpy.rollaxis.html]
[numpy.org/doc/stable/reference/generated/numpy.permute_dims.html]
[numpy.org/doc/stable/reference/generated/numpy.matrix_transpose.html]
[numpy.org/doc/stable/reference/generated/numpy.atleast_1d.html]
[numpy.org/doc/stable/reference/generated/numpy.atleast_2d.html]
[numpy.org/doc/stable/reference/generated/numpy.atleast_3d.html]
[numpy.org/doc/stable/reference/generated/numpy.broadcast_to.html]
[numpy.org/doc/stable/reference/generated/numpy.broadcast_arrays.html]
[numpy.org/doc/stable/reference/generated/numpy.expand_dims.html]
[numpy.org/doc/stable/reference/generated/numpy.asfortranarray.html]
[numpy.org/doc/stable/reference/generated/numpy.asarray_chkfinite.html]
[numpy.org/doc/stable/reference/generated/numpy.require.html]
[numpy.org/doc/stable/reference/generated/numpy.concatenate.html]
[numpy.org/doc/stable/reference/generated/numpy.concat.html]
[numpy.org/doc/stable/reference/generated/numpy.stack.html]
[numpy.org/doc/stable/reference/generated/numpy.block.html]
[numpy.org/doc/stable/reference/generated/numpy.vstack.html]
[numpy.org/doc/stable/reference/generated/numpy.hstack.html]
[numpy.org/doc/stable/reference/generated/numpy.dstack.html]
[numpy.org/doc/stable/reference/generated/numpy.column_stack.html]
[numpy.org/doc/stable/reference/generated/numpy.split.html]
[numpy.org/doc/stable/reference/generated/numpy.array_split.html]
[numpy.org/doc/stable/reference/generated/numpy.dsplit.html]
[numpy.org/doc/stable/reference/generated/numpy.hsplit.html]
[numpy.org/doc/stable/reference/generated/numpy.vsplit.html]
[numpy.org/doc/stable/reference/generated/numpy.unstack.html]
[numpy.org/doc/stable/reference/generated/numpy.tile.html]
[numpy.org/doc/stable/reference/generated/numpy.delete.html]
[numpy.org/doc/stable/reference/generated/numpy.insert.html]
[numpy.org/doc/stable/reference/generated/numpy.append.html]
[numpy.org/doc/stable/reference/generated/numpy.resize.html]
[numpy.org/doc/stable/reference/generated/numpy.trim_zeros.html]
[numpy.org/doc/stable/reference/generated/numpy.unique.html]
[numpy.org/doc/stable/reference/generated/numpy.pad.html]
[numpy.org/doc/stable/reference/generated/numpy.flip.html]
[numpy.org/doc/stable/reference/generated/numpy.fliplr.html]
[numpy.org/doc/stable/reference/generated/numpy.flipud.html]
[numpy.org/doc/stable/reference/generated/numpy.roll.html]
[numpy.org/doc/stable/reference/routines.array-manipulation.html]
[numpy.org/doc/stable/reference/generated/numpy.rot90.html]
[numpy.org/doc/stable/reference/generated/numpy.bitwise_invert.html]
[numpy.org/doc/stable/reference/generated/numpy.bitwise_left_shift.html]
[numpy.org/doc/stable/reference/generated/numpy.bitwise_right_shift.html]
[numpy.org/doc/stable/reference/generated/numpy.packbits.html]
[numpy.org/doc/stable/reference/generated/numpy.unpackbits.html]
[numpy.org/doc/stable/reference/routines.bitwise.html]
[numpy.org/doc/stable/reference/generated/numpy.binary_repr.html]
[numpy.org/doc/stable/reference/generated/numpy.strings.add.html]
[numpy.org/doc/stable/reference/random/examples/cffi.html]
[numpy.org/doc/stable/reference/generated/numpy.strings.center.html]
[numpy.org/doc/stable/reference/generated/numpy.strings.capitalize.html]
[numpy.org/doc/stable/reference/generated/numpy.strings.decode.html]
[numpy.org/doc/stable/reference/generated/numpy.strings.encode.html]
[numpy.org/doc/stable/reference/generated/numpy.strings.expandtabs.html]
[numpy.org/doc/stable/reference/generated/numpy.strings.ljust.html]
[numpy.org/doc/stable/reference/generated/numpy.strings.lower.html]
[numpy.org/doc/stable/reference/generated/numpy.strings.lstrip.html]
[numpy.org/doc/stable/reference/generated/numpy.strings.mod.html]
[numpy.org/doc/stable/reference/generated/numpy.strings.multiply.html]
[numpy.org/doc/stable/reference/generated/numpy.strings.partition.html]
[numpy.org/doc/stable/reference/generated/numpy.strings.replace.html]
[numpy.org/doc/stable/reference/generated/numpy.strings.rjust.html]
[numpy.org/doc/stable/reference/generated/numpy.strings.rpartition.html]
[numpy.org/doc/stable/reference/generated/numpy.strings.rstrip.html]
[numpy.org/doc/stable/reference/generated/numpy.strings.strip.html]
[numpy.org/doc/stable/reference/generated/numpy.strings.swapcase.html]
[numpy.org/doc/stable/reference/generated/numpy.strings.title.html]
[numpy.org/doc/stable/reference/generated/numpy.strings.translate.html]
[numpy.org/doc/stable/reference/generated/numpy.strings.zfill.html]
[numpy.org/doc/stable/reference/generated/numpy.strings.equal.html]
[numpy.org/doc/stable/reference/generated/numpy.strings.upper.html]
[numpy.org/doc/stable/reference/generated/numpy.strings.not_equal.html]
[numpy.org/doc/stable/reference/generated/numpy.strings.greater_equal.html]
[numpy.org/doc/stable/reference/generated/numpy.strings.greater.html]
[numpy.org/doc/stable/reference/generated/numpy.strings.less.html]
[numpy.org/doc/stable/reference/generated/numpy.strings.less_equal.html]
[numpy.org/doc/stable/reference/generated/numpy.strings.count.html]
[numpy.org/doc/stable/reference/generated/numpy.strings.endswith.html]
[numpy.org/doc/stable/reference/generated/numpy.strings.find.html]
[numpy.org/doc/stable/reference/generated/numpy.strings.index.html]
[numpy.org/doc/stable/reference/generated/numpy.strings.isalnum.html]
[numpy.org/doc/stable/reference/generated/numpy.strings.isalpha.html]
[numpy.org/doc/stable/reference/generated/numpy.strings.isdecimal.html]
[numpy.org/doc/stable/reference/generated/numpy.strings.isdigit.html]
[numpy.org/doc/stable/reference/generated/numpy.strings.islower.html]
[numpy.org/doc/stable/reference/generated/numpy.strings.isnumeric.html]
[numpy.org/doc/stable/reference/generated/numpy.strings.isspace.html]
[numpy.org/doc/stable/reference/generated/numpy.strings.istitle.html]
[numpy.org/doc/stable/reference/generated/numpy.strings.isupper.html]
[numpy.org/doc/stable/reference/generated/numpy.strings.rfind.html]
[numpy.org/doc/stable/reference/generated/numpy.strings.rindex.html]
[numpy.org/doc/stable/reference/generated/numpy.strings.startswith.html]
[numpy.org/doc/stable/reference/routines.strings.html]
[numpy.org/doc/stable/reference/generated/numpy.strings.str_len.html]
[numpy.org/doc/stable/reference/generated/numpy.datetime_as_string.html]
[numpy.org/doc/stable/reference/routines.datetime.html]
[numpy.org/doc/stable/reference/generated/numpy.datetime_data.html]
[numpy.org/doc/stable/reference/generated/numpy.promote_types.html]
[numpy.org/doc/stable/reference/generated/numpy.min_scalar_type.html]
[numpy.org/doc/stable/reference/generated/numpy.result_type.html]
[numpy.org/doc/stable/reference/generated/numpy.common_type.html]
[numpy.org/doc/stable/reference/generated/numpy.finfo.html]
[numpy.org/doc/stable/reference/generated/numpy.iinfo.html]
[numpy.org/doc/stable/reference/generated/numpy.isdtype.html]
[numpy.org/doc/stable/reference/generated/numpy.issubdtype.html]
[numpy.org/doc/stable/reference/generated/numpy.typename.html]
[numpy.org/doc/stable/reference/routines.dtype.html]
[numpy.org/doc/stable/reference/generated/numpy.mintypecode.html]
[numpy.org/doc/stable/reference/generated/numpy.emath.arccos.html]
[numpy.org/doc/stable/reference/generated/numpy.emath.arcsin.html]
[numpy.org/doc/stable/reference/generated/numpy.emath.arctanh.html]
[numpy.org/doc/stable/reference/generated/numpy.emath.log.html]
[numpy.org/doc/stable/reference/generated/numpy.emath.log2.html]
[numpy.org/doc/stable/reference/generated/numpy.emath.logn.html]
[numpy.org/doc/stable/reference/generated/numpy.emath.log10.html]
[numpy.org/doc/stable/reference/generated/numpy.emath.power.html]
[numpy.org/doc/stable/reference/routines.emath.html]
[numpy.org/doc/stable/reference/generated/numpy.emath.sqrt.html]
[numpy.org/doc/stable/reference/generated/numpy.seterr.html]
[numpy.org/doc/stable/reference/generated/numpy.geterr.html]
[numpy.org/doc/stable/reference/generated/numpy.seterrcall.html]
[numpy.org/doc/stable/reference/generated/numpy.geterrcall.html]
[numpy.org/doc/stable/reference/routines.err.html]
[numpy.org/doc/stable/reference/generated/numpy.errstate.html]
[numpy.org/doc/stable/reference/generated/numpy.exceptions.ComplexWarning.html]
[numpy.org/doc/stable/reference/generated/numpy.exceptions.VisibleDeprecationWarning.html]
[numpy.org/doc/stable/reference/generated/numpy.exceptions.RankWarning.html]
[numpy.org/doc/stable/reference/generated/numpy.exceptions.AxisError.html]
[numpy.org/doc/stable/reference/generated/numpy.exceptions.DTypePromotionError.html]
[numpy.org/doc/stable/reference/routines.exceptions.html]
[numpy.org/doc/stable/reference/generated/numpy.exceptions.TooHardError.html]
[numpy.org/doc/stable/reference/generated/numpy.fft.fft.html]
[numpy.org/doc/stable/reference/generated/numpy.fft.ifft.html]
[numpy.org/doc/stable/reference/generated/numpy.fft.fft2.html]
[numpy.org/doc/stable/reference/generated/numpy.fft.ifft2.html]
[numpy.org/doc/stable/reference/generated/numpy.fft.fftn.html]
[numpy.org/doc/stable/reference/generated/numpy.fft.ifftn.html]
[numpy.org/doc/stable/reference/generated/numpy.fft.rfft.html]
[numpy.org/doc/stable/reference/generated/numpy.fft.irfft.html]
[numpy.org/doc/stable/reference/generated/numpy.fft.rfft2.html]
[numpy.org/doc/stable/reference/generated/numpy.fft.irfft2.html]
[numpy.org/doc/stable/reference/generated/numpy.fft.rfftn.html]
[numpy.org/doc/stable/reference/generated/numpy.fft.irfftn.html]
[numpy.org/doc/stable/reference/generated/numpy.fft.hfft.html]
[numpy.org/doc/stable/reference/generated/numpy.fft.ihfft.html]
[numpy.org/doc/stable/reference/generated/numpy.fft.fftfreq.html]
[numpy.org/doc/stable/reference/generated/numpy.fft.rfftfreq.html]
[numpy.org/doc/stable/reference/generated/numpy.fft.fftshift.html]
[numpy.org/doc/stable/reference/routines.fft.html]
[numpy.org/doc/stable/reference/generated/numpy.fft.ifftshift.html]
[numpy.org/doc/stable/reference/generated/numpy.apply_along_axis.html]
[numpy.org/doc/stable/reference/generated/numpy.errstate.__call__.html]
[numpy.org/doc/stable/reference/generated/numpy.apply_over_axes.html]
[numpy.org/doc/stable/reference/generated/numpy.vectorize.html]
[numpy.org/doc/stable/reference/generated/numpy.frompyfunc.html]
[numpy.org/doc/stable/reference/routines.functional.html]
[numpy.org/doc/stable/reference/generated/numpy.piecewise.html]
[numpy.org/doc/stable/reference/generated/numpy.load.html]
[numpy.org/doc/stable/reference/generated/numpy.save.html]
[numpy.org/doc/stable/reference/generated/numpy.savez.html]
[numpy.org/doc/stable/reference/generated/numpy.savez_compressed.html]
[numpy.org/doc/stable/reference/generated/numpy.lib.npyio.NpzFile.html]
[numpy.org/doc/stable/reference/generated/numpy.savetxt.html]
[numpy.org/doc/stable/reference/generated/numpy.genfromtxt.html]
[numpy.org/doc/stable/reference/generated/numpy.fromregex.html]
[numpy.org/doc/stable/reference/generated/numpy.array2string.html]
[numpy.org/doc/stable/reference/generated/numpy.array_repr.html]
[numpy.org/doc/stable/reference/generated/numpy.array_str.html]
[numpy.org/doc/stable/reference/generated/numpy.lib.format.open_memmap.html]
[numpy.org/doc/stable/reference/generated/numpy.set_printoptions.html]
[numpy.org/doc/stable/reference/generated/numpy.get_printoptions.html]
[numpy.org/doc/stable/reference/generated/numpy.printoptions.html]
[numpy.org/doc/stable/reference/generated/numpy.base_repr.html]
[numpy.org/doc/stable/reference/generated/numpy.lib.npyio.DataSource.html]
[numpy.org/doc/stable/reference/routines.io.html]
[numpy.org/doc/stable/reference/generated/numpy.lib.format.html]
[numpy.org/doc/stable/reference/generated/numpy.c_.html]
[numpy.org/doc/stable/reference/generated/numpy.r_.html]
[numpy.org/doc/stable/reference/generated/numpy.s_.html]
[numpy.org/doc/stable/reference/generated/numpy.where.html]
[numpy.org/doc/stable/reference/generated/numpy.indices.html]
[numpy.org/doc/stable/reference/generated/numpy.ix_.html]
[numpy.org/doc/stable/reference/generated/numpy.ravel_multi_index.html]
[numpy.org/doc/stable/reference/generated/numpy.unravel_index.html]
[numpy.org/doc/stable/reference/generated/numpy.diag_indices.html]
[numpy.org/doc/stable/reference/generated/numpy.diag_indices_from.html]
[numpy.org/doc/stable/reference/generated/numpy.mask_indices.html]
[numpy.org/doc/stable/reference/generated/numpy.tril_indices.html]
[numpy.org/doc/stable/reference/generated/numpy.tril_indices_from.html]
[numpy.org/doc/stable/reference/generated/numpy.triu_indices.html]
[numpy.org/doc/stable/reference/generated/numpy.triu_indices_from.html]
[numpy.org/doc/stable/reference/generated/numpy.take_along_axis.html]
[numpy.org/doc/stable/reference/generated/numpy.select.html]
[numpy.org/doc/stable/reference/generated/numpy.place.html]
[numpy.org/doc/stable/reference/generated/numpy.put_along_axis.html]
[numpy.org/doc/stable/reference/generated/numpy.putmask.html]
[numpy.org/doc/stable/reference/generated/numpy.fill_diagonal.html]
[numpy.org/doc/stable/reference/generated/numpy.ndindex.html]
[numpy.org/doc/stable/reference/generated/numpy.nested_iters.html]
[numpy.org/doc/stable/reference/generated/numpy.flatiter.html]
[numpy.org/doc/stable/reference/routines.indexing.html]
[numpy.org/doc/stable/reference/generated/numpy.iterable.html]
[numpy.org/doc/stable/reference/generated/numpy.dot.html]
[numpy.org/doc/stable/reference/generated/numpy.linalg.multi_dot.html]
[numpy.org/doc/stable/reference/generated/numpy.vdot.html]
[numpy.org/doc/stable/reference/generated/numpy.vecdot.html]
[numpy.org/doc/stable/reference/generated/numpy.linalg.vecdot.html]
[numpy.org/doc/stable/reference/generated/numpy.inner.html]
[numpy.org/doc/stable/reference/generated/numpy.linalg.matmul.html]
[numpy.org/doc/stable/reference/generated/numpy.matvec.html]
[numpy.org/doc/stable/reference/generated/numpy.vecmat.html]
[numpy.org/doc/stable/reference/generated/numpy.tensordot.html]
[numpy.org/doc/stable/reference/generated/numpy.linalg.tensordot.html]
[numpy.org/doc/stable/reference/generated/numpy.einsum.html]
[numpy.org/doc/stable/reference/generated/numpy.einsum_path.html]
[numpy.org/doc/stable/reference/generated/numpy.linalg.matrix_power.html]
[numpy.org/doc/stable/reference/generated/numpy.kron.html]
[numpy.org/doc/stable/reference/generated/numpy.linalg.cross.html]
[numpy.org/doc/stable/reference/generated/numpy.linalg.cholesky.html]
[numpy.org/doc/stable/reference/generated/numpy.linalg.outer.html]
[numpy.org/doc/stable/reference/generated/numpy.linalg.qr.html]
[numpy.org/doc/stable/reference/generated/numpy.linalg.svd.html]
[numpy.org/doc/stable/reference/generated/numpy.linalg.svdvals.html]
[numpy.org/doc/stable/reference/generated/numpy.linalg.eig.html]
[numpy.org/doc/stable/reference/generated/numpy.linalg.eigh.html]
[numpy.org/doc/stable/reference/generated/numpy.linalg.eigvals.html]
[numpy.org/doc/stable/reference/generated/numpy.linalg.eigvalsh.html]
[numpy.org/doc/stable/reference/generated/numpy.linalg.norm.html]
[numpy.org/doc/stable/reference/generated/numpy.linalg.matrix_norm.html]
[numpy.org/doc/stable/reference/generated/numpy.linalg.vector_norm.html]
[numpy.org/doc/stable/reference/generated/numpy.linalg.cond.html]
[numpy.org/doc/stable/reference/generated/numpy.linalg.det.html]
[numpy.org/doc/stable/reference/generated/numpy.linalg.matrix_rank.html]
[numpy.org/doc/stable/reference/generated/numpy.linalg.slogdet.html]
[numpy.org/doc/stable/reference/generated/numpy.linalg.trace.html]
[numpy.org/doc/stable/reference/generated/numpy.linalg.solve.html]
[numpy.org/doc/stable/reference/generated/numpy.linalg.tensorsolve.html]
[numpy.org/doc/stable/reference/generated/numpy.linalg.lstsq.html]
[numpy.org/doc/stable/reference/generated/numpy.linalg.inv.html]
[numpy.org/doc/stable/reference/generated/numpy.linalg.pinv.html]
[numpy.org/doc/stable/reference/generated/numpy.linalg.tensorinv.html]
[numpy.org/doc/stable/reference/generated/numpy.linalg.diagonal.html]
[numpy.org/doc/stable/reference/generated/numpy.linalg.matrix_transpose.html]
[numpy.org/doc/stable/reference/routines.linalg.html]
[numpy.org/doc/stable/reference/generated/numpy.linalg.LinAlgError.html]
[numpy.org/doc/stable/reference/generated/numpy.isneginf.html]
[numpy.org/doc/stable/reference/generated/numpy.isposinf.html]
[numpy.org/doc/stable/reference/generated/numpy.iscomplex.html]
[numpy.org/doc/stable/reference/generated/numpy.iscomplexobj.html]
[numpy.org/doc/stable/reference/generated/numpy.isfortran.html]
[numpy.org/doc/stable/reference/generated/numpy.isreal.html]
[numpy.org/doc/stable/reference/generated/numpy.isrealobj.html]
[numpy.org/doc/stable/reference/generated/numpy.isscalar.html]
[numpy.org/doc/stable/reference/generated/numpy.allclose.html]
[numpy.org/doc/stable/reference/generated/numpy.isclose.html]
[numpy.org/doc/stable/reference/generated/numpy.array_equal.html]
[numpy.org/doc/stable/reference/routines.logic.html]
[numpy.org/doc/stable/reference/generated/numpy.array_equiv.html]
[numpy.org/doc/stable/reference/generated/numpy.ma.MaskType.html]
[numpy.org/doc/stable/reference/generated/numpy.ma.masked_array.html]
[numpy.org/doc/stable/reference/generated/numpy.ma.array.html]
[numpy.org/doc/stable/reference/generated/numpy.ma.copy.html]
[numpy.org/doc/stable/reference/generated/numpy.ma.frombuffer.html]
[numpy.org/doc/stable/reference/generated/numpy.ma.fromfunction.html]
[numpy.org/doc/stable/reference/generated/numpy.ma.MaskedArray.copy.html]
[numpy.org/doc/stable/reference/generated/numpy.ma.diagflat.html]
[numpy.org/doc/stable/reference/generated/numpy.ma.empty.html]
[numpy.org/doc/stable/reference/generated/numpy.ma.empty_like.html]
[numpy.org/doc/stable/reference/generated/numpy.ma.masked_all.html]
[numpy.org/doc/stable/reference/generated/numpy.ma.masked_all_like.html]
[numpy.org/doc/stable/reference/generated/numpy.ma.ones.html]
[numpy.org/doc/stable/reference/generated/numpy.ma.ones_like.html]
[numpy.org/doc/stable/reference/generated/numpy.ma.zeros.html]
[numpy.org/doc/stable/reference/generated/numpy.ma.zeros_like.html]
[numpy.org/doc/stable/reference/generated/numpy.ma.all.html]
[numpy.org/doc/stable/reference/generated/numpy.ma.any.html]
[numpy.org/doc/stable/reference/generated/numpy.ma.count.html]
[numpy.org/doc/stable/reference/generated/numpy.ma.count_masked.html]
[numpy.org/doc/stable/reference/generated/numpy.ma.getmask.html]
[numpy.org/doc/stable/reference/generated/numpy.ma.getmaskarray.html]
[numpy.org/doc/stable/reference/generated/numpy.ma.getdata.html]
[numpy.org/doc/stable/reference/generated/numpy.ma.nonzero.html]
[numpy.org/doc/stable/reference/generated/numpy.ma.shape.html]
[numpy.org/doc/stable/reference/generated/numpy.ma.size.html]
[numpy.org/doc/stable/reference/generated/numpy.ma.is_masked.html]
[numpy.org/doc/stable/reference/generated/numpy.ma.is_mask.html]
[numpy.org/doc/stable/reference/generated/numpy.ma.isMaskedArray.html]
[numpy.org/doc/stable/reference/generated/numpy.ma.isMA.html]
[numpy.org/doc/stable/reference/generated/numpy.ma.isarray.html]
[numpy.org/doc/stable/reference/generated/numpy.ma.isin.html]
[numpy.org/doc/stable/reference/generated/numpy.ma.in1d.html]
[numpy.org/doc/stable/reference/generated/numpy.ma.unique.html]
[numpy.org/doc/stable/reference/generated/numpy.ma.MaskedArray.all.html]
[numpy.org/doc/stable/reference/generated/numpy.ma.MaskedArray.any.html]
[numpy.org/doc/stable/reference/generated/numpy.ma.MaskedArray.count.html]
[numpy.org/doc/stable/reference/generated/numpy.ma.MaskedArray.nonzero.html]
[numpy.org/doc/stable/reference/generated/numpy.ma.ravel.html]
[numpy.org/doc/stable/reference/generated/numpy.ma.reshape.html]
[numpy.org/doc/stable/reference/generated/numpy.ma.resize.html]
[numpy.org/doc/stable/reference/generated/numpy.ma.MaskedArray.flatten.html]
[numpy.org/doc/stable/reference/generated/numpy.ma.MaskedArray.ravel.html]
[numpy.org/doc/stable/reference/generated/numpy.ma.MaskedArray.reshape.html]
[numpy.org/doc/stable/reference/generated/numpy.ma.MaskedArray.resize.html]
[numpy.org/doc/stable/reference/generated/numpy.ma.swapaxes.html]
[numpy.org/doc/stable/reference/generated/numpy.ma.transpose.html]
[numpy.org/doc/stable/reference/generated/numpy.ma.MaskedArray.swapaxes.html]
[numpy.org/doc/stable/reference/generated/numpy.ma.MaskedArray.transpose.html]
[numpy.org/doc/stable/reference/generated/numpy.ma.atleast_1d.html]
[numpy.org/doc/stable/reference/generated/numpy.ma.atleast_2d.html]
[numpy.org/doc/stable/reference/generated/numpy.ma.atleast_3d.html]
[numpy.org/doc/stable/reference/generated/numpy.ma.expand_dims.html]
[numpy.org/doc/stable/reference/generated/numpy.ma.squeeze.html]
[numpy.org/doc/stable/reference/generated/numpy.ma.MaskedArray.squeeze.html]
[numpy.org/doc/stable/reference/generated/numpy.ma.stack.html]
[numpy.org/doc/stable/reference/generated/numpy.ma.column_stack.html]
[numpy.org/doc/stable/reference/generated/numpy.ma.concatenate.html]
[numpy.org/doc/stable/reference/generated/numpy.ma.dstack.html]
[numpy.org/doc/stable/reference/generated/numpy.ma.hstack.html]
[numpy.org/doc/stable/reference/generated/numpy.ma.hsplit.html]
[numpy.org/doc/stable/reference/generated/numpy.ma.mr_.html]
[numpy.org/doc/stable/reference/generated/numpy.ma.vstack.html]
[numpy.org/doc/stable/reference/generated/numpy.ma.append.html]
[numpy.org/doc/stable/reference/generated/numpy.ma.make_mask.html]
[numpy.org/doc/stable/reference/generated/numpy.ma.make_mask_none.html]
[numpy.org/doc/stable/reference/generated/numpy.ma.mask_or.html]
[numpy.org/doc/stable/reference/generated/numpy.ma.make_mask_descr.html]
[numpy.org/doc/stable/reference/generated/numpy.ma.masked_array.mask.html]
[numpy.org/doc/stable/reference/generated/numpy.ma.ndenumerate.html]
[numpy.org/doc/stable/reference/generated/numpy.ma.flatnotmasked_contiguous.html]
[numpy.org/doc/stable/reference/generated/numpy.ma.flatnotmasked_edges.html]
[numpy.org/doc/stable/reference/generated/numpy.ma.notmasked_contiguous.html]
[numpy.org/doc/stable/reference/generated/numpy.ma.notmasked_edges.html]
[numpy.org/doc/stable/reference/generated/numpy.ma.clump_masked.html]
[numpy.org/doc/stable/reference/generated/numpy.ma.clump_unmasked.html]
[numpy.org/doc/stable/reference/generated/numpy.ma.mask_cols.html]
[numpy.org/doc/stable/reference/generated/numpy.ma.mask_rowcols.html]
[numpy.org/doc/stable/reference/generated/numpy.ma.mask_rows.html]
[numpy.org/doc/stable/reference/generated/numpy.ma.harden_mask.html]
[numpy.org/doc/stable/reference/generated/numpy.ma.soften_mask.html]
[numpy.org/doc/stable/reference/generated/numpy.ma.MaskedArray.harden_mask.html]
[numpy.org/doc/stable/reference/generated/numpy.ma.MaskedArray.soften_mask.html]
[numpy.org/doc/stable/reference/generated/numpy.ma.MaskedArray.shrink_mask.html]
[numpy.org/doc/stable/reference/generated/numpy.ma.MaskedArray.unshare_mask.html]
[numpy.org/doc/stable/reference/generated/numpy.ma.asarray.html]
[numpy.org/doc/stable/reference/generated/numpy.ma.asanyarray.html]
[numpy.org/doc/stable/reference/generated/numpy.ma.fix_invalid.html]
[numpy.org/doc/stable/reference/generated/numpy.ma.masked_equal.html]
[numpy.org/doc/stable/reference/generated/numpy.ma.masked_greater.html]
[numpy.org/doc/stable/reference/generated/numpy.ma.masked_greater_equal.html]
[numpy.org/doc/stable/reference/generated/numpy.ma.masked_inside.html]
[numpy.org/doc/stable/reference/generated/numpy.ma.masked_invalid.html]
[numpy.org/doc/stable/reference/generated/numpy.ma.masked_less.html]
[numpy.org/doc/stable/reference/generated/numpy.ma.masked_less_equal.html]
[numpy.org/doc/stable/reference/generated/numpy.ma.masked_not_equal.html]
[numpy.org/doc/stable/reference/generated/numpy.ma.masked_object.html]
[numpy.org/doc/stable/reference/generated/numpy.ma.masked_outside.html]
[numpy.org/doc/stable/reference/generated/numpy.ma.masked_values.html]
[numpy.org/doc/stable/reference/generated/numpy.ma.masked_where.html]
[numpy.org/doc/stable/reference/generated/numpy.ma.compress_cols.html]
[numpy.org/doc/stable/reference/generated/numpy.ma.compress_rowcols.html]
[numpy.org/doc/stable/reference/generated/numpy.ma.compress_rows.html]
[numpy.org/doc/stable/reference/generated/numpy.ma.compressed.html]
[numpy.org/doc/stable/reference/generated/numpy.ma.filled.html]
[numpy.org/doc/stable/reference/generated/numpy.ma.MaskedArray.compressed.html]
[numpy.org/doc/stable/reference/generated/numpy.ma.MaskedArray.filled.html]
[numpy.org/doc/stable/reference/generated/numpy.ma.MaskedArray.tofile.html]
[numpy.org/doc/stable/reference/generated/numpy.ma.MaskedArray.tolist.html]
[numpy.org/doc/stable/reference/generated/numpy.ma.MaskedArray.torecords.html]
[numpy.org/doc/stable/reference/generated/numpy.ma.MaskedArray.tobytes.html]
[numpy.org/doc/stable/reference/generated/numpy.ma.common_fill_value.html]
[numpy.org/doc/stable/reference/generated/numpy.ma.default_fill_value.html]
[numpy.org/doc/stable/reference/generated/numpy.ma.maximum_fill_value.html]
[numpy.org/doc/stable/reference/generated/numpy.ma.minimum_fill_value.html]
[numpy.org/doc/stable/reference/generated/numpy.ma.set_fill_value.html]
[numpy.org/doc/stable/reference/generated/numpy.ma.MaskedArray.get_fill_value.html]
[numpy.org/doc/stable/reference/generated/numpy.ma.MaskedArray.set_fill_value.html]
[numpy.org/doc/stable/reference/generated/numpy.ma.anom.html]
[numpy.org/doc/stable/reference/generated/numpy.ma.anomalies.html]
[numpy.org/doc/stable/reference/generated/numpy.ma.average.html]
[numpy.org/doc/stable/reference/generated/numpy.ma.conjugate.html]
[numpy.org/doc/stable/reference/generated/numpy.ma.corrcoef.html]
[numpy.org/doc/stable/reference/generated/numpy.ma.cov.html]
[numpy.org/doc/stable/reference/generated/numpy.ma.cumsum.html]
[numpy.org/doc/stable/reference/generated/numpy.ma.cumprod.html]
[numpy.org/doc/stable/reference/generated/numpy.ma.mean.html]
[numpy.org/doc/stable/reference/generated/numpy.ma.median.html]
[numpy.org/doc/stable/reference/generated/numpy.ma.power.html]
[numpy.org/doc/stable/reference/generated/numpy.ma.prod.html]
[numpy.org/doc/stable/reference/generated/numpy.ma.std.html]
[numpy.org/doc/stable/reference/generated/numpy.ma.sum.html]
[numpy.org/doc/stable/reference/generated/numpy.ma.var.html]
[numpy.org/doc/stable/reference/generated/numpy.ma.MaskedArray.anom.html]
[numpy.org/doc/stable/reference/generated/numpy.ma.MaskedArray.cumprod.html]
[numpy.org/doc/stable/reference/generated/numpy.ma.MaskedArray.cumsum.html]
[numpy.org/doc/stable/reference/generated/numpy.ma.MaskedArray.mean.html]
[numpy.org/doc/stable/reference/generated/numpy.ma.MaskedArray.prod.html]
[numpy.org/doc/stable/reference/generated/numpy.ma.MaskedArray.std.html]
[numpy.org/doc/stable/reference/generated/numpy.ma.MaskedArray.sum.html]
[numpy.org/doc/stable/reference/generated/numpy.ma.MaskedArray.var.html]
[numpy.org/doc/stable/reference/generated/numpy.ma.argmax.html]
[numpy.org/doc/stable/reference/generated/numpy.ma.argmin.html]
[numpy.org/doc/stable/reference/generated/numpy.ma.max.html]
[numpy.org/doc/stable/reference/generated/numpy.ma.min.html]
[numpy.org/doc/stable/reference/generated/numpy.ma.ptp.html]
[numpy.org/doc/stable/reference/generated/numpy.ma.diff.html]
[numpy.org/doc/stable/reference/generated/numpy.ma.MaskedArray.argmax.html]
[numpy.org/doc/stable/reference/generated/numpy.ma.MaskedArray.argmin.html]
[numpy.org/doc/stable/reference/generated/numpy.ma.MaskedArray.max.html]
[numpy.org/doc/stable/reference/generated/numpy.ma.MaskedArray.min.html]
[numpy.org/doc/stable/reference/generated/numpy.ma.MaskedArray.ptp.html]
[numpy.org/doc/stable/reference/generated/numpy.ma.argsort.html]
[numpy.org/doc/stable/reference/generated/numpy.ma.sort.html]
[numpy.org/doc/stable/reference/generated/numpy.ma.MaskedArray.argsort.html]
[numpy.org/doc/stable/reference/generated/numpy.ma.MaskedArray.sort.html]
[numpy.org/doc/stable/reference/generated/numpy.ma.diag.html]
[numpy.org/doc/stable/reference/generated/numpy.ma.dot.html]
[numpy.org/doc/stable/reference/generated/numpy.ma.identity.html]
[numpy.org/doc/stable/reference/generated/numpy.ma.inner.html]
[numpy.org/doc/stable/reference/generated/numpy.ma.innerproduct.html]
[numpy.org/doc/stable/reference/generated/numpy.ma.outer.html]
[numpy.org/doc/stable/reference/generated/numpy.ma.outerproduct.html]
[numpy.org/doc/stable/reference/generated/numpy.ma.trace.html]
[numpy.org/doc/stable/reference/generated/numpy.ma.MaskedArray.trace.html]
[numpy.org/doc/stable/reference/generated/numpy.ma.vander.html]
[numpy.org/doc/stable/reference/generated/numpy.ma.polyfit.html]
[numpy.org/doc/stable/reference/generated/numpy.ma.around.html]
[numpy.org/doc/stable/reference/generated/numpy.ma.clip.html]
[numpy.org/doc/stable/reference/generated/numpy.ma.round.html]
[numpy.org/doc/stable/reference/generated/numpy.ma.MaskedArray.clip.html]
[numpy.org/doc/stable/reference/generated/numpy.ma.MaskedArray.round.html]
[numpy.org/doc/stable/reference/generated/numpy.ma.intersect1d.html]
[numpy.org/doc/stable/reference/generated/numpy.ma.setdiff1d.html]
[numpy.org/doc/stable/reference/generated/numpy.ma.setxor1d.html]
[numpy.org/doc/stable/reference/generated/numpy.ma.union1d.html]
[numpy.org/doc/stable/reference/generated/numpy.ma.allequal.html]
[numpy.org/doc/stable/reference/generated/numpy.ma.allclose.html]
[numpy.org/doc/stable/reference/generated/numpy.ma.amax.html]
[numpy.org/doc/stable/reference/generated/numpy.ma.amin.html]
[numpy.org/doc/stable/reference/generated/numpy.ma.apply_along_axis.html]
[numpy.org/doc/stable/reference/generated/numpy.ma.apply_over_axes.html]
[numpy.org/doc/stable/reference/generated/numpy.ma.arange.html]
[numpy.org/doc/stable/reference/generated/numpy.ma.choose.html]
[numpy.org/doc/stable/reference/generated/numpy.ma.compress_nd.html]
[numpy.org/doc/stable/reference/generated/numpy.ma.convolve.html]
[numpy.org/doc/stable/reference/generated/numpy.ma.correlate.html]
[numpy.org/doc/stable/reference/generated/numpy.ma.ediff1d.html]
[numpy.org/doc/stable/reference/generated/numpy.ma.flatten_mask.html]
[numpy.org/doc/stable/reference/generated/numpy.ma.flatten_structured_array.html]
[numpy.org/doc/stable/reference/generated/numpy.ma.fromflex.html]
[numpy.org/doc/stable/reference/generated/numpy.ma.indices.html]
[numpy.org/doc/stable/reference/generated/numpy.ma.left_shift.html]
[numpy.org/doc/stable/reference/generated/numpy.ma.ndim.html]
[numpy.org/doc/stable/reference/generated/numpy.ma.put.html]
[numpy.org/doc/stable/reference/generated/numpy.ma.putmask.html]
[numpy.org/doc/stable/reference/generated/numpy.ma.right_shift.html]
[numpy.org/doc/stable/reference/generated/numpy.ma.round_.html]
[numpy.org/doc/stable/reference/generated/numpy.ma.take.html]
[numpy.org/doc/stable/reference/routines.ma.html]
[numpy.org/doc/stable/reference/generated/numpy.ma.where.html]
[numpy.org/doc/stable/reference/generated/numpy.asin.html]
[numpy.org/doc/stable/reference/generated/numpy.acos.html]
[numpy.org/doc/stable/reference/generated/numpy.atan.html]
[numpy.org/doc/stable/reference/generated/numpy.atan2.html]
[numpy.org/doc/stable/reference/generated/numpy.unwrap.html]
[numpy.org/doc/stable/reference/generated/numpy.asinh.html]
[numpy.org/doc/stable/reference/generated/numpy.acosh.html]
[numpy.org/doc/stable/reference/generated/numpy.atanh.html]
[numpy.org/doc/stable/reference/generated/numpy.round.html]
[numpy.org/doc/stable/reference/generated/numpy.fix.html]
[numpy.org/doc/stable/reference/generated/numpy.nanprod.html]
[numpy.org/doc/stable/reference/generated/numpy.nansum.html]
[numpy.org/doc/stable/reference/generated/numpy.cumulative_sum.html]
[numpy.org/doc/stable/reference/generated/numpy.cumulative_prod.html]
[numpy.org/doc/stable/reference/generated/numpy.nancumprod.html]
[numpy.org/doc/stable/reference/generated/numpy.nancumsum.html]
[numpy.org/doc/stable/reference/generated/numpy.diff.html]
[numpy.org/doc/stable/reference/generated/numpy.ediff1d.html]
[numpy.org/doc/stable/reference/generated/numpy.gradient.html]
[numpy.org/doc/stable/reference/generated/numpy.cross.html]
[numpy.org/doc/stable/reference/generated/numpy.trapezoid.html]
[numpy.org/doc/stable/reference/generated/numpy.i0.html]
[numpy.org/doc/stable/reference/generated/numpy.sinc.html]
[numpy.org/doc/stable/reference/generated/numpy.angle.html]
[numpy.org/doc/stable/reference/generated/numpy.max.html]
[numpy.org/doc/stable/reference/generated/numpy.nanmax.html]
[numpy.org/doc/stable/reference/generated/numpy.min.html]
[numpy.org/doc/stable/reference/generated/numpy.nanmin.html]
[numpy.org/doc/stable/reference/generated/numpy.convolve.html]
[numpy.org/doc/stable/reference/generated/numpy.nan_to_num.html]
[numpy.org/doc/stable/reference/generated/numpy.real_if_close.html]
[numpy.org/doc/stable/reference/generated/numpy.interp.html]
[numpy.org/doc/stable/reference/routines.math.html]
[numpy.org/doc/stable/reference/generated/numpy.bitwise_count.html]
[numpy.org/doc/stable/reference/generated/numpy.setbufsize.html]
[numpy.org/doc/stable/reference/generated/numpy.getbufsize.html]
[numpy.org/doc/stable/reference/generated/numpy.shares_memory.html]
[numpy.org/doc/stable/reference/generated/numpy.may_share_memory.html]
[numpy.org/doc/stable/reference/generated/numpy.get_include.html]
[numpy.org/doc/stable/reference/generated/numpy.show_config.html]
[numpy.org/doc/stable/reference/generated/numpy.show_runtime.html]
[numpy.org/doc/stable/reference/generated/numpy.broadcast_shapes.html]
[numpy.org/doc/stable/reference/routines.other.html]
[numpy.org/doc/stable/reference/generated/numpy.info.html]
[numpy.org/doc/stable/reference/routines.polynomials.classes.html]
[numpy.org/doc/stable/reference/routines.polynomials.polynomial.html]
[numpy.org/doc/stable/reference/routines.polynomials.chebyshev.html]
[numpy.org/doc/stable/reference/routines.polynomials.hermite.html]
[numpy.org/doc/stable/reference/routines.polynomials.hermite_e.html]
[numpy.org/doc/stable/reference/routines.polynomials.laguerre.html]
[numpy.org/doc/stable/reference/routines.polynomials.legendre.html]
[numpy.org/doc/stable/reference/routines.polynomials.polyutils.html]
[numpy.org/doc/stable/reference/routines.polynomials.poly1d.html]
[numpy.org/doc/stable/reference/generated/numpy.poly1d.html]
[numpy.org/doc/stable/reference/generated/numpy.polyadd.html]
[numpy.org/doc/stable/reference/generated/numpy.polyval.html]
[numpy.org/doc/stable/reference/generated/numpy.polyfit.html]
[numpy.org/doc/stable/reference/generated/numpy.polynomial.polynomial.Polynomial.html]
[numpy.org/doc/stable/reference/generated/numpy.polynomial.chebyshev.Chebyshev.html]
[numpy.org/doc/stable/reference/generated/numpy.poly.html]
[numpy.org/doc/stable/reference/routines.polynomials-2.html]
[numpy.org/doc/stable/reference/generated/numpy.polynomial.polynomial.Polynomial.fit.html]
[numpy.org/doc/stable/reference/routines.polynomials.html]
[numpy.org/doc/stable/reference/generated/numpy.polynomial.polynomial.Polynomial.convert.html]
[numpy.org/doc/stable/reference/random/generator.html]
[numpy.org/doc/stable/reference/generated/numpy.polynomial.set_default_printstyle.html]
[numpy.org/doc/stable/reference/random/legacy.html]
[numpy.org/doc/stable/reference/random/bit_generators/index.html]
[numpy.org/doc/stable/reference/random/upgrading-pcg64.html]
[numpy.org/doc/stable/reference/random/compatibility.html]
[numpy.org/doc/stable/reference/random/parallel.html]
[numpy.org/doc/stable/reference/random/multithreading.html]
[numpy.org/doc/stable/reference/random/new-or-different.html]
[numpy.org/doc/stable/reference/random/performance.html]
[numpy.org/doc/stable/reference/random/c-api.html]
[numpy.org/doc/stable/reference/random/extending.html]
[numpy.org/doc/stable/reference/random/bit_generators/generated/numpy.random.SeedSequence.html]
[numpy.org/doc/stable/reference/random/bit_generators/generated/numpy.random.BitGenerator.html]
[numpy.org/doc/stable/reference/random/bit_generators/pcg64.html]
[numpy.org/doc/stable/reference/random/index.html]
[numpy.org/doc/stable/reference/random/bit_generators/mt19937.html]
[numpy.org/doc/stable/reference/reference/routines.set]
[numpy.org/doc/stable/reference/generated/numpy.unique_all.html]
[numpy.org/doc/stable/reference/generated/numpy.polysub.html]
[numpy.org/doc/stable/reference/generated/numpy.unique_counts.html]
[numpy.org/doc/stable/reference/generated/numpy.unique_inverse.html]
[numpy.org/doc/stable/reference/generated/numpy.unique_values.html]
[numpy.org/doc/stable/reference/generated/numpy.in1d.html]
[numpy.org/doc/stable/reference/generated/numpy.intersect1d.html]
[numpy.org/doc/stable/reference/generated/numpy.isin.html]
[numpy.org/doc/stable/reference/generated/numpy.setdiff1d.html]
[numpy.org/doc/stable/reference/generated/numpy.setxor1d.html]
[numpy.org/doc/stable/reference/routines.set.html]
[numpy.org/doc/stable/reference/generated/numpy.union1d.html]
[numpy.org/doc/stable/reference/generated/numpy.lexsort.html]
[numpy.org/doc/stable/reference/generated/numpy.sort_complex.html]
[numpy.org/doc/stable/reference/generated/numpy.nanargmax.html]
[numpy.org/doc/stable/reference/generated/numpy.nanargmin.html]
[numpy.org/doc/stable/reference/generated/numpy.argwhere.html]
[numpy.org/doc/stable/reference/generated/numpy.flatnonzero.html]
[numpy.org/doc/stable/reference/generated/numpy.extract.html]
[numpy.org/doc/stable/reference/routines.sort.html]
[numpy.org/doc/stable/reference/generated/numpy.count_nonzero.html]
[numpy.org/doc/stable/reference/generated/numpy.ptp.html]
[numpy.org/doc/stable/reference/generated/numpy.percentile.html]
[numpy.org/doc/stable/reference/generated/numpy.nanpercentile.html]
[numpy.org/doc/stable/reference/generated/numpy.quantile.html]
[numpy.org/doc/stable/reference/generated/numpy.nanquantile.html]
[numpy.org/doc/stable/reference/generated/numpy.average.html]
[numpy.org/doc/stable/reference/generated/numpy.nanmedian.html]
[numpy.org/doc/stable/reference/generated/numpy.nanmean.html]
[numpy.org/doc/stable/reference/generated/numpy.nanstd.html]
[numpy.org/doc/stable/reference/generated/numpy.nanvar.html]
[numpy.org/doc/stable/reference/generated/numpy.corrcoef.html]
[numpy.org/doc/stable/reference/generated/numpy.correlate.html]
[numpy.org/doc/stable/reference/generated/numpy.cov.html]
[numpy.org/doc/stable/reference/generated/numpy.histogram.html]
[numpy.org/doc/stable/reference/generated/numpy.histogram2d.html]
[numpy.org/doc/stable/reference/generated/numpy.histogramdd.html]
[numpy.org/doc/stable/reference/generated/numpy.bincount.html]
[numpy.org/doc/stable/reference/generated/numpy.histogram_bin_edges.html]
[numpy.org/doc/stable/reference/routines.statistics.html]
[numpy.org/doc/stable/reference/generated/numpy.digitize.html]
[numpy.org/doc/stable/reference/generated/numpy.testing.assert_allclose.html]
[numpy.org/doc/stable/reference/generated/numpy.testing.assert_array_almost_equal_nulp.html]
[numpy.org/doc/stable/reference/generated/numpy.testing.assert_array_max_ulp.html]
[numpy.org/doc/stable/reference/generated/numpy.testing.assert_array_equal.html]
[numpy.org/doc/stable/reference/generated/numpy.testing.assert_array_less.html]
[numpy.org/doc/stable/reference/generated/numpy.testing.assert_equal.html]
[numpy.org/doc/stable/reference/generated/numpy.testing.assert_raises.html]
[numpy.org/doc/stable/reference/generated/numpy.testing.assert_raises_regex.html]
[numpy.org/doc/stable/reference/generated/numpy.testing.assert_warns.html]
[numpy.org/doc/stable/reference/generated/numpy.testing.assert_no_warnings.html]
[numpy.org/doc/stable/reference/generated/numpy.testing.assert_no_gc_cycles.html]
[numpy.org/doc/stable/reference/generated/numpy.testing.assert_string_equal.html]
[numpy.org/doc/stable/reference/generated/numpy.testing.assert_.html]
[numpy.org/doc/stable/reference/generated/numpy.testing.assert_almost_equal.html]
[numpy.org/doc/stable/reference/generated/numpy.testing.assert_approx_equal.html]
[numpy.org/doc/stable/reference/generated/numpy.testing.assert_array_almost_equal.html]
[numpy.org/doc/stable/reference/generated/numpy.testing.print_assert_equal.html]
[numpy.org/doc/stable/reference/generated/numpy.testing.decorate_methods.html]
[numpy.org/doc/stable/reference/generated/numpy.testing.clear_and_catch_warnings.html]
[numpy.org/doc/stable/reference/generated/numpy.testing.measure.html]
[numpy.org/doc/stable/reference/generated/numpy.testing.rundocs.html]
[numpy.org/doc/stable/reference/generated/numpy.testing.suppress_warnings.html]
[numpy.org/doc/stable/reference/generated/numpy.testing.overrides.allows_array_function_override.html]
[numpy.org/doc/stable/reference/generated/numpy.testing.overrides.allows_array_ufunc_override.html]
[numpy.org/doc/stable/reference/generated/numpy.testing.overrides.get_overridable_numpy_ufuncs.html]
[numpy.org/doc/stable/reference/routines.testing.html]
[numpy.org/doc/stable/reference/generated/numpy.testing.overrides.get_overridable_numpy_array_functions.html]
[numpy.org/doc/stable/reference/generated/numpy.bartlett.html]
[numpy.org/doc/stable/reference/generated/numpy.blackman.html]
[numpy.org/doc/stable/reference/generated/numpy.hamming.html]
[numpy.org/doc/stable/reference/routines.window.html]
[numpy.org/doc/stable/reference/c-api/types-and-structures.html]
[numpy.org/doc/stable/reference/c-api/config.html]
[numpy.org/doc/stable/reference/c-api/dtype.html]
[numpy.org/doc/stable/reference/generated/numpy.hanning.html]
[numpy.org/doc/stable/reference/generated/numpy.ndarray.setfield.html]
[numpy.org/doc/stable/reference/c-api/array.html]
[numpy.org/doc/stable/reference/c-api/iterator.html]
[numpy.org/doc/stable/reference/c-api/ufunc.html]
[numpy.org/doc/stable/reference/c-api/generalized-ufuncs.html]
[numpy.org/doc/stable/reference/c-api/strings.html]
[numpy.org/doc/stable/reference/c-api/coremath.html]
[numpy.org/doc/stable/reference/c-api/datetimes.html]
[numpy.org/doc/stable/reference/c-api/deprecations.html]
[numpy.org/doc/stable/reference/c-api/data_memory.html]
[numpy.org/doc/stable/reference/generated/numpy.ndarray.conjugate.html]
[numpy.org/doc/stable/_static/file.png]
[numpy.org/doc/stable/_static/basic.css]
[numpy.org/doc/stable/reference/generated/numpy.polynomial.legendre.Legendre.html]
[numpy.org/doc/stable/reference/generated/numpy.polynomial.laguerre.Laguerre.html]
[numpy.org/doc/stable/reference/generated/numpy.polynomial.hermite.Hermite.html]
[numpy.org/doc/stable/reference/generated/numpy.polynomial.hermite_e.HermiteE.html]
[numpy.org/doc/stable/reference/generated/numpy.polynomial.chebyshev.Chebyshev.fit.html]
[numpy.org/doc/stable/reference/routines.polynomials-package.html]
[numpy.org/doc/stable/reference/routines.ctypeslib.html]
[numpy.org/doc/stable/reference/routines.dtypes.html]
[numpy.org/doc/stable/reference/generated/numpy.polynomial.chebyshev.chebfit.html]
[numpy.org/doc/stable/reference/generated/numpy.lib.add_docstring.html]
[numpy.org/doc/stable/reference/generated/numpy.lib.add_newdoc.html]
[numpy.org/doc/stable/reference/generated/numpy.lib.Arrayterator.html]
[numpy.org/doc/stable/reference/generated/numpy.lib.NumpyVersion.html]
[numpy.org/doc/stable/reference/generated/numpy.lib.array_utils.html]
[numpy.org/doc/stable/reference/generated/numpy.lib.introspect.html]
[numpy.org/doc/stable/reference/generated/numpy.lib.mixins.html]
[numpy.org/doc/stable/reference/generated/numpy.lib.npyio.html]
[numpy.org/doc/stable/reference/generated/numpy.lib.scimath.html]
[numpy.org/doc/stable/reference/routines.lib.html]
[numpy.org/doc/stable/reference/generated/numpy.lib.stride_tricks.html]
[numpy.org/doc/stable/reference/generated/numpy.lib.stride_tricks.sliding_window_view.html]
[numpy.org/doc/stable/reference/routines.rec.html]
[numpy.org/doc/stable/reference/routines.version.html]
[numpy.org/doc/stable/reference/generated/numpy.rec.find_duplicate.html]
[numpy.org/doc/stable/reference/generated/numpy.char.add.html]
[numpy.org/doc/stable/reference/generated/numpy.char.multiply.html]
[numpy.org/doc/stable/reference/generated/numpy.char.mod.html]
[numpy.org/doc/stable/reference/generated/numpy.char.capitalize.html]
[numpy.org/doc/stable/reference/generated/numpy.char.center.html]
[numpy.org/doc/stable/reference/generated/numpy.char.decode.html]
[numpy.org/doc/stable/reference/generated/numpy.char.encode.html]
[numpy.org/doc/stable/reference/generated/numpy.char.expandtabs.html]
[numpy.org/doc/stable/reference/generated/numpy.char.join.html]
[numpy.org/doc/stable/reference/generated/numpy.char.ljust.html]
[numpy.org/doc/stable/reference/generated/numpy.char.lower.html]
[numpy.org/doc/stable/reference/generated/numpy.char.lstrip.html]
[numpy.org/doc/stable/reference/generated/numpy.char.partition.html]
[numpy.org/doc/stable/reference/generated/numpy.char.replace.html]
[numpy.org/doc/stable/reference/generated/numpy.char.rjust.html]
[numpy.org/doc/stable/reference/generated/numpy.char.rpartition.html]
[numpy.org/doc/stable/reference/generated/numpy.char.rsplit.html]
[numpy.org/doc/stable/reference/generated/numpy.char.rstrip.html]
[numpy.org/doc/stable/reference/generated/numpy.char.split.html]
[numpy.org/doc/stable/reference/generated/numpy.char.splitlines.html]
[numpy.org/doc/stable/reference/generated/numpy.char.strip.html]
[numpy.org/doc/stable/reference/generated/numpy.char.swapcase.html]
[numpy.org/doc/stable/reference/generated/numpy.char.title.html]
[numpy.org/doc/stable/reference/generated/numpy.char.translate.html]
[numpy.org/doc/stable/reference/generated/numpy.char.upper.html]
[numpy.org/doc/stable/reference/generated/numpy.char.zfill.html]
[numpy.org/doc/stable/reference/generated/numpy.char.equal.html]
[numpy.org/doc/stable/reference/generated/numpy.char.not_equal.html]
[numpy.org/doc/stable/reference/generated/numpy.char.greater_equal.html]
[numpy.org/doc/stable/reference/generated/numpy.char.less_equal.html]
[numpy.org/doc/stable/reference/generated/numpy.char.greater.html]
[numpy.org/doc/stable/reference/generated/numpy.char.less.html]
[numpy.org/doc/stable/reference/generated/numpy.char.compare_chararrays.html]
[numpy.org/doc/stable/reference/generated/numpy.char.count.html]
[numpy.org/doc/stable/reference/generated/numpy.char.endswith.html]
[numpy.org/doc/stable/reference/generated/numpy.char.find.html]
[numpy.org/doc/stable/reference/generated/numpy.char.index.html]
[numpy.org/doc/stable/reference/generated/numpy.char.isalpha.html]
[numpy.org/doc/stable/reference/generated/numpy.char.isalnum.html]
[numpy.org/doc/stable/reference/generated/numpy.char.isdecimal.html]
[numpy.org/doc/stable/reference/generated/numpy.char.isdigit.html]
[numpy.org/doc/stable/reference/generated/numpy.char.islower.html]
[numpy.org/doc/stable/reference/generated/numpy.char.isnumeric.html]
[numpy.org/doc/stable/reference/generated/numpy.char.isspace.html]
[numpy.org/doc/stable/reference/generated/numpy.char.istitle.html]
[numpy.org/doc/stable/reference/generated/numpy.char.isupper.html]
[numpy.org/doc/stable/reference/generated/numpy.char.rfind.html]
[numpy.org/doc/stable/reference/generated/numpy.char.rindex.html]
[numpy.org/doc/stable/reference/generated/numpy.char.startswith.html]
[numpy.org/doc/stable/reference/routines.char.html]
[numpy.org/doc/stable/reference/generated/numpy.char.str_len.html]
[numpy.org/doc/stable/reference/generated/numpy.matlib.empty.html]
[numpy.org/doc/stable/reference/generated/numpy.matlib.zeros.html]
[numpy.org/doc/stable/reference/generated/numpy.matlib.ones.html]
[numpy.org/doc/stable/reference/generated/numpy.matlib.eye.html]
[numpy.org/doc/stable/reference/generated/numpy.matlib.identity.html]
[numpy.org/doc/stable/reference/generated/numpy.matlib.repmat.html]
[numpy.org/doc/stable/reference/routines.matlib.html]
[numpy.org/doc/stable/reference/generated/numpy.matlib.rand.html]
[numpy.org/doc/stable/reference/generated/numpy.matlib.randn.html]
[numpy.org/doc/stable/reference/random/generated/numpy.random.RandomState.randn.html]
[numpy.org/doc/stable/reference/maskedarray.generic.html]
[numpy.org/doc/stable/reference/generated/numpy.ma.MaskedArray.__array__.html]
[numpy.org/doc/stable/reference/generated/numpy.ma.MaskedArray.base.html]
[numpy.org/doc/stable/reference/generated/numpy.ma.MaskedArray.ctypes.html]
[numpy.org/doc/stable/reference/generated/numpy.ma.MaskedArray.dtype.html]
[numpy.org/doc/stable/reference/generated/numpy.ma.MaskedArray.flags.html]
[numpy.org/doc/stable/reference/generated/numpy.ma.MaskedArray.itemsize.html]
[numpy.org/doc/stable/reference/generated/numpy.ma.MaskedArray.nbytes.html]
[numpy.org/doc/stable/reference/generated/numpy.ma.MaskedArray.ndim.html]
[numpy.org/doc/stable/reference/generated/numpy.ma.MaskedArray.shape.html]
[numpy.org/doc/stable/reference/generated/numpy.ma.MaskedArray.size.html]
[numpy.org/doc/stable/reference/generated/numpy.ma.MaskedArray.strides.html]
[numpy.org/doc/stable/reference/generated/numpy.ma.MaskedArray.imag.html]
[numpy.org/doc/stable/reference/generated/numpy.ma.MaskedArray.real.html]
[numpy.org/doc/stable/reference/generated/numpy.ma.MaskedArray.flat.html]
[numpy.org/doc/stable/reference/generated/numpy.ma.MaskedArray.__array_priority__.html]
[numpy.org/doc/stable/reference/generated/numpy.ma.MaskedArray.__float__.html]
[numpy.org/doc/stable/reference/generated/numpy.ma.MaskedArray.__int__.html]
[numpy.org/doc/stable/reference/generated/numpy.ma.MaskedArray.view.html]
[numpy.org/doc/stable/reference/generated/numpy.ma.MaskedArray.astype.html]
[numpy.org/doc/stable/reference/generated/numpy.ma.MaskedArray.byteswap.html]
[numpy.org/doc/stable/reference/generated/numpy.ma.MaskedArray.toflex.html]
[numpy.org/doc/stable/reference/generated/numpy.ma.MaskedArray.tostring.html]
[numpy.org/doc/stable/reference/generated/numpy.ma.MaskedArray.T.html]
[numpy.org/doc/stable/reference/generated/numpy.ma.MaskedArray.choose.html]
[numpy.org/doc/stable/reference/generated/numpy.ma.MaskedArray.compress.html]
[numpy.org/doc/stable/reference/generated/numpy.ma.MaskedArray.diagonal.html]
[numpy.org/doc/stable/reference/generated/numpy.ma.MaskedArray.fill.html]
[numpy.org/doc/stable/reference/generated/numpy.ma.MaskedArray.item.html]
[numpy.org/doc/stable/reference/generated/numpy.ma.MaskedArray.put.html]
[numpy.org/doc/stable/reference/generated/numpy.ma.MaskedArray.repeat.html]
[numpy.org/doc/stable/reference/generated/numpy.ma.MaskedArray.searchsorted.html]
[numpy.org/doc/stable/reference/generated/numpy.ma.MaskedArray.take.html]
[numpy.org/doc/stable/reference/generated/numpy.ma.MaskedArray.dump.html]
[numpy.org/doc/stable/reference/generated/numpy.ma.MaskedArray.dumps.html]
[numpy.org/doc/stable/reference/generated/numpy.ma.MaskedArray.conj.html]
[numpy.org/doc/stable/reference/generated/numpy.ma.MaskedArray.conjugate.html]
[numpy.org/doc/stable/reference/generated/numpy.ma.MaskedArray.product.html]
[numpy.org/doc/stable/reference/generated/numpy.ma.MaskedArray.__lt__.html]
[numpy.org/doc/stable/reference/generated/numpy.ma.MaskedArray.__le__.html]
[numpy.org/doc/stable/reference/generated/numpy.ma.MaskedArray.__gt__.html]
[numpy.org/doc/stable/reference/generated/numpy.ma.MaskedArray.__ge__.html]
[numpy.org/doc/stable/reference/generated/numpy.ma.MaskedArray.__eq__.html]
[numpy.org/doc/stable/reference/generated/numpy.ma.MaskedArray.__ne__.html]
[numpy.org/doc/stable/reference/generated/numpy.ma.MaskedArray.__bool__.html]
[numpy.org/doc/stable/reference/generated/numpy.ma.MaskedArray.__abs__.html]
[numpy.org/doc/stable/reference/generated/numpy.ma.MaskedArray.__add__.html]
[numpy.org/doc/stable/reference/generated/numpy.ma.MaskedArray.__radd__.html]
[numpy.org/doc/stable/reference/generated/numpy.ma.MaskedArray.__sub__.html]
[numpy.org/doc/stable/reference/generated/numpy.ma.MaskedArray.__rsub__.html]
[numpy.org/doc/stable/reference/generated/numpy.ma.MaskedArray.__mul__.html]
[numpy.org/doc/stable/reference/generated/numpy.ma.MaskedArray.__rmul__.html]
[numpy.org/doc/stable/reference/generated/numpy.ma.MaskedArray.__div__.html]
[numpy.org/doc/stable/reference/generated/numpy.ma.MaskedArray.__truediv__.html]
[numpy.org/doc/stable/reference/generated/numpy.ma.MaskedArray.__rtruediv__.html]
[numpy.org/doc/stable/reference/generated/numpy.ma.MaskedArray.__floordiv__.html]
[numpy.org/doc/stable/reference/generated/numpy.ma.MaskedArray.__rfloordiv__.html]
[numpy.org/doc/stable/reference/generated/numpy.ma.MaskedArray.__mod__.html]
[numpy.org/doc/stable/reference/generated/numpy.ma.MaskedArray.__rmod__.html]
[numpy.org/doc/stable/reference/generated/numpy.ma.MaskedArray.__divmod__.html]
[numpy.org/doc/stable/reference/generated/numpy.ma.MaskedArray.__rdivmod__.html]
[numpy.org/doc/stable/reference/generated/numpy.ma.MaskedArray.__pow__.html]
[numpy.org/doc/stable/reference/generated/numpy.ma.MaskedArray.__rpow__.html]
[numpy.org/doc/stable/reference/generated/numpy.ma.MaskedArray.__lshift__.html]
[numpy.org/doc/stable/reference/generated/numpy.ma.MaskedArray.__rlshift__.html]
[numpy.org/doc/stable/reference/generated/numpy.ma.MaskedArray.__rshift__.html]
[numpy.org/doc/stable/reference/generated/numpy.ma.MaskedArray.__rrshift__.html]
[numpy.org/doc/stable/reference/generated/numpy.ma.MaskedArray.__and__.html]
[numpy.org/doc/stable/reference/generated/numpy.ma.MaskedArray.__rand__.html]
[numpy.org/doc/stable/reference/generated/numpy.ma.MaskedArray.__or__.html]
[numpy.org/doc/stable/reference/generated/numpy.ma.MaskedArray.__ror__.html]
[numpy.org/doc/stable/reference/generated/numpy.ma.MaskedArray.__xor__.html]
[numpy.org/doc/stable/reference/generated/numpy.ma.MaskedArray.__rxor__.html]
[numpy.org/doc/stable/reference/generated/numpy.ma.MaskedArray.__iadd__.html]
[numpy.org/doc/stable/reference/generated/numpy.ma.MaskedArray.__isub__.html]
[numpy.org/doc/stable/reference/generated/numpy.ma.MaskedArray.__imul__.html]
[numpy.org/doc/stable/reference/generated/numpy.ma.MaskedArray.__idiv__.html]
[numpy.org/doc/stable/reference/generated/numpy.ma.MaskedArray.__itruediv__.html]
[numpy.org/doc/stable/reference/generated/numpy.ma.MaskedArray.__ifloordiv__.html]
[numpy.org/doc/stable/reference/generated/numpy.ma.MaskedArray.__imod__.html]
[numpy.org/doc/stable/reference/generated/numpy.ma.MaskedArray.__ipow__.html]
[numpy.org/doc/stable/reference/generated/numpy.ma.MaskedArray.__ilshift__.html]
[numpy.org/doc/stable/reference/generated/numpy.ma.MaskedArray.__irshift__.html]
[numpy.org/doc/stable/reference/generated/numpy.ma.MaskedArray.__iand__.html]
[numpy.org/doc/stable/reference/generated/numpy.ma.MaskedArray.__ior__.html]
[numpy.org/doc/stable/reference/generated/numpy.ma.MaskedArray.__ixor__.html]
[numpy.org/doc/stable/reference/generated/numpy.ma.MaskedArray.__repr__.html]
[numpy.org/doc/stable/reference/generated/numpy.ma.MaskedArray.__str__.html]
[numpy.org/doc/stable/reference/generated/numpy.ma.MaskedArray.ids.html]
[numpy.org/doc/stable/reference/generated/numpy.ma.MaskedArray.iscontiguous.html]
[numpy.org/doc/stable/reference/generated/numpy.ma.MaskedArray.__copy__.html]
[numpy.org/doc/stable/reference/generated/numpy.ma.MaskedArray.__deepcopy__.html]
[numpy.org/doc/stable/reference/generated/numpy.ma.MaskedArray.__getstate__.html]
[numpy.org/doc/stable/reference/generated/numpy.ma.MaskedArray.__reduce__.html]
[numpy.org/doc/stable/reference/generated/numpy.ma.MaskedArray.__setstate__.html]
[numpy.org/doc/stable/reference/generated/numpy.ma.MaskedArray.__new__.html]
[numpy.org/doc/stable/reference/generated/numpy.ma.MaskedArray.__array_wrap__.html]
[numpy.org/doc/stable/reference/generated/numpy.ma.MaskedArray.__len__.html]
[numpy.org/doc/stable/reference/generated/numpy.ma.MaskedArray.__getitem__.html]
[numpy.org/doc/stable/reference/generated/numpy.ma.MaskedArray.__setitem__.html]
[numpy.org/doc/stable/reference/generated/numpy.ma.MaskedArray.__delitem__.html]
[numpy.org/doc/stable/reference/maskedarray.baseclass.html]
[numpy.org/doc/stable/reference/generated/numpy.ma.MaskedArray.__contains__.html]
[numpy.org/doc/stable/reference/generated/numpy.ufunc.__call__.html]
[numpy.org/doc/stable/reference/generated/numpy.ufunc.html]
[numpy.org/doc/stable/reference/generated/numpy.ufunc.nin.html]
[numpy.org/doc/stable/reference/generated/numpy.ufunc.nout.html]
[numpy.org/doc/stable/reference/generated/numpy.ufunc.nargs.html]
[numpy.org/doc/stable/reference/generated/numpy.ufunc.ntypes.html]
[numpy.org/doc/stable/reference/generated/numpy.ufunc.types.html]
[numpy.org/doc/stable/reference/generated/numpy.ufunc.identity.html]
[numpy.org/doc/stable/reference/generated/numpy.ufunc.signature.html]
[numpy.org/doc/stable/reference/generated/numpy.ufunc.reduce.html]
[numpy.org/doc/stable/reference/generated/numpy.ufunc.accumulate.html]
[numpy.org/doc/stable/reference/generated/numpy.ufunc.reduceat.html]
[numpy.org/doc/stable/reference/generated/numpy.ufunc.outer.html]
[numpy.org/doc/stable/reference/generated/numpy.ufunc.at.html]
[numpy.org/doc/stable/reference/generated/numpy.ndarray.html]
[numpy.org/doc/stable/reference/generated/numpy.can_cast.html]
[numpy.org/doc/stable/reference/generated/numpy.array.html]
[numpy.org/doc/stable/reference/generated/numpy.ufunc.resolve_dtypes.html]
[numpy.org/doc/stable/reference/generated/numpy.dtype.html]
[numpy.org/doc/stable/reference/generated/numpy.add.html]
[numpy.org/doc/stable/reference/generated/numpy.subtract.html]
[numpy.org/doc/stable/reference/generated/numpy.multiply.html]
[numpy.org/doc/stable/reference/generated/numpy.matmul.html]
[numpy.org/doc/stable/reference/generated/numpy.divide.html]
[numpy.org/doc/stable/reference/generated/numpy.logaddexp.html]
[numpy.org/doc/stable/reference/generated/numpy.logaddexp2.html]
[numpy.org/doc/stable/reference/generated/numpy.true_divide.html]
[numpy.org/doc/stable/reference/generated/numpy.floor_divide.html]
[numpy.org/doc/stable/reference/generated/numpy.negative.html]
[numpy.org/doc/stable/reference/generated/numpy.positive.html]
[numpy.org/doc/stable/reference/generated/numpy.power.html]
[numpy.org/doc/stable/reference/generated/numpy.float_power.html]
[numpy.org/doc/stable/reference/generated/numpy.remainder.html]
[numpy.org/doc/stable/reference/generated/numpy.mod.html]
[numpy.org/doc/stable/reference/generated/numpy.fmod.html]
[numpy.org/doc/stable/reference/generated/numpy.divmod.html]
[numpy.org/doc/stable/reference/generated/numpy.dtype.isalignedstruct.html]
[numpy.org/doc/stable/_images/numpy-absolute-1_00_00.png]
[numpy.org/doc/stable/_images/numpy-absolute-1_01_00.png]
[numpy.org/doc/stable/reference/generated/numpy.absolute.html]
[numpy.org/doc/stable/reference/generated/numpy.fabs.html]
[numpy.org/doc/stable/reference/generated/numpy.rint.html]
[numpy.org/doc/stable/reference/generated/numpy.sign.html]
[numpy.org/doc/stable/reference/generated/numpy.heaviside.html]
[numpy.org/doc/stable/reference/generated/numpy.conj.html]
[numpy.org/doc/stable/reference/generated/numpy.conjugate.html]
[numpy.org/doc/stable/_images/numpy-exp-1.png]
[numpy.org/doc/stable/reference/generated/numpy.exp.html]
[numpy.org/doc/stable/reference/generated/numpy.exp2.html]
[numpy.org/doc/stable/reference/generated/numpy.log.html]
[numpy.org/doc/stable/reference/generated/numpy.log2.html]
[numpy.org/doc/stable/reference/generated/numpy.log10.html]
[numpy.org/doc/stable/reference/generated/numpy.expm1.html]
[numpy.org/doc/stable/reference/generated/numpy.log1p.html]
[numpy.org/doc/stable/reference/generated/numpy.sqrt.html]
[numpy.org/doc/stable/reference/generated/numpy.square.html]
[numpy.org/doc/stable/reference/generated/numpy.cbrt.html]
[numpy.org/doc/stable/reference/generated/numpy.reciprocal.html]
[numpy.org/doc/stable/reference/generated/numpy.gcd.html]
[numpy.org/doc/stable/reference/generated/numpy.lcm.html]
[numpy.org/doc/stable/_images/numpy-sin-1.png]
[numpy.org/doc/stable/reference/generated/numpy.sin.html]
[numpy.org/doc/stable/reference/generated/numpy.cos.html]
[numpy.org/doc/stable/reference/generated/numpy.tan.html]
[numpy.org/doc/stable/reference/generated/numpy.arcsin.html]
[numpy.org/doc/stable/_images/numpy-arccos-1.png]
[numpy.org/doc/stable/reference/generated/numpy.arccos.html]
[numpy.org/doc/stable/_images/numpy-arctan-1.png]
[numpy.org/doc/stable/reference/generated/numpy.arctan.html]
[numpy.org/doc/stable/reference/generated/numpy.arctan2.html]
[numpy.org/doc/stable/reference/generated/numpy.hypot.html]
[numpy.org/doc/stable/reference/generated/numpy.sinh.html]
[numpy.org/doc/stable/_images/numpy-cosh-1.png]
[numpy.org/doc/stable/reference/generated/numpy.cosh.html]
[numpy.org/doc/stable/reference/generated/numpy.tanh.html]
[numpy.org/doc/stable/reference/generated/numpy.arcsinh.html]
[numpy.org/doc/stable/reference/generated/numpy.arccosh.html]
[numpy.org/doc/stable/reference/generated/numpy.arctanh.html]
[numpy.org/doc/stable/reference/generated/numpy.degrees.html]
[numpy.org/doc/stable/reference/generated/numpy.radians.html]
[numpy.org/doc/stable/reference/generated/numpy.deg2rad.html]
[numpy.org/doc/stable/reference/generated/numpy.rad2deg.html]
[numpy.org/doc/stable/reference/generated/numpy.bitwise_and.html]
[numpy.org/doc/stable/reference/generated/numpy.bitwise_or.html]
[numpy.org/doc/stable/reference/generated/numpy.bitwise_xor.html]
[numpy.org/doc/stable/reference/generated/numpy.invert.html]
[numpy.org/doc/stable/reference/generated/numpy.left_shift.html]
[numpy.org/doc/stable/reference/generated/numpy.right_shift.html]
[numpy.org/doc/stable/reference/generated/numpy.greater.html]
[numpy.org/doc/stable/reference/generated/numpy.greater_equal.html]
[numpy.org/doc/stable/reference/generated/numpy.less.html]
[numpy.org/doc/stable/reference/generated/numpy.less_equal.html]
[numpy.org/doc/stable/reference/generated/numpy.not_equal.html]
[numpy.org/doc/stable/reference/generated/numpy.equal.html]
[numpy.org/doc/stable/reference/generated/numpy.logical_and.html]
[numpy.org/doc/stable/reference/generated/numpy.logical_or.html]
[numpy.org/doc/stable/reference/generated/numpy.logical_xor.html]
[numpy.org/doc/stable/reference/generated/numpy.logical_not.html]
[numpy.org/doc/stable/reference/generated/numpy.maximum.html]
[numpy.org/doc/stable/reference/generated/numpy.minimum.html]
[numpy.org/doc/stable/reference/generated/numpy.fmax.html]
[numpy.org/doc/stable/reference/generated/numpy.fmin.html]
[numpy.org/doc/stable/reference/generated/numpy.isfinite.html]
[numpy.org/doc/stable/reference/generated/numpy.isinf.html]
[numpy.org/doc/stable/reference/generated/numpy.isnan.html]
[numpy.org/doc/stable/reference/generated/numpy.isnat.html]
[numpy.org/doc/stable/reference/generated/numpy.signbit.html]
[numpy.org/doc/stable/reference/generated/numpy.copysign.html]
[numpy.org/doc/stable/reference/generated/numpy.nextafter.html]
[numpy.org/doc/stable/reference/generated/numpy.spacing.html]
[numpy.org/doc/stable/reference/generated/numpy.modf.html]
[numpy.org/doc/stable/reference/generated/numpy.ldexp.html]
[numpy.org/doc/stable/reference/generated/numpy.frexp.html]
[numpy.org/doc/stable/reference/generated/numpy.floor.html]
[numpy.org/doc/stable/reference/generated/numpy.ceil.html]
[numpy.org/doc/stable/reference/generated/numpy.trunc.html]
[numpy.org/doc/stable/reference/testing.html]
[numpy.org/doc/stable/reference/generated/numpy.ndarray.view.html]
[numpy.org/doc/stable/reference/generated/numpy.recarray.all.html]
[numpy.org/doc/stable/reference/generated/numpy.recarray.any.html]
[numpy.org/doc/stable/reference/generated/numpy.recarray.argmax.html]
[numpy.org/doc/stable/reference/generated/numpy.recarray.argmin.html]
[numpy.org/doc/stable/reference/generated/numpy.recarray.argpartition.html]
[numpy.org/doc/stable/reference/generated/numpy.recarray.argsort.html]
[numpy.org/doc/stable/reference/generated/numpy.recarray.astype.html]
[numpy.org/doc/stable/reference/generated/numpy.recarray.byteswap.html]
[numpy.org/doc/stable/reference/generated/numpy.recarray.choose.html]
[numpy.org/doc/stable/reference/generated/numpy.recarray.clip.html]
[numpy.org/doc/stable/reference/generated/numpy.recarray.compress.html]
[numpy.org/doc/stable/reference/generated/numpy.recarray.conj.html]
[numpy.org/doc/stable/reference/generated/numpy.recarray.conjugate.html]
[numpy.org/doc/stable/reference/generated/numpy.recarray.copy.html]
[numpy.org/doc/stable/reference/generated/numpy.recarray.cumprod.html]
[numpy.org/doc/stable/reference/generated/numpy.recarray.cumsum.html]
[numpy.org/doc/stable/reference/generated/numpy.recarray.diagonal.html]
[numpy.org/doc/stable/reference/generated/numpy.recarray.dump.html]
[numpy.org/doc/stable/reference/generated/numpy.recarray.dumps.html]
[numpy.org/doc/stable/reference/generated/numpy.recarray.fill.html]
[numpy.org/doc/stable/reference/generated/numpy.recarray.flatten.html]
[numpy.org/doc/stable/reference/generated/numpy.recarray.getfield.html]
[numpy.org/doc/stable/reference/generated/numpy.recarray.item.html]
[numpy.org/doc/stable/reference/generated/numpy.recarray.max.html]
[numpy.org/doc/stable/reference/generated/numpy.recarray.mean.html]
[numpy.org/doc/stable/reference/generated/numpy.recarray.min.html]
[numpy.org/doc/stable/reference/generated/numpy.recarray.nonzero.html]
[numpy.org/doc/stable/reference/generated/numpy.recarray.partition.html]
[numpy.org/doc/stable/reference/generated/numpy.recarray.prod.html]
[numpy.org/doc/stable/reference/generated/numpy.recarray.put.html]
[numpy.org/doc/stable/reference/generated/numpy.recarray.ravel.html]
[numpy.org/doc/stable/reference/generated/numpy.recarray.repeat.html]
[numpy.org/doc/stable/reference/generated/numpy.recarray.reshape.html]
[numpy.org/doc/stable/reference/generated/numpy.recarray.resize.html]
[numpy.org/doc/stable/reference/generated/numpy.recarray.round.html]
[numpy.org/doc/stable/reference/generated/numpy.recarray.searchsorted.html]
[numpy.org/doc/stable/reference/generated/numpy.recarray.setfield.html]
[numpy.org/doc/stable/reference/generated/numpy.recarray.setflags.html]
[numpy.org/doc/stable/reference/generated/numpy.recarray.sort.html]
[numpy.org/doc/stable/reference/generated/numpy.recarray.squeeze.html]
[numpy.org/doc/stable/reference/generated/numpy.recarray.std.html]
[numpy.org/doc/stable/reference/generated/numpy.recarray.sum.html]
[numpy.org/doc/stable/reference/generated/numpy.recarray.swapaxes.html]
[numpy.org/doc/stable/reference/generated/numpy.recarray.take.html]
[numpy.org/doc/stable/reference/generated/numpy.recarray.tobytes.html]
[numpy.org/doc/stable/reference/generated/numpy.recarray.tofile.html]
[numpy.org/doc/stable/reference/generated/numpy.recarray.tolist.html]
[numpy.org/doc/stable/reference/generated/numpy.recarray.tostring.html]
[numpy.org/doc/stable/reference/generated/numpy.recarray.trace.html]
[numpy.org/doc/stable/reference/generated/numpy.recarray.transpose.html]
[numpy.org/doc/stable/reference/generated/numpy.recarray.var.html]
[numpy.org/doc/stable/reference/generated/numpy.recarray.view.html]
[numpy.org/doc/stable/reference/generated/numpy.recarray.strides.html]
[numpy.org/doc/stable/reference/generated/numpy.recarray.T.html]
[numpy.org/doc/stable/reference/generated/numpy.recarray.base.html]
[numpy.org/doc/stable/reference/generated/numpy.recarray.ctypes.html]
[numpy.org/doc/stable/reference/generated/numpy.recarray.data.html]
[numpy.org/doc/stable/reference/generated/numpy.recarray.flags.html]
[numpy.org/doc/stable/reference/generated/numpy.recarray.flat.html]
[numpy.org/doc/stable/reference/generated/numpy.recarray.itemsize.html]
[numpy.org/doc/stable/reference/generated/numpy.recarray.mT.html]
[numpy.org/doc/stable/reference/generated/numpy.recarray.html]
[numpy.org/doc/stable/reference/generated/numpy.rec.format_parser.html]
[numpy.org/doc/stable/reference/generated/numpy.dtype.type.html]
[numpy.org/doc/stable/reference/distutils/misc_util.html]
[numpy.org/doc/stable/reference/generated/numpy.recarray.nbytes.html]
[numpy.org/doc/stable/reference/generated/numpy.char.chararray.view.html]
[numpy.org/doc/stable/reference/generated/numpy.char.chararray.astype.html]
[numpy.org/doc/stable/reference/generated/numpy.char.chararray.argsort.html]
[numpy.org/doc/stable/reference/generated/numpy.char.chararray.copy.html]
[numpy.org/doc/stable/reference/generated/numpy.char.chararray.count.html]
[numpy.org/doc/stable/reference/generated/numpy.char.chararray.decode.html]
[numpy.org/doc/stable/reference/generated/numpy.char.chararray.dump.html]
[numpy.org/doc/stable/reference/generated/numpy.char.chararray.dumps.html]
[numpy.org/doc/stable/reference/generated/numpy.char.chararray.encode.html]
[numpy.org/doc/stable/reference/generated/numpy.char.chararray.endswith.html]
[numpy.org/doc/stable/reference/generated/numpy.char.chararray.expandtabs.html]
[numpy.org/doc/stable/reference/generated/numpy.char.chararray.fill.html]
[numpy.org/doc/stable/reference/generated/numpy.char.chararray.find.html]
[numpy.org/doc/stable/reference/generated/numpy.char.chararray.flatten.html]
[numpy.org/doc/stable/reference/generated/numpy.char.chararray.getfield.html]
[numpy.org/doc/stable/reference/generated/numpy.char.chararray.index.html]
[numpy.org/doc/stable/reference/generated/numpy.char.chararray.isalnum.html]
[numpy.org/doc/stable/reference/generated/numpy.char.chararray.isalpha.html]
[numpy.org/doc/stable/reference/generated/numpy.char.chararray.isdecimal.html]
[numpy.org/doc/stable/reference/generated/numpy.char.chararray.isdigit.html]
[numpy.org/doc/stable/reference/generated/numpy.char.chararray.islower.html]
[numpy.org/doc/stable/reference/generated/numpy.char.chararray.isnumeric.html]
[numpy.org/doc/stable/reference/generated/numpy.char.chararray.isspace.html]
[numpy.org/doc/stable/reference/generated/numpy.char.chararray.istitle.html]
[numpy.org/doc/stable/reference/generated/numpy.char.chararray.isupper.html]
[numpy.org/doc/stable/reference/generated/numpy.char.chararray.item.html]
[numpy.org/doc/stable/reference/generated/numpy.char.chararray.join.html]
[numpy.org/doc/stable/reference/generated/numpy.char.chararray.ljust.html]
[numpy.org/doc/stable/reference/generated/numpy.char.chararray.lower.html]
[numpy.org/doc/stable/reference/generated/numpy.char.chararray.lstrip.html]
[numpy.org/doc/stable/reference/generated/numpy.char.chararray.nonzero.html]
[numpy.org/doc/stable/reference/generated/numpy.char.chararray.put.html]
[numpy.org/doc/stable/reference/generated/numpy.char.chararray.ravel.html]
[numpy.org/doc/stable/reference/generated/numpy.char.chararray.repeat.html]
[numpy.org/doc/stable/reference/generated/numpy.char.chararray.replace.html]
[numpy.org/doc/stable/reference/generated/numpy.char.chararray.reshape.html]
[numpy.org/doc/stable/reference/generated/numpy.char.chararray.resize.html]
[numpy.org/doc/stable/reference/generated/numpy.char.chararray.rfind.html]
[numpy.org/doc/stable/reference/generated/numpy.char.chararray.rindex.html]
[numpy.org/doc/stable/reference/generated/numpy.char.chararray.rjust.html]
[numpy.org/doc/stable/reference/generated/numpy.char.chararray.rsplit.html]
[numpy.org/doc/stable/reference/generated/numpy.char.chararray.rstrip.html]
[numpy.org/doc/stable/reference/generated/numpy.char.chararray.searchsorted.html]
[numpy.org/doc/stable/reference/generated/numpy.char.chararray.setfield.html]
[numpy.org/doc/stable/reference/generated/numpy.char.chararray.setflags.html]
[numpy.org/doc/stable/reference/generated/numpy.char.chararray.sort.html]
[numpy.org/doc/stable/reference/generated/numpy.char.chararray.split.html]
[numpy.org/doc/stable/reference/generated/numpy.char.chararray.splitlines.html]
[numpy.org/doc/stable/reference/generated/numpy.char.chararray.squeeze.html]
[numpy.org/doc/stable/reference/generated/numpy.char.chararray.startswith.html]
[numpy.org/doc/stable/reference/generated/numpy.char.chararray.strip.html]
[numpy.org/doc/stable/reference/generated/numpy.char.chararray.swapaxes.html]
[numpy.org/doc/stable/reference/generated/numpy.char.chararray.swapcase.html]
[numpy.org/doc/stable/reference/generated/numpy.char.chararray.take.html]
[numpy.org/doc/stable/reference/generated/numpy.char.chararray.title.html]
[numpy.org/doc/stable/reference/generated/numpy.char.chararray.tofile.html]
[numpy.org/doc/stable/reference/generated/numpy.char.chararray.tolist.html]
[numpy.org/doc/stable/reference/generated/numpy.char.chararray.tostring.html]
[numpy.org/doc/stable/reference/generated/numpy.char.chararray.translate.html]
[numpy.org/doc/stable/reference/generated/numpy.char.chararray.transpose.html]
[numpy.org/doc/stable/reference/generated/numpy.char.chararray.zfill.html]
[numpy.org/doc/stable/reference/generated/numpy.char.chararray.upper.html]
[numpy.org/doc/stable/reference/generated/numpy.distutils.ccompiler.CCompiler_compile.html]
[numpy.org/doc/stable/reference/generated/numpy.distutils.ccompiler.CCompiler_customize.html]
[numpy.org/doc/stable/reference/generated/numpy.distutils.ccompiler.CCompiler_customize_cmd.html]
[numpy.org/doc/stable/reference/generated/numpy.distutils.ccompiler.CCompiler_cxx_compiler.html]
[numpy.org/doc/stable/reference/generated/numpy.distutils.ccompiler.CCompiler_find_executables.html]
[numpy.org/doc/stable/reference/generated/numpy.distutils.ccompiler.CCompiler_get_version.html]
[numpy.org/doc/stable/reference/generated/numpy.distutils.ccompiler.CCompiler_object_filenames.html]
[numpy.org/doc/stable/reference/generated/numpy.distutils.ccompiler.CCompiler_show_customization.html]
[numpy.org/doc/stable/reference/generated/numpy.distutils.ccompiler.CCompiler_spawn.html]
[numpy.org/doc/stable/reference/generated/numpy.distutils.ccompiler.gen_lib_options.html]
[numpy.org/doc/stable/reference/generated/numpy.distutils.ccompiler.new_compiler.html]
[numpy.org/doc/stable/reference/generated/numpy.distutils.ccompiler.replace_method.html]
[numpy.org/doc/stable/reference/generated/numpy.distutils.ccompiler.html]
[numpy.org/doc/stable/reference/generated/numpy.distutils.ccompiler.simple_version_match.html]
[numpy.org/doc/stable/reference/generated/numpy.distutils.ccompiler_opt.new_ccompiler_opt.html]
[numpy.org/doc/stable/reference/generated/numpy.distutils.ccompiler_opt.html]
[numpy.org/doc/stable/reference/generated/numpy.distutils.ccompiler_opt.CCompilerOpt.html]
[numpy.org/doc/stable/reference/generated/numpy.distutils.cpuinfo.cpu.html]
[numpy.org/doc/stable/reference/generated/numpy.distutils.core.Extension.html]
[numpy.org/doc/stable/reference/generated/numpy.distutils.ccompiler_opt.CCompilerOpt.try_dispatch.html]
[numpy.org/doc/stable/reference/generated/numpy.distutils.exec_command.exec_command.html]
[numpy.org/doc/stable/reference/generated/numpy.distutils.exec_command.filepath_from_subprocess_output.html]
[numpy.org/doc/stable/reference/generated/numpy.distutils.exec_command.find_executable.html]
[numpy.org/doc/stable/reference/generated/numpy.distutils.exec_command.forward_bytes_to_stdout.html]
[numpy.org/doc/stable/reference/generated/numpy.distutils.exec_command.get_pythonexe.html]
[numpy.org/doc/stable/reference/generated/numpy.distutils.exec_command.html]
[numpy.org/doc/stable/reference/generated/numpy.distutils.log.set_verbosity.html]
[numpy.org/doc/stable/reference/generated/numpy.distutils.system_info.get_info.html]
[numpy.org/doc/stable/reference/generated/numpy.distutils.system_info.get_standard_file.html]
[numpy.org/doc/stable/reference/generated/numpy.distutils.exec_command.temp_file_name.html]
[numpy.org/doc/stable/_images/numpy-kaiser-1_00_00.png]
[numpy.org/doc/stable/_images/numpy-kaiser-1_01_00.png]
[numpy.org/doc/stable/reference/generated/numpy.kaiser.html]
[numpy.org/doc/stable/reference/generated/numpy.__array_namespace_info__.capabilities.html]
[numpy.org/doc/stable/reference/generated/numpy.__array_namespace_info__.default_device.html]
[numpy.org/doc/stable/reference/generated/numpy.__array_namespace_info__.default_dtypes.html]
[numpy.org/doc/stable/reference/generated/numpy.__array_namespace_info__.html]
[numpy.org/doc/stable/reference/simd/build-options.html]
[numpy.org/doc/stable/reference/generated/numpy.__array_namespace_info__.dtypes.html]
[numpy.org/doc/stable/reference/generated/numpy.__array_namespace_info__.devices.html]
[numpy.org/doc/stable/_images/opt-infra.png]
[numpy.org/doc/stable/reference/simd/how-it-works.html]
[numpy.org/doc/stable/reference/swig.interface-file.html]
[numpy.org/doc/stable/reference/swig.testing.html]
[numpy.org/doc/stable/reference/generated/numpy.ndarray.flags.html]
[numpy.org/doc/stable/reference/generated/numpy.ndarray.shape.html]
[numpy.org/doc/stable/reference/generated/numpy.ndarray.strides.html]
[numpy.org/doc/stable/reference/generated/numpy.ndarray.ndim.html]
[numpy.org/doc/stable/reference/generated/numpy.ndarray.data.html]
[numpy.org/doc/stable/reference/generated/numpy.ndarray.size.html]
[numpy.org/doc/stable/reference/generated/numpy.ndarray.itemsize.html]
[numpy.org/doc/stable/reference/generated/numpy.ndarray.nbytes.html]
[numpy.org/doc/stable/reference/generated/numpy.ndarray.base.html]
[numpy.org/doc/stable/reference/generated/numpy.ndarray.dtype.html]
[numpy.org/doc/stable/reference/generated/numpy.lib.stride_tricks.as_strided.html]
[numpy.org/doc/stable/reference/generated/reference/generated/numpy.ndarray.T]
[numpy.org/doc/stable/reference/generated/numpy.ndarray.T.html]
[numpy.org/doc/stable/reference/generated/numpy.ndarray.real.html]
[numpy.org/doc/stable/reference/generated/numpy.ndarray.imag.html]
[numpy.org/doc/stable/reference/generated/numpy.ndarray.flat.html]
[numpy.org/doc/stable/reference/generated/numpy.ndarray.ctypes.html]
[numpy.org/doc/stable/reference/generated/numpy.ndarray.item.html]
[numpy.org/doc/stable/reference/generated/numpy.ndarray.tolist.html]
[numpy.org/doc/stable/reference/generated/numpy.ndarray.tostring.html]
[numpy.org/doc/stable/reference/generated/numpy.ndarray.tobytes.html]
[numpy.org/doc/stable/reference/generated/numpy.ndarray.tofile.html]
[numpy.org/doc/stable/reference/generated/numpy.ndarray.dump.html]
[numpy.org/doc/stable/reference/generated/numpy.ndarray.dumps.html]
[numpy.org/doc/stable/reference/generated/numpy.ndarray.astype.html]
[numpy.org/doc/stable/reference/generated/numpy.ndarray.byteswap.html]
[numpy.org/doc/stable/reference/generated/numpy.ndarray.copy.html]
[numpy.org/doc/stable/reference/generated/numpy.ndarray.getfield.html]
[numpy.org/doc/stable/reference/generated/numpy.ndarray.setflags.html]
[numpy.org/doc/stable/reference/generated/numpy.ndarray.fill.html]
[numpy.org/doc/stable/reference/generated/numpy.ndarray.reshape.html]
[numpy.org/doc/stable/reference/generated/numpy.ndarray.resize.html]
[numpy.org/doc/stable/reference/generated/numpy.ndarray.transpose.html]
[numpy.org/doc/stable/reference/generated/numpy.ndarray.swapaxes.html]
[numpy.org/doc/stable/reference/generated/numpy.ndarray.flatten.html]
[numpy.org/doc/stable/reference/generated/numpy.ndarray.ravel.html]
[numpy.org/doc/stable/reference/generated/numpy.ndarray.squeeze.html]
[numpy.org/doc/stable/reference/generated/numpy.ndarray.take.html]
[numpy.org/doc/stable/reference/generated/numpy.ndarray.put.html]
[numpy.org/doc/stable/reference/generated/numpy.ndarray.repeat.html]
[numpy.org/doc/stable/reference/generated/numpy.ndarray.choose.html]
[numpy.org/doc/stable/reference/generated/numpy.ndarray.sort.html]
[numpy.org/doc/stable/reference/generated/numpy.ndarray.argsort.html]
[numpy.org/doc/stable/reference/generated/numpy.ndarray.partition.html]
[numpy.org/doc/stable/reference/generated/numpy.ndarray.argpartition.html]
[numpy.org/doc/stable/reference/generated/numpy.ndarray.searchsorted.html]
[numpy.org/doc/stable/reference/generated/numpy.ndarray.nonzero.html]
[numpy.org/doc/stable/reference/generated/numpy.ndarray.compress.html]
[numpy.org/doc/stable/reference/generated/numpy.ndarray.diagonal.html]
[numpy.org/doc/stable/reference/generated/numpy.ndarray.max.html]
[numpy.org/doc/stable/reference/generated/numpy.ndarray.argmax.html]
[numpy.org/doc/stable/reference/generated/numpy.ndarray.min.html]
[numpy.org/doc/stable/reference/generated/numpy.ndarray.argmin.html]
[numpy.org/doc/stable/reference/generated/numpy.ndarray.clip.html]
[numpy.org/doc/stable/reference/generated/numpy.ndarray.conj.html]
[numpy.org/doc/stable/reference/generated/numpy.ndarray.round.html]
[numpy.org/doc/stable/reference/generated/numpy.ndarray.trace.html]
[numpy.org/doc/stable/reference/generated/numpy.ndarray.sum.html]
[numpy.org/doc/stable/reference/generated/numpy.ndarray.cumsum.html]
[numpy.org/doc/stable/reference/generated/numpy.ndarray.mean.html]
[numpy.org/doc/stable/reference/generated/numpy.ndarray.var.html]
[numpy.org/doc/stable/reference/generated/numpy.ndarray.std.html]
[numpy.org/doc/stable/reference/generated/numpy.ndarray.prod.html]
[numpy.org/doc/stable/reference/generated/numpy.ndarray.cumprod.html]
[numpy.org/doc/stable/reference/generated/numpy.ndarray.all.html]
[numpy.org/doc/stable/reference/generated/numpy.ndarray.any.html]
[numpy.org/doc/stable/reference/generated/numpy.ndarray.__lt__.html]
[numpy.org/doc/stable/reference/generated/numpy.ndarray.__le__.html]
[numpy.org/doc/stable/reference/generated/numpy.ndarray.__gt__.html]
[numpy.org/doc/stable/reference/generated/numpy.ndarray.__ge__.html]
[numpy.org/doc/stable/reference/generated/numpy.ndarray.__eq__.html]
[numpy.org/doc/stable/reference/generated/numpy.ndarray.__ne__.html]
[numpy.org/doc/stable/reference/generated/numpy.ndarray.__bool__.html]
[numpy.org/doc/stable/reference/generated/numpy.ndarray.__neg__.html]
[numpy.org/doc/stable/reference/generated/numpy.ndarray.__pos__.html]
[numpy.org/doc/stable/reference/generated/numpy.ndarray.__abs__.html]
[numpy.org/doc/stable/reference/generated/numpy.ndarray.__invert__.html]
[numpy.org/doc/stable/reference/generated/numpy.ndarray.__add__.html]
[numpy.org/doc/stable/reference/generated/numpy.ndarray.__sub__.html]
[numpy.org/doc/stable/reference/generated/numpy.ndarray.__mul__.html]
[numpy.org/doc/stable/reference/generated/numpy.ndarray.__truediv__.html]
[numpy.org/doc/stable/reference/generated/numpy.ndarray.__floordiv__.html]
[numpy.org/doc/stable/reference/generated/numpy.ndarray.__mod__.html]
[numpy.org/doc/stable/reference/generated/numpy.ndarray.__divmod__.html]
[numpy.org/doc/stable/reference/generated/numpy.ndarray.__pow__.html]
[numpy.org/doc/stable/reference/generated/numpy.ndarray.__lshift__.html]
[numpy.org/doc/stable/reference/generated/numpy.ndarray.__rshift__.html]
[numpy.org/doc/stable/reference/generated/numpy.ndarray.__and__.html]
[numpy.org/doc/stable/reference/generated/numpy.ndarray.__or__.html]
[numpy.org/doc/stable/reference/generated/numpy.ndarray.__xor__.html]
[numpy.org/doc/stable/reference/generated/numpy.ndarray.__iadd__.html]
[numpy.org/doc/stable/reference/generated/numpy.ndarray.__isub__.html]
[numpy.org/doc/stable/reference/generated/numpy.ndarray.__imul__.html]
[numpy.org/doc/stable/reference/generated/numpy.ndarray.__itruediv__.html]
[numpy.org/doc/stable/reference/generated/numpy.ndarray.__ifloordiv__.html]
[numpy.org/doc/stable/reference/generated/numpy.ndarray.__imod__.html]
[numpy.org/doc/stable/reference/generated/numpy.ndarray.__ipow__.html]
[numpy.org/doc/stable/reference/generated/numpy.ndarray.__ilshift__.html]
[numpy.org/doc/stable/reference/generated/numpy.ndarray.__irshift__.html]
[numpy.org/doc/stable/reference/generated/numpy.ndarray.__iand__.html]
[numpy.org/doc/stable/reference/generated/numpy.ndarray.__ior__.html]
[numpy.org/doc/stable/reference/generated/numpy.ndarray.__ixor__.html]
[numpy.org/doc/stable/reference/generated/numpy.ndarray.__matmul__.html]
[numpy.org/doc/stable/reference/generated/numpy.ndarray.__copy__.html]
[numpy.org/doc/stable/reference/generated/numpy.ndarray.__deepcopy__.html]
[numpy.org/doc/stable/reference/generated/numpy.ndarray.__reduce__.html]
[numpy.org/doc/stable/reference/generated/numpy.ndarray.__setstate__.html]
[numpy.org/doc/stable/reference/generated/numpy.ndarray.__new__.html]
[numpy.org/doc/stable/reference/generated/numpy.ndarray.__array__.html]
[numpy.org/doc/stable/reference/generated/numpy.ndarray.__array_wrap__.html]
[numpy.org/doc/stable/reference/generated/numpy.ndarray.__len__.html]
[numpy.org/doc/stable/reference/generated/numpy.ndarray.__getitem__.html]
[numpy.org/doc/stable/reference/generated/numpy.ndarray.__setitem__.html]
[numpy.org/doc/stable/reference/generated/numpy.ndarray.__contains__.html]
[numpy.org/doc/stable/reference/generated/numpy.ndarray.__int__.html]
[numpy.org/doc/stable/reference/generated/numpy.ndarray.__float__.html]
[numpy.org/doc/stable/reference/generated/numpy.ndarray.__complex__.html]
[numpy.org/doc/stable/reference/generated/numpy.ndarray.__str__.html]
[numpy.org/doc/stable/reference/generated/numpy.ndarray.__repr__.html]
[numpy.org/doc/stable/reference/generated/numpy.ndarray.__class_getitem__.html]
[numpy.org/doc/stable/reference/generated/numpy.all.html]
[numpy.org/doc/stable/reference/generated/numpy.any.html]
[numpy.org/doc/stable/reference/generated/numpy.argmax.html]
[numpy.org/doc/stable/reference/generated/numpy.argmin.html]
[numpy.org/doc/stable/reference/generated/numpy.argpartition.html]
[numpy.org/doc/stable/reference/generated/numpy.argsort.html]
[numpy.org/doc/stable/reference/generated/numpy.choose.html]
[numpy.org/doc/stable/reference/generated/numpy.clip.html]
[numpy.org/doc/stable/reference/generated/numpy.compress.html]
[numpy.org/doc/stable/reference/generated/numpy.copy.html]
[numpy.org/doc/stable/reference/generated/numpy.cumprod.html]
[numpy.org/doc/stable/reference/generated/numpy.cumsum.html]
[numpy.org/doc/stable/reference/generated/numpy.diagonal.html]
[numpy.org/doc/stable/reference/generated/numpy.imag.html]
[numpy.org/doc/stable/reference/generated/numpy.amax.html]
[numpy.org/doc/stable/reference/generated/numpy.mean.html]
[numpy.org/doc/stable/reference/generated/numpy.amin.html]
[numpy.org/doc/stable/reference/generated/numpy.nonzero.html]
[numpy.org/doc/stable/reference/generated/numpy.partition.html]
[numpy.org/doc/stable/reference/generated/numpy.prod.html]
[numpy.org/doc/stable/reference/generated/numpy.put.html]
[numpy.org/doc/stable/reference/generated/numpy.ravel.html]
[numpy.org/doc/stable/reference/generated/numpy.real.html]
[numpy.org/doc/stable/reference/generated/numpy.repeat.html]
[numpy.org/doc/stable/reference/generated/numpy.reshape.html]
[numpy.org/doc/stable/reference/generated/numpy.around.html]
[numpy.org/doc/stable/reference/generated/numpy.searchsorted.html]
[numpy.org/doc/stable/reference/generated/numpy.sort.html]
[numpy.org/doc/stable/reference/generated/numpy.squeeze.html]
[numpy.org/doc/stable/reference/generated/numpy.std.html]
[numpy.org/doc/stable/reference/generated/numpy.sum.html]
[numpy.org/doc/stable/reference/generated/numpy.swapaxes.html]
[numpy.org/doc/stable/reference/generated/numpy.take.html]
[numpy.org/doc/stable/reference/generated/numpy.trace.html]
[numpy.org/doc/stable/reference/generated/numpy.transpose.html]
[numpy.org/doc/stable/reference/generated/numpy.var.html]
[numpy.org/doc/stable/reference/generated/numpy.pow.html]
[numpy.org/doc/stable/reference/generated/numpy.generic.flags.html]
[numpy.org/doc/stable/reference/generated/numpy.generic.shape.html]
[numpy.org/doc/stable/reference/generated/numpy.generic.strides.html]
[numpy.org/doc/stable/reference/generated/numpy.generic.ndim.html]
[numpy.org/doc/stable/reference/generated/numpy.generic.data.html]
[numpy.org/doc/stable/reference/generated/numpy.generic.size.html]
[numpy.org/doc/stable/reference/generated/numpy.generic.itemsize.html]
[numpy.org/doc/stable/reference/generated/numpy.generic.base.html]
[numpy.org/doc/stable/reference/generated/numpy.generic.dtype.html]
[numpy.org/doc/stable/reference/generated/numpy.generic.real.html]
[numpy.org/doc/stable/reference/generated/numpy.generic.imag.html]
[numpy.org/doc/stable/reference/generated/numpy.generic.flat.html]
[numpy.org/doc/stable/reference/generated/reference/generated/numpy.generic.59e.delayed]
[numpy.org/doc/stable/reference/generated/numpy.generic.T.html]
[numpy.org/doc/stable/reference/generated/numpy.generic.__array_interface__.html]
[numpy.org/doc/stable/reference/generated/numpy.generic.__array_struct__.html]
[numpy.org/doc/stable/reference/generated/numpy.generic.__array_priority__.html]
[numpy.org/doc/stable/reference/generated/numpy.generic.__array_wrap__.html]
[numpy.org/doc/stable/reference/generated/numpy.generic.__array__.html]
[numpy.org/doc/stable/reference/generated/numpy.generic.squeeze.html]
[numpy.org/doc/stable/reference/generated/numpy.generic.byteswap.html]
[numpy.org/doc/stable/reference/generated/numpy.generic.__reduce__.html]
[numpy.org/doc/stable/reference/generated/numpy.generic.__setstate__.html]
[numpy.org/doc/stable/reference/generated/numpy.generic.setflags.html]
[numpy.org/doc/stable/reference/generated/numpy.number.__class_getitem__.html]
[numpy.org/doc/stable/reference/generated/numpy.format_float_positional.html]
[numpy.org/doc/stable/reference/generated/numpy.format_float_scientific.html]
[numpy.org/doc/stable/reference/generated/numpy.dtype.kind.html]
[numpy.org/doc/stable/reference/generated/numpy.dtype.char.html]
[numpy.org/doc/stable/reference/generated/numpy.dtype.num.html]
[numpy.org/doc/stable/reference/generated/numpy.dtype.str.html]
[numpy.org/doc/stable/reference/generated/numpy.dtype.name.html]
[numpy.org/doc/stable/reference/generated/numpy.dtype.itemsize.html]
[numpy.org/doc/stable/reference/generated/numpy.dtype.byteorder.html]
[numpy.org/doc/stable/reference/generated/numpy.dtype.fields.html]
[numpy.org/doc/stable/reference/generated/numpy.dtype.names.html]
[numpy.org/doc/stable/reference/generated/numpy.dtype.subdtype.html]
[numpy.org/doc/stable/reference/generated/numpy.dtype.shape.html]
[numpy.org/doc/stable/reference/generated/numpy.dtype.hasobject.html]
[numpy.org/doc/stable/reference/generated/numpy.dtype.flags.html]
[numpy.org/doc/stable/reference/generated/numpy.dtype.isbuiltin.html]
[numpy.org/doc/stable/reference/generated/numpy.dtype.isnative.html]
[numpy.org/doc/stable/reference/generated/numpy.dtype.descr.html]
[numpy.org/doc/stable/reference/generated/numpy.dtype.alignment.html]
[numpy.org/doc/stable/reference/generated/numpy.dtype.base.html]
[numpy.org/doc/stable/reference/generated/numpy.dtype.metadata.html]
[numpy.org/doc/stable/reference/generated/numpy.dtype.newbyteorder.html]
[numpy.org/doc/stable/reference/generated/numpy.dtype.__reduce__.html]
[numpy.org/doc/stable/reference/generated/numpy.dtype.__setstate__.html]
[numpy.org/doc/stable/reference/generated/numpy.dtype.__class_getitem__.html]
[numpy.org/doc/stable/reference/generated/numpy.dtype.__ge__.html]
[numpy.org/doc/stable/reference/generated/numpy.dtype.__gt__.html]
[numpy.org/doc/stable/reference/generated/numpy.dtype.__le__.html]
[numpy.org/doc/stable/reference/generated/numpy.dtype.__lt__.html]
[numpy.org/doc/stable/reference/generated/numpy.nditer.copy.html]
[numpy.org/doc/stable/reference/generated/numpy.nditer.debug_print.html]
[numpy.org/doc/stable/reference/generated/numpy.nditer.enable_external_loop.html]
[numpy.org/doc/stable/reference/generated/numpy.nditer.iternext.html]
[numpy.org/doc/stable/reference/generated/numpy.nditer.remove_axis.html]
[numpy.org/doc/stable/reference/generated/numpy.nditer.remove_multi_index.html]
[numpy.org/doc/stable/reference/generated/numpy.nditer.reset.html]
[numpy.org/doc/stable/reference/generated/numpy.nditer.itersize.html]
[numpy.org/doc/stable/reference/generated/numpy.nditer.value.html]
[numpy.org/doc/stable/reference/generated/numpy.nditer.index.html]
[numpy.org/doc/stable/reference/generated/numpy.nditer.html]
[numpy.org/doc/stable/reference/generated/numpy.nditer.close.html]
[numpy.org/doc/stable/reference/generated/numpy.outer.html]
[numpy.org/doc/stable/reference/generated/numpy.nditer.operands.html]
[numpy.org/doc/stable/reference/generated/numpy.nditer.multi_index.html]
[numpy.org/doc/stable/reference/generated/reference/generated/numpy.matrix.T]
[numpy.org/doc/stable/reference/generated/numpy.matrix.T.html]
[numpy.org/doc/stable/reference/generated/numpy.matrix.getH.html]
[numpy.org/doc/stable/reference/generated/reference/generated/numpy.matrix.H]
[numpy.org/doc/stable/reference/generated/numpy.matrix.H.html]
[numpy.org/doc/stable/reference/generated/numpy.matrix.I.html]
[numpy.org/doc/stable/reference/generated/numpy.matrix.A.html]
[numpy.org/doc/stable/reference/generated/numpy.matrix.all.html]
[numpy.org/doc/stable/reference/generated/numpy.matrix.any.html]
[numpy.org/doc/stable/reference/generated/numpy.matrix.argmax.html]
[numpy.org/doc/stable/reference/generated/numpy.matrix.argmin.html]
[numpy.org/doc/stable/reference/generated/numpy.matrix.argpartition.html]
[numpy.org/doc/stable/reference/generated/numpy.matrix.argsort.html]
[numpy.org/doc/stable/reference/generated/numpy.matrix.astype.html]
[numpy.org/doc/stable/reference/generated/numpy.matrix.byteswap.html]
[numpy.org/doc/stable/reference/generated/numpy.matrix.choose.html]
[numpy.org/doc/stable/reference/generated/numpy.matrix.clip.html]
[numpy.org/doc/stable/reference/generated/numpy.matrix.compress.html]
[numpy.org/doc/stable/reference/generated/numpy.matrix.conj.html]
[numpy.org/doc/stable/reference/generated/numpy.matrix.conjugate.html]
[numpy.org/doc/stable/reference/generated/numpy.matrix.copy.html]
[numpy.org/doc/stable/reference/generated/numpy.matrix.cumprod.html]
[numpy.org/doc/stable/reference/generated/numpy.matrix.cumsum.html]
[numpy.org/doc/stable/reference/generated/numpy.matrix.diagonal.html]
[numpy.org/doc/stable/reference/generated/numpy.matrix.dump.html]
[numpy.org/doc/stable/reference/generated/numpy.matrix.dumps.html]
[numpy.org/doc/stable/reference/generated/numpy.matrix.fill.html]
[numpy.org/doc/stable/reference/generated/numpy.matrix.flatten.html]
[numpy.org/doc/stable/reference/generated/numpy.matrix.getA.html]
[numpy.org/doc/stable/reference/generated/numpy.matrix.getA1.html]
[numpy.org/doc/stable/reference/generated/numpy.matrix.getI.html]
[numpy.org/doc/stable/reference/generated/numpy.matrix.getT.html]
[numpy.org/doc/stable/reference/generated/numpy.matrix.getfield.html]
[numpy.org/doc/stable/reference/generated/numpy.matrix.item.html]
[numpy.org/doc/stable/reference/generated/numpy.matrix.max.html]
[numpy.org/doc/stable/reference/generated/numpy.matrix.mean.html]
[numpy.org/doc/stable/reference/generated/numpy.matrix.min.html]
[numpy.org/doc/stable/reference/generated/numpy.matrix.nonzero.html]
[numpy.org/doc/stable/reference/generated/numpy.matrix.partition.html]
[numpy.org/doc/stable/reference/generated/numpy.matrix.prod.html]
[numpy.org/doc/stable/reference/generated/numpy.matrix.ptp.html]
[numpy.org/doc/stable/reference/generated/numpy.matrix.put.html]
[numpy.org/doc/stable/reference/generated/numpy.matrix.ravel.html]
[numpy.org/doc/stable/reference/generated/numpy.matrix.repeat.html]
[numpy.org/doc/stable/reference/generated/numpy.matrix.reshape.html]
[numpy.org/doc/stable/reference/generated/numpy.matrix.resize.html]
[numpy.org/doc/stable/reference/generated/numpy.matrix.round.html]
[numpy.org/doc/stable/reference/generated/numpy.matrix.searchsorted.html]
[numpy.org/doc/stable/reference/generated/numpy.matrix.setfield.html]
[numpy.org/doc/stable/reference/generated/numpy.matrix.setflags.html]
[numpy.org/doc/stable/reference/generated/numpy.matrix.sort.html]
[numpy.org/doc/stable/reference/generated/numpy.matrix.squeeze.html]
[numpy.org/doc/stable/reference/generated/numpy.matrix.std.html]
[numpy.org/doc/stable/reference/generated/numpy.matrix.sum.html]
[numpy.org/doc/stable/reference/generated/numpy.matrix.swapaxes.html]
[numpy.org/doc/stable/reference/generated/numpy.matrix.take.html]
[numpy.org/doc/stable/reference/generated/numpy.matrix.tobytes.html]
[numpy.org/doc/stable/reference/generated/numpy.matrix.tofile.html]
[numpy.org/doc/stable/reference/generated/numpy.matrix.tolist.html]
[numpy.org/doc/stable/reference/generated/numpy.matrix.tostring.html]
[numpy.org/doc/stable/reference/generated/numpy.matrix.trace.html]
[numpy.org/doc/stable/reference/generated/numpy.matrix.transpose.html]
[numpy.org/doc/stable/reference/generated/numpy.matrix.var.html]
[numpy.org/doc/stable/reference/generated/numpy.matrix.view.html]
[numpy.org/doc/stable/reference/generated/numpy.matrix.data.html]
[numpy.org/doc/stable/reference/generated/numpy.matrix.A1.html]
[numpy.org/doc/stable/reference/generated/numpy.matrix.base.html]
[numpy.org/doc/stable/reference/generated/numpy.matrix.ctypes.html]
[numpy.org/doc/stable/reference/generated/numpy.matrix.flags.html]
[numpy.org/doc/stable/reference/generated/numpy.matrix.flat.html]
[numpy.org/doc/stable/reference/generated/numpy.matrix.itemsize.html]
[numpy.org/doc/stable/reference/generated/numpy.matrix.mT.html]
[numpy.org/doc/stable/reference/generated/numpy.matrix.nbytes.html]
[numpy.org/doc/stable/reference/generated/numpy.matrix.html]
[numpy.org/doc/stable/reference/generated/numpy.asmatrix.html]
[numpy.org/doc/stable/reference/generated/numpy.bmat.html]
[numpy.org/doc/stable/reference/generated/numpy.memmap.html]
[numpy.org/doc/stable/reference/generated/numpy.memmap.flush.html]
[numpy.org/doc/stable/reference/generated/numpy.matrix.strides.html]
[numpy.org/doc/stable/reference/generated/numpy.char.chararray.dtype.html]
[numpy.org/doc/stable/reference/generated/numpy.char.chararray.strides.html]
[numpy.org/doc/stable/reference/generated/numpy.char.chararray.T.html]
[numpy.org/doc/stable/reference/generated/numpy.char.chararray.base.html]
[numpy.org/doc/stable/reference/generated/numpy.char.chararray.ctypes.html]
[numpy.org/doc/stable/reference/generated/numpy.char.chararray.data.html]
[numpy.org/doc/stable/reference/generated/numpy.char.chararray.flags.html]
[numpy.org/doc/stable/reference/generated/numpy.char.chararray.flat.html]
[numpy.org/doc/stable/reference/generated/numpy.char.chararray.imag.html]
[numpy.org/doc/stable/reference/generated/numpy.char.chararray.itemsize.html]
[numpy.org/doc/stable/reference/generated/numpy.char.chararray.mT.html]
[numpy.org/doc/stable/reference/generated/numpy.char.chararray.nbytes.html]
[numpy.org/doc/stable/reference/generated/numpy.char.chararray.ndim.html]
[numpy.org/doc/stable/reference/generated/numpy.char.chararray.real.html]
[numpy.org/doc/stable/reference/generated/numpy.char.chararray.shape.html]
[numpy.org/doc/stable/reference/generated/numpy.char.chararray.html]
[numpy.org/doc/stable/reference/generated/numpy.char.array.html]
[numpy.org/doc/stable/reference/generated/numpy.char.chararray.size.html]
[numpy.org/doc/stable/reference/generated/numpy.record.all.html]
[numpy.org/doc/stable/reference/generated/numpy.record.any.html]
[numpy.org/doc/stable/reference/generated/numpy.record.argmax.html]
[numpy.org/doc/stable/reference/generated/numpy.record.argmin.html]
[numpy.org/doc/stable/reference/generated/numpy.record.argsort.html]
[numpy.org/doc/stable/reference/generated/numpy.record.astype.html]
[numpy.org/doc/stable/reference/generated/numpy.record.byteswap.html]
[numpy.org/doc/stable/reference/generated/numpy.record.choose.html]
[numpy.org/doc/stable/reference/generated/numpy.record.clip.html]
[numpy.org/doc/stable/reference/generated/numpy.record.compress.html]
[numpy.org/doc/stable/reference/generated/numpy.record.conjugate.html]
[numpy.org/doc/stable/reference/generated/numpy.record.copy.html]
[numpy.org/doc/stable/reference/generated/numpy.record.cumprod.html]
[numpy.org/doc/stable/reference/generated/numpy.record.cumsum.html]
[numpy.org/doc/stable/reference/generated/numpy.record.diagonal.html]
[numpy.org/doc/stable/reference/generated/numpy.record.dump.html]
[numpy.org/doc/stable/reference/generated/numpy.record.dumps.html]
[numpy.org/doc/stable/reference/generated/numpy.record.fill.html]
[numpy.org/doc/stable/reference/generated/numpy.record.flatten.html]
[numpy.org/doc/stable/reference/generated/numpy.record.getfield.html]
[numpy.org/doc/stable/reference/generated/numpy.record.item.html]
[numpy.org/doc/stable/reference/generated/numpy.record.max.html]
[numpy.org/doc/stable/reference/generated/numpy.record.mean.html]
[numpy.org/doc/stable/reference/generated/numpy.record.min.html]
[numpy.org/doc/stable/reference/generated/numpy.record.nonzero.html]
[numpy.org/doc/stable/reference/generated/numpy.record.pprint.html]
[numpy.org/doc/stable/reference/generated/numpy.record.prod.html]
[numpy.org/doc/stable/reference/generated/numpy.record.put.html]
[numpy.org/doc/stable/reference/generated/numpy.record.ravel.html]
[numpy.org/doc/stable/reference/generated/numpy.record.repeat.html]
[numpy.org/doc/stable/reference/generated/numpy.record.reshape.html]
[numpy.org/doc/stable/reference/generated/numpy.record.resize.html]
[numpy.org/doc/stable/reference/generated/numpy.record.round.html]
[numpy.org/doc/stable/reference/generated/numpy.record.searchsorted.html]
[numpy.org/doc/stable/reference/generated/numpy.record.setfield.html]
[numpy.org/doc/stable/reference/generated/numpy.record.setflags.html]
[numpy.org/doc/stable/reference/generated/numpy.record.sort.html]
[numpy.org/doc/stable/reference/generated/numpy.record.squeeze.html]
[numpy.org/doc/stable/reference/generated/numpy.record.std.html]
[numpy.org/doc/stable/reference/generated/numpy.record.sum.html]
[numpy.org/doc/stable/reference/generated/numpy.record.swapaxes.html]
[numpy.org/doc/stable/reference/generated/numpy.record.take.html]
[numpy.org/doc/stable/reference/generated/numpy.record.tofile.html]
[numpy.org/doc/stable/reference/generated/numpy.record.tolist.html]
[numpy.org/doc/stable/reference/generated/numpy.record.tostring.html]
[numpy.org/doc/stable/reference/generated/numpy.record.trace.html]
[numpy.org/doc/stable/reference/generated/numpy.record.transpose.html]
[numpy.org/doc/stable/reference/generated/numpy.record.var.html]
[numpy.org/doc/stable/reference/generated/numpy.record.view.html]
[numpy.org/doc/stable/reference/generated/numpy.record.T.html]
[numpy.org/doc/stable/reference/generated/numpy.record.base.html]
[numpy.org/doc/stable/reference/generated/numpy.record.data.html]
[numpy.org/doc/stable/reference/generated/numpy.record.flags.html]
[numpy.org/doc/stable/reference/generated/numpy.record.flat.html]
[numpy.org/doc/stable/reference/generated/numpy.record.itemsize.html]
[numpy.org/doc/stable/reference/generated/numpy.record.html]
[numpy.org/doc/stable/reference/generated/numpy.lib.user_array.container.html]
[numpy.org/doc/stable/reference/generated/numpy.ndenumerate.html]
[numpy.org/doc/stable/reference/generated/numpy.record.strides.html]
[numpy.org/doc/stable/reference/generated/numpy.broadcast.index.html]
[numpy.org/doc/stable/reference/generated/numpy.broadcast.iters.html]
[numpy.org/doc/stable/reference/generated/numpy.broadcast.nd.html]
[numpy.org/doc/stable/reference/generated/numpy.broadcast.html]
[numpy.org/doc/stable/reference/generated/numpy.asarray.html]
[numpy.org/doc/stable/reference/generated/numpy.asanyarray.html]
[numpy.org/doc/stable/reference/generated/numpy.median.html]
[numpy.org/doc/stable/reference/generated/numpy.lib.mixins.NDArrayOperatorsMixin.html]
[numpy.org/doc/stable/reference/generated/numpy.broadcast.reset.html]
[numpy.org/doc/stable/reference/generated/numpy.ma.MaskedArray.__setmask__.html]
[numpy.org/doc/stable/reference/generated/numpy.from_dlpack.html]
[numpy.org/doc/stable/reference/generated/numpy.arange.html]
[numpy.org/doc/stable/reference/generated/numpy.busday_offset.html]
[numpy.org/doc/stable/reference/generated/numpy.broadcast.numiter.html]
[numpy.org/doc/stable/reference/generated/numpy.busdaycalendar.weekmask.html]
[numpy.org/doc/stable/reference/generated/numpy.busdaycalendar.html]
[numpy.org/doc/stable/reference/generated/numpy.is_busday.html]
[numpy.org/doc/stable/reference/generated/numpy.busday_count.html]
[numpy.org/doc/stable/reference/generated/numpy.empty.html]
[numpy.org/doc/stable/reference/generated/numpy.empty_like.html]
[numpy.org/doc/stable/reference/generated/numpy.eye.html]
[numpy.org/doc/stable/reference/generated/numpy.identity.html]
[numpy.org/doc/stable/reference/generated/numpy.ones.html]
[numpy.org/doc/stable/reference/generated/numpy.ones_like.html]
[numpy.org/doc/stable/reference/generated/numpy.zeros.html]
[numpy.org/doc/stable/reference/generated/numpy.zeros_like.html]
[numpy.org/doc/stable/reference/generated/numpy.full.html]
[numpy.org/doc/stable/reference/generated/numpy.full_like.html]
[numpy.org/doc/stable/reference/generated/numpy.ascontiguousarray.html]
[numpy.org/doc/stable/reference/generated/numpy.astype.html]
[numpy.org/doc/stable/reference/generated/numpy.frombuffer.html]
[numpy.org/doc/stable/reference/generated/numpy.fromfile.html]
[numpy.org/doc/stable/reference/generated/numpy.fromfunction.html]
[numpy.org/doc/stable/reference/generated/numpy.fromiter.html]
[numpy.org/doc/stable/reference/generated/numpy.fromstring.html]
[numpy.org/doc/stable/reference/generated/numpy.loadtxt.html]
[numpy.org/doc/stable/reference/generated/numpy.rec.array.html]
[numpy.org/doc/stable/reference/generated/numpy.rec.fromarrays.html]
[numpy.org/doc/stable/reference/generated/numpy.rec.fromrecords.html]
[numpy.org/doc/stable/reference/generated/numpy.rec.fromstring.html]
[numpy.org/doc/stable/reference/generated/numpy.rec.fromfile.html]
[numpy.org/doc/stable/reference/generated/numpy.char.asarray.html]
[numpy.org/doc/stable/reference/generated/numpy.busdaycalendar.holidays.html]
[numpy.org/doc/stable/_images/numpy-linspace-1.png]
[numpy.org/doc/stable/reference/generated/numpy.linspace.html]
[numpy.org/doc/stable/_images/numpy-logspace-1.png]
[numpy.org/doc/stable/reference/generated/numpy.logspace.html]
[numpy.org/doc/stable/_images/numpy-geomspace-1.png]
[numpy.org/doc/stable/reference/generated/numpy.geomspace.html]
[numpy.org/doc/stable/_images/numpy-meshgrid-1_00_00.png]
[numpy.org/doc/stable/_images/numpy-meshgrid-1_01_00.png]
[numpy.org/doc/stable/reference/generated/numpy.meshgrid.html]
[numpy.org/doc/stable/reference/generated/numpy.mgrid.html]
[numpy.org/doc/stable/reference/generated/numpy.ogrid.html]
[numpy.org/doc/stable/reference/generated/numpy.diag.html]
[numpy.org/doc/stable/reference/generated/numpy.diagflat.html]
[numpy.org/doc/stable/reference/generated/numpy.tri.html]
[numpy.org/doc/stable/reference/generated/numpy.tril.html]
[numpy.org/doc/stable/reference/generated/numpy.triu.html]
[numpy.org/doc/stable/reference/generated/numpy.vander.html]
[numpy.org/doc/stable/reference/generated/numpy.copyto.html]
[numpy.org/doc/stable/reference/generated/numpy.ndim.html]
[numpy.org/doc/stable/reference/generated/numpy.shape.html]
[numpy.org/doc/stable/reference/generated/numpy.size.html]
[numpy.org/doc/stable/reference/generated/numpy.moveaxis.html]
[numpy.org/doc/stable/reference/generated/numpy.rollaxis.html]
[numpy.org/doc/stable/reference/generated/numpy.permute_dims.html]
[numpy.org/doc/stable/reference/generated/numpy.matrix_transpose.html]
[numpy.org/doc/stable/reference/generated/numpy.atleast_1d.html]
[numpy.org/doc/stable/reference/generated/numpy.atleast_2d.html]
[numpy.org/doc/stable/reference/generated/numpy.atleast_3d.html]
[numpy.org/doc/stable/reference/generated/numpy.broadcast_to.html]
[numpy.org/doc/stable/reference/generated/numpy.broadcast_arrays.html]
[numpy.org/doc/stable/reference/generated/numpy.expand_dims.html]
[numpy.org/doc/stable/reference/generated/numpy.asfortranarray.html]
[numpy.org/doc/stable/reference/generated/numpy.asarray_chkfinite.html]
[numpy.org/doc/stable/reference/generated/numpy.require.html]
[numpy.org/doc/stable/reference/generated/numpy.concatenate.html]
[numpy.org/doc/stable/reference/generated/numpy.concat.html]
[numpy.org/doc/stable/reference/generated/numpy.stack.html]
[numpy.org/doc/stable/reference/generated/numpy.block.html]
[numpy.org/doc/stable/reference/generated/numpy.vstack.html]
[numpy.org/doc/stable/reference/generated/numpy.hstack.html]
[numpy.org/doc/stable/reference/generated/numpy.dstack.html]
[numpy.org/doc/stable/reference/generated/numpy.column_stack.html]
[numpy.org/doc/stable/reference/generated/numpy.split.html]
[numpy.org/doc/stable/reference/generated/numpy.array_split.html]
[numpy.org/doc/stable/reference/generated/numpy.dsplit.html]
[numpy.org/doc/stable/reference/generated/numpy.hsplit.html]
[numpy.org/doc/stable/reference/generated/numpy.vsplit.html]
[numpy.org/doc/stable/reference/generated/numpy.unstack.html]
[numpy.org/doc/stable/reference/generated/numpy.tile.html]
[numpy.org/doc/stable/reference/generated/numpy.delete.html]
[numpy.org/doc/stable/reference/generated/numpy.insert.html]
[numpy.org/doc/stable/reference/generated/numpy.append.html]
[numpy.org/doc/stable/reference/generated/numpy.resize.html]
[numpy.org/doc/stable/reference/generated/numpy.trim_zeros.html]
[numpy.org/doc/stable/reference/generated/numpy.unique.html]
[numpy.org/doc/stable/reference/generated/numpy.pad.html]
[numpy.org/doc/stable/reference/generated/numpy.flip.html]
[numpy.org/doc/stable/reference/generated/numpy.fliplr.html]
[numpy.org/doc/stable/reference/generated/numpy.flipud.html]
[numpy.org/doc/stable/reference/generated/numpy.roll.html]
[numpy.org/doc/stable/reference/generated/numpy.rot90.html]
[numpy.org/doc/stable/reference/generated/numpy.bitwise_invert.html]
[numpy.org/doc/stable/reference/generated/numpy.bitwise_left_shift.html]
[numpy.org/doc/stable/reference/generated/numpy.bitwise_right_shift.html]
[numpy.org/doc/stable/reference/generated/numpy.packbits.html]
[numpy.org/doc/stable/reference/generated/numpy.unpackbits.html]
[numpy.org/doc/stable/reference/generated/numpy.binary_repr.html]
[numpy.org/doc/stable/reference/generated/numpy.strings.add.html]
[numpy.org/doc/stable/reference/generated/numpy.polynomial.polynomial.polyvander.html]
[numpy.org/doc/stable/reference/random/examples/cython/extending_distributions.pyx.html]
[numpy.org/doc/stable/reference/random/examples/numba.html]
[numpy.org/doc/stable/reference/random/examples/numba_cffi.html]
[numpy.org/doc/stable/reference/random/examples/cffi.html]
[numpy.org/doc/stable/reference/generated/numpy.strings.center.html]
[numpy.org/doc/stable/reference/generated/numpy.strings.capitalize.html]
[numpy.org/doc/stable/reference/generated/numpy.strings.decode.html]
[numpy.org/doc/stable/reference/generated/numpy.strings.encode.html]
[numpy.org/doc/stable/reference/generated/numpy.strings.expandtabs.html]
[numpy.org/doc/stable/reference/generated/numpy.strings.ljust.html]
[numpy.org/doc/stable/reference/generated/numpy.strings.lower.html]
[numpy.org/doc/stable/reference/generated/numpy.strings.lstrip.html]
[numpy.org/doc/stable/reference/generated/numpy.strings.mod.html]
[numpy.org/doc/stable/reference/generated/numpy.strings.multiply.html]
[numpy.org/doc/stable/reference/generated/numpy.strings.partition.html]
[numpy.org/doc/stable/reference/generated/numpy.strings.replace.html]
[numpy.org/doc/stable/reference/generated/numpy.strings.rjust.html]
[numpy.org/doc/stable/reference/generated/numpy.strings.rpartition.html]
[numpy.org/doc/stable/reference/generated/numpy.strings.rstrip.html]
[numpy.org/doc/stable/reference/generated/numpy.strings.strip.html]
[numpy.org/doc/stable/reference/generated/numpy.strings.swapcase.html]
[numpy.org/doc/stable/reference/generated/numpy.strings.title.html]
[numpy.org/doc/stable/reference/generated/numpy.strings.translate.html]
[numpy.org/doc/stable/reference/generated/numpy.strings.upper.html]
[numpy.org/doc/stable/reference/generated/numpy.strings.zfill.html]
[numpy.org/doc/stable/reference/generated/numpy.strings.equal.html]
[numpy.org/doc/stable/reference/generated/numpy.strings.not_equal.html]
[numpy.org/doc/stable/reference/generated/numpy.strings.greater_equal.html]
[numpy.org/doc/stable/reference/generated/numpy.strings.less_equal.html]
[numpy.org/doc/stable/reference/generated/numpy.strings.greater.html]
[numpy.org/doc/stable/reference/generated/numpy.strings.less.html]
[numpy.org/doc/stable/reference/generated/numpy.strings.count.html]
[numpy.org/doc/stable/reference/generated/numpy.strings.endswith.html]
[numpy.org/doc/stable/reference/generated/numpy.strings.find.html]
[numpy.org/doc/stable/reference/generated/numpy.strings.index.html]
[numpy.org/doc/stable/reference/random/examples/cython/index.html]
[numpy.org/doc/stable/reference/generated/numpy.strings.isalnum.html]
[numpy.org/doc/stable/reference/generated/numpy.strings.isalpha.html]
[numpy.org/doc/stable/reference/generated/numpy.strings.isdecimal.html]
[numpy.org/doc/stable/reference/generated/numpy.strings.isdigit.html]
[numpy.org/doc/stable/reference/generated/numpy.strings.islower.html]
[numpy.org/doc/stable/reference/generated/numpy.strings.isnumeric.html]
[numpy.org/doc/stable/reference/generated/numpy.strings.isspace.html]
[numpy.org/doc/stable/reference/generated/numpy.strings.istitle.html]
[numpy.org/doc/stable/reference/generated/numpy.strings.isupper.html]
[numpy.org/doc/stable/reference/generated/numpy.strings.rfind.html]
[numpy.org/doc/stable/reference/generated/numpy.strings.rindex.html]
[numpy.org/doc/stable/reference/generated/numpy.strings.startswith.html]
[numpy.org/doc/stable/reference/generated/numpy.strings.str_len.html]
[numpy.org/doc/stable/reference/generated/numpy.datetime_as_string.html]
[numpy.org/doc/stable/reference/generated/numpy.datetime_data.html]
[numpy.org/doc/stable/reference/generated/numpy.promote_types.html]
[numpy.org/doc/stable/reference/generated/numpy.min_scalar_type.html]
[numpy.org/doc/stable/reference/generated/numpy.result_type.html]
[numpy.org/doc/stable/reference/generated/numpy.common_type.html]
[numpy.org/doc/stable/reference/generated/numpy.finfo.tiny.html]
[numpy.org/doc/stable/reference/generated/numpy.finfo.html]
[numpy.org/doc/stable/reference/generated/numpy.iinfo.html]
[numpy.org/doc/stable/reference/generated/numpy.isdtype.html]
[numpy.org/doc/stable/reference/generated/numpy.issubdtype.html]
[numpy.org/doc/stable/reference/generated/numpy.typename.html]
[numpy.org/doc/stable/reference/generated/numpy.mintypecode.html]
[numpy.org/doc/stable/reference/generated/numpy.emath.arccos.html]
[numpy.org/doc/stable/reference/generated/numpy.emath.arcsin.html]
[numpy.org/doc/stable/reference/generated/numpy.emath.arctanh.html]
[numpy.org/doc/stable/reference/generated/numpy.emath.log.html]
[numpy.org/doc/stable/reference/generated/numpy.emath.log2.html]
[numpy.org/doc/stable/reference/generated/numpy.emath.logn.html]
[numpy.org/doc/stable/reference/generated/numpy.emath.log10.html]
[numpy.org/doc/stable/reference/generated/numpy.emath.power.html]
[numpy.org/doc/stable/reference/generated/numpy.emath.sqrt.html]
[numpy.org/doc/stable/reference/generated/numpy.seterr.html]
[numpy.org/doc/stable/reference/generated/numpy.geterr.html]
[numpy.org/doc/stable/reference/generated/numpy.seterrcall.html]
[numpy.org/doc/stable/reference/generated/numpy.geterrcall.html]
[numpy.org/doc/stable/reference/generated/numpy.errstate.html]
[numpy.org/doc/stable/reference/generated/numpy.exceptions.ComplexWarning.html]
[numpy.org/doc/stable/reference/generated/numpy.exceptions.VisibleDeprecationWarning.html]
[numpy.org/doc/stable/reference/generated/numpy.exceptions.RankWarning.html]
[numpy.org/doc/stable/reference/generated/numpy.exceptions.AxisError.html]
[numpy.org/doc/stable/reference/generated/numpy.exceptions.DTypePromotionError.html]
[numpy.org/doc/stable/reference/generated/numpy.exceptions.TooHardError.html]
[numpy.org/doc/stable/reference/generated/numpy.finfo.smallest_normal.html]
[numpy.org/doc/stable/_images/numpy-fft-fft-1.png]
[numpy.org/doc/stable/reference/generated/numpy.fft.fft.html]
[numpy.org/doc/stable/_images/numpy-fft-ifft-1.png]
[numpy.org/doc/stable/reference/generated/numpy.fft.ifft.html]
[numpy.org/doc/stable/reference/generated/numpy.fft.fft2.html]
[numpy.org/doc/stable/reference/generated/numpy.fft.ifft2.html]
[numpy.org/doc/stable/_images/numpy-fft-fftn-1.png]
[numpy.org/doc/stable/reference/generated/numpy.fft.fftn.html]
[numpy.org/doc/stable/_images/numpy-fft-ifftn-1.png]
[numpy.org/doc/stable/reference/generated/numpy.fft.ifftn.html]
[numpy.org/doc/stable/reference/generated/numpy.fft.rfft.html]
[numpy.org/doc/stable/reference/generated/numpy.fft.irfft.html]
[numpy.org/doc/stable/reference/generated/numpy.fft.rfft2.html]
[numpy.org/doc/stable/reference/generated/numpy.fft.irfft2.html]
[numpy.org/doc/stable/reference/generated/numpy.fft.rfftn.html]
[numpy.org/doc/stable/reference/generated/numpy.fft.irfftn.html]
[numpy.org/doc/stable/reference/generated/numpy.fft.hfft.html]
[numpy.org/doc/stable/reference/generated/numpy.fft.ihfft.html]
[numpy.org/doc/stable/reference/generated/numpy.fft.fftfreq.html]
[numpy.org/doc/stable/reference/generated/numpy.fft.rfftfreq.html]
[numpy.org/doc/stable/reference/generated/numpy.fft.fftshift.html]
[numpy.org/doc/stable/reference/generated/numpy.fft.ifftshift.html]
[numpy.org/doc/stable/reference/generated/numpy.apply_along_axis.html]
[numpy.org/doc/stable/reference/generated/numpy.errstate.__call__.html]
[numpy.org/doc/stable/reference/generated/numpy.apply_over_axes.html]
[numpy.org/doc/stable/reference/generated/numpy.vectorize.html]
[numpy.org/doc/stable/reference/generated/numpy.frompyfunc.html]
[numpy.org/doc/stable/reference/generated/numpy.piecewise.html]
[numpy.org/doc/stable/reference/generated/numpy.load.html]
[numpy.org/doc/stable/reference/generated/numpy.save.html]
[numpy.org/doc/stable/reference/generated/numpy.savez.html]
[numpy.org/doc/stable/reference/generated/numpy.savez_compressed.html]
[numpy.org/doc/stable/reference/generated/numpy.vectorize.__call__.html]
[numpy.org/doc/stable/reference/generated/numpy.lib.npyio.NpzFile.close.html]
[numpy.org/doc/stable/reference/generated/numpy.lib.npyio.DataSource.open.html]
[numpy.org/doc/stable/reference/generated/numpy.lib.npyio.NpzFile.get.html]
[numpy.org/doc/stable/reference/generated/numpy.lib.npyio.NpzFile.items.html]
[numpy.org/doc/stable/reference/generated/numpy.lib.npyio.NpzFile.keys.html]
[numpy.org/doc/stable/reference/generated/numpy.lib.npyio.NpzFile.values.html]
[numpy.org/doc/stable/reference/generated/numpy.lib.npyio.NpzFile.html]
[numpy.org/doc/stable/reference/generated/numpy.savetxt.html]
[numpy.org/doc/stable/reference/generated/numpy.genfromtxt.html]
[numpy.org/doc/stable/reference/generated/numpy.fromregex.html]
[numpy.org/doc/stable/reference/generated/numpy.array2string.html]
[numpy.org/doc/stable/reference/generated/numpy.array_repr.html]
[numpy.org/doc/stable/reference/generated/numpy.array_str.html]
[numpy.org/doc/stable/reference/generated/numpy.lib.npyio.NpzFile.fid.html]
[numpy.org/doc/stable/reference/generated/numpy.lib.format.read_array.html]
[numpy.org/doc/stable/reference/generated/numpy.lib.format.open_memmap.html]
[numpy.org/doc/stable/reference/generated/numpy.set_printoptions.html]
[numpy.org/doc/stable/reference/generated/numpy.get_printoptions.html]
[numpy.org/doc/stable/reference/generated/numpy.printoptions.html]
[numpy.org/doc/stable/reference/generated/numpy.base_repr.html]
[numpy.org/doc/stable/reference/generated/numpy.lib.format.magic.html]
[numpy.org/doc/stable/reference/generated/numpy.lib.npyio.DataSource.abspath.html]
[numpy.org/doc/stable/reference/generated/numpy.lib.npyio.DataSource.html]
[numpy.org/doc/stable/reference/generated/numpy.lib.npyio.DataSource.exists.html]
[numpy.org/doc/stable/reference/generated/numpy.lib.format.descr_to_dtype.html]
[numpy.org/doc/stable/reference/generated/numpy.lib.array_utils.normalize_axis_tuple.html]
[numpy.org/doc/stable/reference/generated/numpy.lib.format.drop_metadata.html]
[numpy.org/doc/stable/reference/generated/numpy.lib.format.dtype_to_descr.html]
[numpy.org/doc/stable/reference/generated/numpy.lib.format.header_data_from_array_1_0.html]
[numpy.org/doc/stable/reference/generated/numpy.lib.format.isfileobj.html]
[numpy.org/doc/stable/reference/generated/numpy.lib.format.read_array_header_1_0.html]
[numpy.org/doc/stable/reference/generated/numpy.lib.format.read_array_header_2_0.html]
[numpy.org/doc/stable/reference/generated/numpy.lib.format.read_magic.html]
[numpy.org/doc/stable/reference/generated/numpy.lib.format.write_array.html]
[numpy.org/doc/stable/reference/generated/numpy.lib.format.write_array_header_1_0.html]
[numpy.org/doc/stable/reference/generated/numpy.lib.format.html]
[numpy.org/doc/stable/reference/generated/numpy.c_.html]
[numpy.org/doc/stable/reference/generated/numpy.r_.html]
[numpy.org/doc/stable/reference/generated/numpy.s_.html]
[numpy.org/doc/stable/reference/generated/numpy.where.html]
[numpy.org/doc/stable/reference/generated/numpy.indices.html]
[numpy.org/doc/stable/reference/generated/numpy.ix_.html]
[numpy.org/doc/stable/reference/generated/numpy.ravel_multi_index.html]
[numpy.org/doc/stable/reference/generated/numpy.unravel_index.html]
[numpy.org/doc/stable/reference/generated/numpy.diag_indices.html]
[numpy.org/doc/stable/reference/generated/numpy.diag_indices_from.html]
[numpy.org/doc/stable/reference/generated/numpy.mask_indices.html]
[numpy.org/doc/stable/reference/generated/numpy.tril_indices.html]
[numpy.org/doc/stable/reference/generated/numpy.tril_indices_from.html]
[numpy.org/doc/stable/reference/generated/numpy.triu_indices.html]
[numpy.org/doc/stable/reference/generated/numpy.triu_indices_from.html]
[numpy.org/doc/stable/reference/generated/numpy.take_along_axis.html]
[numpy.org/doc/stable/reference/generated/numpy.select.html]
[numpy.org/doc/stable/reference/generated/numpy.place.html]
[numpy.org/doc/stable/reference/generated/numpy.put_along_axis.html]
[numpy.org/doc/stable/reference/generated/numpy.putmask.html]
[numpy.org/doc/stable/reference/generated/numpy.fill_diagonal.html]
[numpy.org/doc/stable/reference/generated/numpy.lib.format.write_array_header_2_0.html]
[numpy.org/doc/stable/reference/generated/numpy.ndindex.html]
[numpy.org/doc/stable/reference/generated/numpy.nested_iters.html]
[numpy.org/doc/stable/reference/generated/numpy.ndindex.ndincr.html]
[numpy.org/doc/stable/reference/generated/numpy.flatiter.copy.html]
[numpy.org/doc/stable/reference/generated/numpy.flatiter.base.html]
[numpy.org/doc/stable/reference/generated/numpy.flatiter.coords.html]
[numpy.org/doc/stable/reference/generated/numpy.flatiter.html]
[numpy.org/doc/stable/reference/generated/numpy.iterable.html]
[numpy.org/doc/stable/reference/generated/numpy.flatiter.index.html]
[numpy.org/doc/stable/reference/generated/reference/generated/numpy.dot]
[numpy.org/doc/stable/reference/generated/numpy.dot.html]
[numpy.org/doc/stable/reference/generated/numpy.linalg.multi_dot.html]
[numpy.org/doc/stable/reference/generated/numpy.vdot.html]
[numpy.org/doc/stable/reference/generated/numpy.vecdot.html]
[numpy.org/doc/stable/reference/generated/numpy.linalg.vecdot.html]
[numpy.org/doc/stable/reference/generated/numpy.inner.html]
[numpy.org/doc/stable/reference/generated/numpy.linalg.matmul.html]
[numpy.org/doc/stable/reference/generated/numpy.matvec.html]
[numpy.org/doc/stable/reference/generated/numpy.vecmat.html]
[numpy.org/doc/stable/reference/generated/numpy.tensordot.html]
[numpy.org/doc/stable/reference/generated/numpy.linalg.tensordot.html]
[numpy.org/doc/stable/reference/generated/numpy.einsum.html]
[numpy.org/doc/stable/reference/generated/numpy.einsum_path.html]
[numpy.org/doc/stable/reference/generated/numpy.linalg.matrix_power.html]
[numpy.org/doc/stable/reference/generated/numpy.kron.html]
[numpy.org/doc/stable/reference/generated/numpy.linalg.cross.html]
[numpy.org/doc/stable/reference/generated/numpy.linalg.cholesky.html]
[numpy.org/doc/stable/reference/generated/numpy.linalg.outer.html]
[numpy.org/doc/stable/reference/generated/numpy.linalg.qr.html]
[numpy.org/doc/stable/reference/generated/numpy.linalg.svd.html]
[numpy.org/doc/stable/reference/generated/numpy.linalg.svdvals.html]
[numpy.org/doc/stable/reference/generated/numpy.linalg.eig.html]
[numpy.org/doc/stable/reference/generated/numpy.linalg.eigh.html]
[numpy.org/doc/stable/reference/generated/numpy.linalg.eigvals.html]
[numpy.org/doc/stable/reference/generated/numpy.linalg.eigvalsh.html]
[numpy.org/doc/stable/reference/generated/numpy.linalg.norm.html]
[numpy.org/doc/stable/reference/generated/numpy.linalg.matrix_norm.html]
[numpy.org/doc/stable/reference/generated/numpy.linalg.vector_norm.html]
[numpy.org/doc/stable/reference/generated/numpy.linalg.cond.html]
[numpy.org/doc/stable/reference/generated/numpy.linalg.det.html]
[numpy.org/doc/stable/reference/generated/numpy.linalg.matrix_rank.html]
[numpy.org/doc/stable/reference/generated/numpy.linalg.slogdet.html]
[numpy.org/doc/stable/reference/generated/numpy.linalg.trace.html]
[numpy.org/doc/stable/reference/generated/numpy.linalg.solve.html]
[numpy.org/doc/stable/reference/generated/numpy.linalg.tensorsolve.html]
[numpy.org/doc/stable/_images/numpy-linalg-lstsq-1.png]
[numpy.org/doc/stable/reference/generated/numpy.linalg.lstsq.html]
[numpy.org/doc/stable/reference/generated/numpy.linalg.inv.html]
[numpy.org/doc/stable/reference/generated/numpy.linalg.pinv.html]
[numpy.org/doc/stable/reference/generated/numpy.linalg.tensorinv.html]
[numpy.org/doc/stable/reference/generated/numpy.linalg.diagonal.html]
[numpy.org/doc/stable/reference/generated/numpy.linalg.matrix_transpose.html]
[numpy.org/doc/stable/reference/generated/numpy.linalg.LinAlgError.html]
[numpy.org/doc/stable/reference/generated/numpy.isneginf.html]
[numpy.org/doc/stable/reference/generated/numpy.isposinf.html]
[numpy.org/doc/stable/reference/generated/numpy.iscomplex.html]
[numpy.org/doc/stable/reference/generated/numpy.iscomplexobj.html]
[numpy.org/doc/stable/reference/generated/numpy.isfortran.html]
[numpy.org/doc/stable/reference/generated/numpy.isreal.html]
[numpy.org/doc/stable/reference/generated/numpy.isrealobj.html]
[numpy.org/doc/stable/reference/generated/numpy.isscalar.html]
[numpy.org/doc/stable/reference/generated/numpy.allclose.html]
[numpy.org/doc/stable/reference/generated/numpy.isclose.html]
[numpy.org/doc/stable/reference/generated/numpy.array_equal.html]
[numpy.org/doc/stable/reference/generated/numpy.array_equiv.html]
[numpy.org/doc/stable/reference/generated/numpy.ma.MaskType.html]
[numpy.org/doc/stable/reference/generated/numpy.ma.masked_array.html]
[numpy.org/doc/stable/reference/generated/numpy.ma.array.html]
[numpy.org/doc/stable/reference/generated/numpy.ma.copy.html]
[numpy.org/doc/stable/reference/generated/numpy.ma.frombuffer.html]
[numpy.org/doc/stable/reference/generated/numpy.ma.fromfunction.html]
[numpy.org/doc/stable/reference/generated/numpy.ma.MaskedArray.copy.html]
[numpy.org/doc/stable/reference/generated/numpy.ma.diagflat.html]
[numpy.org/doc/stable/reference/generated/numpy.ma.empty.html]
[numpy.org/doc/stable/reference/generated/numpy.ma.empty_like.html]
[numpy.org/doc/stable/reference/generated/numpy.ma.masked_all.html]
[numpy.org/doc/stable/reference/generated/numpy.ma.masked_all_like.html]
[numpy.org/doc/stable/reference/generated/numpy.ma.ones.html]
[numpy.org/doc/stable/reference/generated/numpy.ma.ones_like.html]
[numpy.org/doc/stable/reference/generated/numpy.ma.zeros.html]
[numpy.org/doc/stable/reference/generated/numpy.ma.zeros_like.html]
[numpy.org/doc/stable/reference/generated/numpy.ma.all.html]
[numpy.org/doc/stable/reference/generated/numpy.ma.any.html]
[numpy.org/doc/stable/reference/generated/numpy.ma.count.html]
[numpy.org/doc/stable/reference/generated/numpy.ma.count_masked.html]
[numpy.org/doc/stable/reference/generated/numpy.ma.getmask.html]
[numpy.org/doc/stable/reference/generated/numpy.ma.getmaskarray.html]
[numpy.org/doc/stable/reference/generated/numpy.ma.getdata.html]
[numpy.org/doc/stable/reference/generated/numpy.ma.nonzero.html]
[numpy.org/doc/stable/reference/generated/numpy.ma.shape.html]
[numpy.org/doc/stable/reference/generated/numpy.ma.size.html]
[numpy.org/doc/stable/reference/generated/numpy.ma.is_masked.html]
[numpy.org/doc/stable/reference/generated/numpy.ma.is_mask.html]
[numpy.org/doc/stable/reference/generated/numpy.ma.isMaskedArray.html]
[numpy.org/doc/stable/reference/generated/numpy.ma.isMA.html]
[numpy.org/doc/stable/reference/generated/numpy.ma.isarray.html]
[numpy.org/doc/stable/reference/generated/numpy.ma.isin.html]
[numpy.org/doc/stable/reference/generated/numpy.ma.in1d.html]
[numpy.org/doc/stable/reference/generated/numpy.ma.unique.html]
[numpy.org/doc/stable/reference/generated/numpy.ma.MaskedArray.all.html]
[numpy.org/doc/stable/reference/generated/numpy.ma.MaskedArray.any.html]
[numpy.org/doc/stable/reference/generated/numpy.ma.MaskedArray.count.html]
[numpy.org/doc/stable/reference/generated/numpy.ma.MaskedArray.nonzero.html]
[numpy.org/doc/stable/reference/generated/numpy.ma.ravel.html]
[numpy.org/doc/stable/reference/generated/numpy.ma.reshape.html]
[numpy.org/doc/stable/reference/generated/numpy.ma.resize.html]
[numpy.org/doc/stable/reference/generated/numpy.ma.MaskedArray.flatten.html]
[numpy.org/doc/stable/reference/generated/numpy.ma.MaskedArray.ravel.html]
[numpy.org/doc/stable/reference/generated/numpy.ma.MaskedArray.reshape.html]
[numpy.org/doc/stable/reference/generated/numpy.ma.MaskedArray.resize.html]
[numpy.org/doc/stable/reference/generated/numpy.ma.swapaxes.html]
[numpy.org/doc/stable/reference/generated/numpy.ma.transpose.html]
[numpy.org/doc/stable/reference/generated/numpy.ma.MaskedArray.swapaxes.html]
[numpy.org/doc/stable/reference/generated/numpy.ma.MaskedArray.transpose.html]
[numpy.org/doc/stable/reference/generated/numpy.ma.atleast_1d.html]
[numpy.org/doc/stable/reference/generated/numpy.ma.atleast_2d.html]
[numpy.org/doc/stable/reference/generated/numpy.ma.atleast_3d.html]
[numpy.org/doc/stable/reference/generated/numpy.ma.expand_dims.html]
[numpy.org/doc/stable/reference/generated/numpy.ma.squeeze.html]
[numpy.org/doc/stable/reference/generated/numpy.ma.MaskedArray.squeeze.html]
[numpy.org/doc/stable/reference/generated/numpy.ma.stack.html]
[numpy.org/doc/stable/reference/generated/numpy.ma.column_stack.html]
[numpy.org/doc/stable/reference/generated/numpy.ma.concatenate.html]
[numpy.org/doc/stable/reference/generated/numpy.ma.dstack.html]
[numpy.org/doc/stable/reference/generated/numpy.ma.hstack.html]
[numpy.org/doc/stable/reference/generated/numpy.ma.hsplit.html]
[numpy.org/doc/stable/reference/generated/numpy.ma.mr_.html]
[numpy.org/doc/stable/reference/generated/numpy.ma.vstack.html]
[numpy.org/doc/stable/reference/generated/numpy.ma.append.html]
[numpy.org/doc/stable/reference/generated/numpy.ma.make_mask.html]
[numpy.org/doc/stable/reference/generated/numpy.ma.make_mask_none.html]
[numpy.org/doc/stable/reference/generated/numpy.ma.mask_or.html]
[numpy.org/doc/stable/reference/generated/numpy.ma.make_mask_descr.html]
[numpy.org/doc/stable/reference/generated/numpy.ma.masked_array.mask.html]
[numpy.org/doc/stable/reference/generated/numpy.ma.ndenumerate.html]
[numpy.org/doc/stable/reference/generated/numpy.ma.flatnotmasked_contiguous.html]
[numpy.org/doc/stable/reference/generated/numpy.ma.flatnotmasked_edges.html]
[numpy.org/doc/stable/reference/generated/numpy.ma.notmasked_contiguous.html]
[numpy.org/doc/stable/reference/generated/numpy.ma.notmasked_edges.html]
[numpy.org/doc/stable/reference/generated/numpy.ma.clump_masked.html]
[numpy.org/doc/stable/reference/generated/numpy.ma.clump_unmasked.html]
[numpy.org/doc/stable/reference/generated/numpy.ma.mask_cols.html]
[numpy.org/doc/stable/reference/generated/numpy.ma.mask_rowcols.html]
[numpy.org/doc/stable/reference/generated/numpy.ma.mask_rows.html]
[numpy.org/doc/stable/reference/generated/numpy.ma.harden_mask.html]
[numpy.org/doc/stable/reference/generated/numpy.ma.soften_mask.html]
[numpy.org/doc/stable/reference/generated/numpy.ma.MaskedArray.harden_mask.html]
[numpy.org/doc/stable/reference/generated/numpy.ma.MaskedArray.soften_mask.html]
[numpy.org/doc/stable/reference/generated/numpy.ma.MaskedArray.shrink_mask.html]
[numpy.org/doc/stable/reference/generated/numpy.ma.MaskedArray.unshare_mask.html]
[numpy.org/doc/stable/reference/generated/numpy.ma.asarray.html]
[numpy.org/doc/stable/reference/generated/numpy.ma.asanyarray.html]
[numpy.org/doc/stable/reference/generated/numpy.ma.fix_invalid.html]
[numpy.org/doc/stable/reference/generated/numpy.ma.masked_equal.html]
[numpy.org/doc/stable/reference/generated/numpy.ma.masked_greater.html]
[numpy.org/doc/stable/reference/generated/numpy.ma.masked_greater_equal.html]
[numpy.org/doc/stable/reference/generated/numpy.ma.masked_inside.html]
[numpy.org/doc/stable/reference/generated/numpy.ma.masked_invalid.html]
[numpy.org/doc/stable/reference/generated/numpy.ma.masked_less.html]
[numpy.org/doc/stable/reference/generated/numpy.ma.masked_less_equal.html]
[numpy.org/doc/stable/reference/generated/numpy.ma.masked_not_equal.html]
[numpy.org/doc/stable/reference/generated/numpy.ma.masked_object.html]
[numpy.org/doc/stable/reference/generated/numpy.ma.masked_outside.html]
[numpy.org/doc/stable/reference/generated/numpy.ma.masked_values.html]
[numpy.org/doc/stable/reference/generated/numpy.ma.masked_where.html]
[numpy.org/doc/stable/reference/generated/numpy.ma.compress_cols.html]
[numpy.org/doc/stable/reference/generated/numpy.ma.compress_rowcols.html]
[numpy.org/doc/stable/reference/generated/numpy.ma.compress_rows.html]
[numpy.org/doc/stable/reference/generated/numpy.ma.compressed.html]
[numpy.org/doc/stable/reference/generated/numpy.ma.filled.html]
[numpy.org/doc/stable/reference/generated/numpy.ma.MaskedArray.compressed.html]
[numpy.org/doc/stable/reference/generated/numpy.ma.MaskedArray.filled.html]
[numpy.org/doc/stable/reference/generated/numpy.ma.MaskedArray.tofile.html]
[numpy.org/doc/stable/reference/generated/numpy.ma.MaskedArray.tolist.html]
[numpy.org/doc/stable/reference/generated/numpy.ma.MaskedArray.torecords.html]
[numpy.org/doc/stable/reference/generated/numpy.ma.MaskedArray.tobytes.html]
[numpy.org/doc/stable/reference/generated/numpy.ma.common_fill_value.html]
[numpy.org/doc/stable/reference/generated/numpy.ma.default_fill_value.html]
[numpy.org/doc/stable/reference/generated/numpy.ma.maximum_fill_value.html]
[numpy.org/doc/stable/reference/generated/numpy.ma.minimum_fill_value.html]
[numpy.org/doc/stable/reference/generated/numpy.ma.set_fill_value.html]
[numpy.org/doc/stable/reference/generated/numpy.ma.MaskedArray.get_fill_value.html]
[numpy.org/doc/stable/reference/generated/numpy.ma.MaskedArray.set_fill_value.html]
[numpy.org/doc/stable/reference/generated/numpy.ma.anom.html]
[numpy.org/doc/stable/reference/generated/numpy.ma.anomalies.html]
[numpy.org/doc/stable/reference/generated/numpy.ma.average.html]
[numpy.org/doc/stable/reference/generated/numpy.ma.conjugate.html]
[numpy.org/doc/stable/reference/generated/numpy.ma.corrcoef.html]
[numpy.org/doc/stable/reference/generated/numpy.ma.cov.html]
[numpy.org/doc/stable/reference/generated/numpy.ma.cumsum.html]
[numpy.org/doc/stable/reference/generated/numpy.ma.cumprod.html]
[numpy.org/doc/stable/reference/generated/numpy.ma.mean.html]
[numpy.org/doc/stable/reference/generated/numpy.ma.median.html]
[numpy.org/doc/stable/reference/generated/numpy.ma.power.html]
[numpy.org/doc/stable/reference/generated/numpy.ma.prod.html]
[numpy.org/doc/stable/reference/generated/numpy.ma.std.html]
[numpy.org/doc/stable/reference/generated/numpy.ma.sum.html]
[numpy.org/doc/stable/reference/generated/numpy.ma.var.html]
[numpy.org/doc/stable/reference/generated/numpy.ma.MaskedArray.anom.html]
[numpy.org/doc/stable/reference/generated/numpy.ma.MaskedArray.cumprod.html]
[numpy.org/doc/stable/reference/generated/numpy.ma.MaskedArray.cumsum.html]
[numpy.org/doc/stable/reference/generated/numpy.ma.MaskedArray.mean.html]
[numpy.org/doc/stable/reference/generated/numpy.ma.MaskedArray.prod.html]
[numpy.org/doc/stable/reference/generated/numpy.ma.MaskedArray.std.html]
[numpy.org/doc/stable/reference/generated/numpy.ma.MaskedArray.sum.html]
[numpy.org/doc/stable/reference/generated/numpy.ma.MaskedArray.var.html]
[numpy.org/doc/stable/reference/generated/numpy.ma.argmax.html]
[numpy.org/doc/stable/reference/generated/numpy.ma.argmin.html]
[numpy.org/doc/stable/reference/generated/numpy.ma.max.html]
[numpy.org/doc/stable/reference/generated/numpy.ma.min.html]
[numpy.org/doc/stable/reference/generated/numpy.ma.ptp.html]
[numpy.org/doc/stable/reference/generated/numpy.ma.diff.html]
[numpy.org/doc/stable/reference/generated/numpy.ma.MaskedArray.argmax.html]
[numpy.org/doc/stable/reference/generated/numpy.ma.MaskedArray.argmin.html]
[numpy.org/doc/stable/reference/generated/numpy.ma.MaskedArray.max.html]
[numpy.org/doc/stable/reference/generated/numpy.ma.MaskedArray.min.html]
[numpy.org/doc/stable/reference/generated/numpy.ma.MaskedArray.ptp.html]
[numpy.org/doc/stable/reference/generated/numpy.ma.argsort.html]
[numpy.org/doc/stable/reference/generated/numpy.ma.sort.html]
[numpy.org/doc/stable/reference/generated/numpy.ma.MaskedArray.argsort.html]
[numpy.org/doc/stable/reference/generated/numpy.ma.MaskedArray.sort.html]
[numpy.org/doc/stable/reference/generated/numpy.ma.diag.html]
[numpy.org/doc/stable/reference/generated/reference/generated/numpy.ma.66d.delayed]
[numpy.org/doc/stable/reference/generated/numpy.ma.dot.html]
[numpy.org/doc/stable/reference/generated/numpy.ma.identity.html]
[numpy.org/doc/stable/reference/generated/numpy.ma.inner.html]
[numpy.org/doc/stable/reference/generated/numpy.ma.innerproduct.html]
[numpy.org/doc/stable/reference/generated/numpy.ma.outer.html]
[numpy.org/doc/stable/reference/generated/numpy.ma.outerproduct.html]
[numpy.org/doc/stable/reference/generated/numpy.ma.trace.html]
[numpy.org/doc/stable/reference/generated/numpy.ma.MaskedArray.trace.html]
[numpy.org/doc/stable/reference/generated/numpy.ma.vander.html]
[numpy.org/doc/stable/_images/numpy-ma-polyfit-1.png]
[numpy.org/doc/stable/reference/generated/numpy.ma.polyfit.html]
[numpy.org/doc/stable/reference/generated/numpy.ma.around.html]
[numpy.org/doc/stable/reference/generated/numpy.ma.clip.html]
[numpy.org/doc/stable/reference/generated/numpy.ma.round.html]
[numpy.org/doc/stable/reference/generated/numpy.ma.MaskedArray.clip.html]
[numpy.org/doc/stable/reference/generated/numpy.ma.MaskedArray.round.html]
[numpy.org/doc/stable/reference/generated/numpy.ma.intersect1d.html]
[numpy.org/doc/stable/reference/generated/numpy.ma.setdiff1d.html]
[numpy.org/doc/stable/reference/generated/numpy.ma.setxor1d.html]
[numpy.org/doc/stable/reference/generated/numpy.ma.union1d.html]
[numpy.org/doc/stable/reference/generated/numpy.ma.allequal.html]
[numpy.org/doc/stable/reference/generated/numpy.ma.allclose.html]
[numpy.org/doc/stable/reference/generated/numpy.ma.amax.html]
[numpy.org/doc/stable/reference/generated/numpy.ma.amin.html]
[numpy.org/doc/stable/reference/generated/numpy.ma.apply_along_axis.html]
[numpy.org/doc/stable/reference/generated/numpy.ma.apply_over_axes.html]
[numpy.org/doc/stable/reference/generated/numpy.ma.arange.html]
[numpy.org/doc/stable/reference/generated/numpy.ma.choose.html]
[numpy.org/doc/stable/reference/generated/numpy.ma.compress_nd.html]
[numpy.org/doc/stable/reference/generated/numpy.ma.convolve.html]
[numpy.org/doc/stable/reference/generated/numpy.ma.correlate.html]
[numpy.org/doc/stable/reference/generated/numpy.ma.ediff1d.html]
[numpy.org/doc/stable/reference/generated/numpy.ma.flatten_mask.html]
[numpy.org/doc/stable/reference/generated/numpy.ma.flatten_structured_array.html]
[numpy.org/doc/stable/reference/generated/numpy.ma.fromflex.html]
[numpy.org/doc/stable/reference/generated/numpy.ma.indices.html]
[numpy.org/doc/stable/reference/generated/numpy.ma.left_shift.html]
[numpy.org/doc/stable/reference/generated/numpy.ma.ndim.html]
[numpy.org/doc/stable/reference/generated/numpy.ma.put.html]
[numpy.org/doc/stable/reference/generated/numpy.ma.putmask.html]
[numpy.org/doc/stable/reference/generated/numpy.ma.right_shift.html]
[numpy.org/doc/stable/reference/generated/numpy.ma.round_.html]
[numpy.org/doc/stable/reference/generated/numpy.ma.take.html]
[numpy.org/doc/stable/reference/generated/numpy.ma.where.html]
[numpy.org/doc/stable/reference/generated/numpy.asin.html]
[numpy.org/doc/stable/_images/numpy-acos-1.png]
[numpy.org/doc/stable/reference/generated/numpy.acos.html]
[numpy.org/doc/stable/_images/numpy-atan-1.png]
[numpy.org/doc/stable/reference/generated/numpy.atan.html]
[numpy.org/doc/stable/reference/generated/numpy.atan2.html]
[numpy.org/doc/stable/reference/generated/numpy.unwrap.html]
[numpy.org/doc/stable/reference/generated/numpy.asinh.html]
[numpy.org/doc/stable/reference/generated/numpy.acosh.html]
[numpy.org/doc/stable/reference/generated/numpy.atanh.html]
[numpy.org/doc/stable/reference/generated/numpy.round.html]
[numpy.org/doc/stable/reference/generated/numpy.fix.html]
[numpy.org/doc/stable/reference/generated/numpy.nanprod.html]
[numpy.org/doc/stable/reference/generated/numpy.nansum.html]
[numpy.org/doc/stable/reference/generated/numpy.cumulative_sum.html]
[numpy.org/doc/stable/reference/generated/numpy.cumulative_prod.html]
[numpy.org/doc/stable/reference/generated/numpy.nancumprod.html]
[numpy.org/doc/stable/reference/generated/numpy.nancumsum.html]
[numpy.org/doc/stable/reference/generated/numpy.diff.html]
[numpy.org/doc/stable/reference/generated/numpy.ediff1d.html]
[numpy.org/doc/stable/reference/generated/numpy.gradient.html]
[numpy.org/doc/stable/reference/generated/numpy.cross.html]
[numpy.org/doc/stable/reference/generated/numpy.trapezoid.html]
[numpy.org/doc/stable/reference/generated/numpy.i0.html]
[en.wikipedia.org/wiki/File_Composite_trapezoidal_rule_illustration.html]
[numpy.org/doc/stable/_images/numpy-sinc-1.png]
[numpy.org/doc/stable/reference/generated/numpy.sinc.html]
[numpy.org/doc/stable/reference/generated/numpy.angle.html]
[numpy.org/doc/stable/reference/generated/numpy.max.html]
[numpy.org/doc/stable/reference/generated/numpy.nanmax.html]
[numpy.org/doc/stable/reference/generated/numpy.min.html]
[numpy.org/doc/stable/reference/generated/numpy.nanmin.html]
[numpy.org/doc/stable/reference/generated/numpy.convolve.html]
[numpy.org/doc/stable/reference/generated/numpy.nan_to_num.html]
[numpy.org/doc/stable/reference/generated/numpy.real_if_close.html]
[numpy.org/doc/stable/reference/generated/numpy.polymul.html]
[numpy.org/doc/stable/_images/numpy-interp-1_00_00.png]
[numpy.org/doc/stable/reference/generated/numpy.interp.html]
[numpy.org/doc/stable/reference/generated/numpy.bitwise_count.html]
[numpy.org/doc/stable/reference/generated/numpy.setbufsize.html]
[numpy.org/doc/stable/reference/generated/numpy.getbufsize.html]
[numpy.org/doc/stable/reference/generated/numpy.shares_memory.html]
[numpy.org/doc/stable/reference/generated/numpy.may_share_memory.html]
[numpy.org/doc/stable/reference/generated/numpy.get_include.html]
[numpy.org/doc/stable/reference/generated/numpy.show_config.html]
[numpy.org/doc/stable/reference/generated/numpy.show_runtime.html]
[numpy.org/doc/stable/reference/generated/numpy.broadcast_shapes.html]
[numpy.org/doc/stable/reference/generated/numpy.info.html]
[numpy.org/doc/stable/_images/routines-polynomials-classes-1.png]
[numpy.org/doc/stable/_images/routines-polynomials-classes-2.png]
[numpy.org/doc/stable/_images/routines-polynomials-classes-3.png]
[numpy.org/doc/stable/reference/routines.polynomials.classes.html]
[numpy.org/doc/stable/reference/generated/numpy.polynomial.polynomial.polydomain.html]
[numpy.org/doc/stable/reference/generated/numpy.polynomial.polynomial.polyzero.html]
[numpy.org/doc/stable/reference/generated/numpy.polynomial.polynomial.polyone.html]
[numpy.org/doc/stable/reference/generated/numpy.polynomial.polynomial.polyx.html]
[numpy.org/doc/stable/reference/generated/numpy.polynomial.polynomial.polyadd.html]
[numpy.org/doc/stable/reference/generated/numpy.polynomial.polynomial.polysub.html]
[numpy.org/doc/stable/reference/generated/numpy.polynomial.polynomial.polymulx.html]
[numpy.org/doc/stable/reference/generated/numpy.polynomial.polynomial.polymul.html]
[numpy.org/doc/stable/reference/generated/numpy.polynomial.polynomial.polydiv.html]
[numpy.org/doc/stable/reference/generated/numpy.polynomial.polynomial.polypow.html]
[numpy.org/doc/stable/reference/generated/numpy.polynomial.polynomial.polyval.html]
[numpy.org/doc/stable/reference/generated/numpy.polynomial.polynomial.polyval2d.html]
[numpy.org/doc/stable/reference/generated/numpy.polynomial.polynomial.polyval3d.html]
[numpy.org/doc/stable/reference/generated/numpy.polynomial.polynomial.polygrid2d.html]
[numpy.org/doc/stable/reference/generated/numpy.polynomial.polynomial.polygrid3d.html]
[numpy.org/doc/stable/reference/generated/numpy.polynomial.polynomial.polyder.html]
[numpy.org/doc/stable/reference/generated/numpy.polynomial.polynomial.polyint.html]
[numpy.org/doc/stable/reference/generated/numpy.polynomial.polynomial.polyfromroots.html]
[numpy.org/doc/stable/reference/generated/numpy.polynomial.polynomial.polyroots.html]
[numpy.org/doc/stable/reference/generated/numpy.polynomial.polynomial.polyvalfromroots.html]
[numpy.org/doc/stable/reference/generated/numpy.polynomial.polynomial.polyvander2d.html]
[numpy.org/doc/stable/reference/generated/numpy.polynomial.polynomial.polyvander3d.html]
[numpy.org/doc/stable/reference/generated/numpy.polynomial.polynomial.polycompanion.html]
[numpy.org/doc/stable/reference/generated/numpy.polynomial.polynomial.polyfit.html]
[numpy.org/doc/stable/reference/generated/numpy.polynomial.polynomial.polytrim.html]
[numpy.org/doc/stable/reference/routines.polynomials.polynomial.html]
[numpy.org/doc/stable/reference/generated/numpy.polynomial.polynomial.polyline.html]
[numpy.org/doc/stable/reference/generated/numpy.polynomial.chebyshev.chebdomain.html]
[numpy.org/doc/stable/reference/generated/numpy.polynomial.chebyshev.chebzero.html]
[numpy.org/doc/stable/reference/generated/numpy.polynomial.chebyshev.chebone.html]
[numpy.org/doc/stable/reference/generated/numpy.polynomial.chebyshev.chebx.html]
[numpy.org/doc/stable/reference/generated/numpy.polynomial.chebyshev.chebadd.html]
[numpy.org/doc/stable/reference/generated/numpy.polynomial.chebyshev.chebsub.html]
[numpy.org/doc/stable/reference/generated/numpy.polynomial.chebyshev.chebmulx.html]
[numpy.org/doc/stable/reference/generated/numpy.polynomial.chebyshev.chebmul.html]
[numpy.org/doc/stable/reference/generated/numpy.polynomial.chebyshev.chebdiv.html]
[numpy.org/doc/stable/reference/generated/numpy.polynomial.chebyshev.chebpow.html]
[numpy.org/doc/stable/reference/generated/numpy.polynomial.chebyshev.chebval.html]
[numpy.org/doc/stable/reference/generated/numpy.polynomial.chebyshev.chebval2d.html]
[numpy.org/doc/stable/reference/generated/numpy.polynomial.chebyshev.chebval3d.html]
[numpy.org/doc/stable/reference/generated/numpy.polynomial.chebyshev.chebgrid2d.html]
[numpy.org/doc/stable/reference/generated/numpy.polynomial.chebyshev.chebgrid3d.html]
[numpy.org/doc/stable/reference/generated/numpy.polynomial.chebyshev.chebder.html]
[numpy.org/doc/stable/reference/generated/numpy.polynomial.chebyshev.chebint.html]
[numpy.org/doc/stable/reference/generated/numpy.polynomial.chebyshev.chebfromroots.html]
[numpy.org/doc/stable/reference/generated/numpy.polynomial.chebyshev.chebroots.html]
[numpy.org/doc/stable/reference/generated/numpy.polynomial.chebyshev.chebvander.html]
[numpy.org/doc/stable/reference/generated/numpy.polynomial.chebyshev.chebvander2d.html]
[numpy.org/doc/stable/reference/generated/numpy.polynomial.chebyshev.chebvander3d.html]
[numpy.org/doc/stable/reference/generated/numpy.polynomial.chebyshev.chebgauss.html]
[numpy.org/doc/stable/reference/generated/numpy.polynomial.chebyshev.chebweight.html]
[numpy.org/doc/stable/reference/generated/numpy.polynomial.chebyshev.chebcompanion.html]
[numpy.org/doc/stable/reference/generated/numpy.polynomial.chebyshev.chebpts1.html]
[numpy.org/doc/stable/reference/generated/numpy.polynomial.chebyshev.chebpts2.html]
[numpy.org/doc/stable/reference/generated/numpy.polynomial.chebyshev.chebtrim.html]
[numpy.org/doc/stable/reference/generated/numpy.polynomial.chebyshev.chebline.html]
[numpy.org/doc/stable/reference/generated/numpy.polynomial.chebyshev.cheb2poly.html]
[numpy.org/doc/stable/reference/generated/numpy.polynomial.chebyshev.poly2cheb.html]
[numpy.org/doc/stable/reference/routines.polynomials.chebyshev.html]
[numpy.org/doc/stable/reference/generated/numpy.polynomial.chebyshev.chebinterpolate.html]
[numpy.org/doc/stable/reference/generated/numpy.polynomial.hermite.hermdomain.html]
[numpy.org/doc/stable/reference/generated/numpy.polynomial.hermite.hermzero.html]
[numpy.org/doc/stable/reference/generated/numpy.polynomial.hermite.hermone.html]
[numpy.org/doc/stable/reference/generated/numpy.polynomial.hermite.hermx.html]
[numpy.org/doc/stable/reference/generated/numpy.polynomial.hermite.hermadd.html]
[numpy.org/doc/stable/reference/generated/numpy.polynomial.hermite.hermsub.html]
[numpy.org/doc/stable/reference/generated/numpy.polynomial.hermite.hermmulx.html]
[numpy.org/doc/stable/reference/generated/numpy.polynomial.hermite.hermmul.html]
[numpy.org/doc/stable/reference/generated/numpy.polynomial.hermite.hermdiv.html]
[numpy.org/doc/stable/reference/generated/numpy.polynomial.hermite.hermpow.html]
[numpy.org/doc/stable/reference/generated/numpy.polynomial.hermite.hermval.html]
[numpy.org/doc/stable/reference/generated/numpy.polynomial.hermite.hermval2d.html]
[numpy.org/doc/stable/reference/generated/numpy.polynomial.hermite.hermval3d.html]
[numpy.org/doc/stable/reference/generated/numpy.polynomial.hermite.hermgrid2d.html]
[numpy.org/doc/stable/reference/generated/numpy.polynomial.hermite.hermgrid3d.html]
[numpy.org/doc/stable/reference/generated/numpy.polynomial.hermite.hermder.html]
[numpy.org/doc/stable/reference/generated/numpy.polynomial.hermite.hermint.html]
[numpy.org/doc/stable/reference/generated/numpy.polynomial.hermite.hermfromroots.html]
[numpy.org/doc/stable/reference/generated/numpy.polynomial.hermite.hermroots.html]
[numpy.org/doc/stable/reference/generated/numpy.polynomial.hermite.hermvander.html]
[numpy.org/doc/stable/reference/generated/numpy.polynomial.hermite.hermvander2d.html]
[numpy.org/doc/stable/reference/generated/numpy.polynomial.hermite.hermvander3d.html]
[numpy.org/doc/stable/reference/generated/numpy.polynomial.hermite.hermgauss.html]
[numpy.org/doc/stable/reference/generated/numpy.polynomial.hermite.hermweight.html]
[numpy.org/doc/stable/reference/generated/numpy.polynomial.hermite.hermcompanion.html]
[numpy.org/doc/stable/reference/generated/numpy.polynomial.hermite.hermfit.html]
[numpy.org/doc/stable/reference/generated/numpy.polynomial.hermite.hermtrim.html]
[numpy.org/doc/stable/reference/generated/numpy.polynomial.hermite.hermline.html]
[numpy.org/doc/stable/reference/generated/numpy.polynomial.hermite.herm2poly.html]
[numpy.org/doc/stable/reference/routines.polynomials.hermite.html]
[numpy.org/doc/stable/reference/generated/numpy.polynomial.hermite.poly2herm.html]
[numpy.org/doc/stable/reference/generated/numpy.polynomial.hermite_e.hermedomain.html]
[numpy.org/doc/stable/reference/generated/numpy.polynomial.hermite_e.hermezero.html]
[numpy.org/doc/stable/reference/generated/numpy.polynomial.hermite_e.hermeone.html]
[numpy.org/doc/stable/reference/generated/numpy.polynomial.hermite_e.hermex.html]
[numpy.org/doc/stable/reference/generated/numpy.polynomial.hermite_e.hermeadd.html]
[numpy.org/doc/stable/reference/generated/numpy.polynomial.hermite_e.hermesub.html]
[numpy.org/doc/stable/reference/generated/numpy.polynomial.hermite_e.hermemulx.html]
[numpy.org/doc/stable/reference/generated/numpy.polynomial.hermite_e.hermemul.html]
[numpy.org/doc/stable/reference/generated/numpy.polynomial.hermite_e.hermediv.html]
[numpy.org/doc/stable/reference/generated/numpy.polynomial.hermite_e.hermepow.html]
[numpy.org/doc/stable/reference/generated/numpy.polynomial.hermite_e.hermeval.html]
[numpy.org/doc/stable/reference/generated/numpy.polynomial.hermite_e.hermeval2d.html]
[numpy.org/doc/stable/reference/generated/numpy.polynomial.hermite_e.hermeval3d.html]
[numpy.org/doc/stable/reference/generated/numpy.polynomial.hermite_e.hermegrid2d.html]
[numpy.org/doc/stable/reference/generated/numpy.polynomial.hermite_e.hermegrid3d.html]
[numpy.org/doc/stable/reference/generated/numpy.polynomial.hermite_e.hermeder.html]
[numpy.org/doc/stable/reference/generated/numpy.polynomial.hermite_e.hermeint.html]
[numpy.org/doc/stable/reference/generated/numpy.polynomial.hermite_e.hermefromroots.html]
[numpy.org/doc/stable/reference/generated/numpy.polynomial.hermite_e.hermeroots.html]
[numpy.org/doc/stable/reference/generated/numpy.polynomial.hermite_e.hermevander.html]
[numpy.org/doc/stable/reference/generated/numpy.polynomial.hermite_e.hermevander2d.html]
[numpy.org/doc/stable/reference/generated/numpy.polynomial.hermite_e.hermevander3d.html]
[numpy.org/doc/stable/reference/generated/numpy.polynomial.hermite_e.hermegauss.html]
[numpy.org/doc/stable/reference/generated/numpy.polynomial.hermite_e.hermeweight.html]
[numpy.org/doc/stable/reference/generated/numpy.polynomial.hermite_e.hermecompanion.html]
[numpy.org/doc/stable/reference/generated/numpy.polynomial.hermite_e.hermefit.html]
[numpy.org/doc/stable/reference/generated/numpy.polynomial.hermite_e.hermetrim.html]
[numpy.org/doc/stable/reference/generated/numpy.polynomial.hermite_e.hermeline.html]
[numpy.org/doc/stable/reference/generated/numpy.polynomial.hermite_e.herme2poly.html]
[numpy.org/doc/stable/reference/routines.polynomials.hermite_e.html]
[numpy.org/doc/stable/reference/generated/numpy.polynomial.hermite_e.poly2herme.html]
[numpy.org/doc/stable/reference/generated/numpy.polynomial.laguerre.lagdomain.html]
[numpy.org/doc/stable/reference/generated/numpy.polynomial.laguerre.lagzero.html]
[numpy.org/doc/stable/reference/generated/numpy.polynomial.laguerre.lagone.html]
[numpy.org/doc/stable/reference/generated/numpy.polynomial.laguerre.lagx.html]
[numpy.org/doc/stable/reference/generated/numpy.polynomial.laguerre.lagadd.html]
[numpy.org/doc/stable/reference/generated/numpy.polynomial.laguerre.lagsub.html]
[numpy.org/doc/stable/reference/generated/numpy.polynomial.laguerre.lagmulx.html]
[numpy.org/doc/stable/reference/generated/numpy.polynomial.laguerre.lagmul.html]
[numpy.org/doc/stable/reference/generated/numpy.polynomial.laguerre.lagdiv.html]
[numpy.org/doc/stable/reference/generated/numpy.polynomial.laguerre.lagpow.html]
[numpy.org/doc/stable/reference/generated/numpy.polynomial.laguerre.lagval.html]
[numpy.org/doc/stable/reference/generated/numpy.polynomial.laguerre.lagval2d.html]
[numpy.org/doc/stable/reference/generated/numpy.polynomial.laguerre.lagval3d.html]
[numpy.org/doc/stable/reference/generated/numpy.polynomial.laguerre.laggrid2d.html]
[numpy.org/doc/stable/reference/generated/numpy.polynomial.laguerre.laggrid3d.html]
[numpy.org/doc/stable/reference/generated/numpy.polynomial.laguerre.lagder.html]
[numpy.org/doc/stable/reference/generated/numpy.polynomial.laguerre.lagint.html]
[numpy.org/doc/stable/reference/generated/numpy.polynomial.laguerre.lagfromroots.html]
[numpy.org/doc/stable/reference/generated/numpy.polynomial.laguerre.lagroots.html]
[numpy.org/doc/stable/reference/generated/numpy.polynomial.laguerre.lagvander.html]
[numpy.org/doc/stable/reference/generated/numpy.polynomial.laguerre.lagvander2d.html]
[numpy.org/doc/stable/reference/generated/numpy.polynomial.laguerre.lagvander3d.html]
[numpy.org/doc/stable/reference/generated/numpy.polynomial.laguerre.laggauss.html]
[numpy.org/doc/stable/reference/generated/numpy.polynomial.laguerre.lagweight.html]
[numpy.org/doc/stable/reference/generated/numpy.polynomial.laguerre.lagcompanion.html]
[numpy.org/doc/stable/reference/generated/numpy.polynomial.laguerre.lagfit.html]
[numpy.org/doc/stable/reference/generated/numpy.polynomial.laguerre.lagtrim.html]
[numpy.org/doc/stable/reference/generated/numpy.polynomial.laguerre.lagline.html]
[numpy.org/doc/stable/reference/generated/numpy.polynomial.laguerre.lag2poly.html]
[numpy.org/doc/stable/reference/routines.polynomials.laguerre.html]
[numpy.org/doc/stable/reference/generated/numpy.polynomial.laguerre.poly2lag.html]
[numpy.org/doc/stable/reference/generated/numpy.polynomial.legendre.legdomain.html]
[numpy.org/doc/stable/reference/generated/numpy.polynomial.legendre.legzero.html]
[numpy.org/doc/stable/reference/generated/numpy.polynomial.legendre.legone.html]
[numpy.org/doc/stable/reference/generated/numpy.polynomial.legendre.legx.html]
[numpy.org/doc/stable/reference/generated/numpy.polynomial.legendre.legadd.html]
[numpy.org/doc/stable/reference/generated/numpy.polynomial.legendre.legsub.html]
[numpy.org/doc/stable/reference/generated/numpy.polynomial.legendre.legmulx.html]
[numpy.org/doc/stable/reference/generated/numpy.polynomial.legendre.legmul.html]
[numpy.org/doc/stable/reference/generated/numpy.polynomial.legendre.legdiv.html]
[numpy.org/doc/stable/reference/generated/numpy.polynomial.legendre.legpow.html]
[numpy.org/doc/stable/reference/generated/numpy.polynomial.legendre.legval.html]
[numpy.org/doc/stable/reference/generated/numpy.polynomial.legendre.legval2d.html]
[numpy.org/doc/stable/reference/generated/numpy.polynomial.legendre.legval3d.html]
[numpy.org/doc/stable/reference/generated/numpy.polynomial.legendre.leggrid2d.html]
[numpy.org/doc/stable/reference/generated/numpy.polynomial.legendre.leggrid3d.html]
[numpy.org/doc/stable/reference/generated/numpy.polynomial.legendre.legder.html]
[numpy.org/doc/stable/reference/generated/numpy.polynomial.legendre.legint.html]
[numpy.org/doc/stable/reference/generated/numpy.polynomial.legendre.legfromroots.html]
[numpy.org/doc/stable/reference/generated/numpy.polynomial.legendre.legroots.html]
[numpy.org/doc/stable/reference/generated/numpy.polynomial.legendre.legvander.html]
[numpy.org/doc/stable/reference/generated/numpy.polynomial.legendre.legvander2d.html]
[numpy.org/doc/stable/reference/generated/numpy.polynomial.legendre.legvander3d.html]
[numpy.org/doc/stable/reference/generated/numpy.polynomial.legendre.leggauss.html]
[numpy.org/doc/stable/reference/generated/numpy.polynomial.legendre.legweight.html]
[numpy.org/doc/stable/reference/generated/numpy.polynomial.legendre.legcompanion.html]
[numpy.org/doc/stable/reference/generated/numpy.polynomial.legendre.legfit.html]
[numpy.org/doc/stable/reference/generated/numpy.polynomial.legendre.legtrim.html]
[numpy.org/doc/stable/reference/generated/numpy.polynomial.legendre.legline.html]
[numpy.org/doc/stable/reference/generated/numpy.polynomial.legendre.leg2poly.html]
[numpy.org/doc/stable/reference/routines.polynomials.legendre.html]
[numpy.org/doc/stable/reference/generated/numpy.polynomial.legendre.poly2leg.html]
[numpy.org/doc/stable/reference/generated/numpy.polynomial.polyutils.as_series.html]
[numpy.org/doc/stable/reference/generated/numpy.polynomial.polyutils.trimseq.html]
[numpy.org/doc/stable/reference/generated/numpy.polynomial.polyutils.trimcoef.html]
[numpy.org/doc/stable/reference/generated/numpy.polynomial.polyutils.getdomain.html]
[numpy.org/doc/stable/reference/generated/numpy.polynomial.polyutils.mapdomain.html]
[numpy.org/doc/stable/reference/routines.polynomials.polyutils.html]
[numpy.org/doc/stable/reference/generated/numpy.polynomial.polyutils.mapparms.html]
[numpy.org/doc/stable/reference/generated/numpy.roots.html]
[numpy.org/doc/stable/reference/generated/numpy.polyder.html]
[numpy.org/doc/stable/reference/generated/numpy.polyint.html]
[numpy.org/doc/stable/reference/routines.polynomials.poly1d.html]
[numpy.org/doc/stable/reference/generated/numpy.polydiv.html]
[numpy.org/doc/stable/reference/generated/numpy.poly1d.__call__.html]
[numpy.org/doc/stable/reference/generated/numpy.poly1d.variable.html]
[numpy.org/doc/stable/reference/generated/numpy.poly1d.c.html]
[numpy.org/doc/stable/reference/generated/numpy.poly1d.coef.html]
[numpy.org/doc/stable/reference/generated/numpy.poly1d.coefficients.html]
[numpy.org/doc/stable/reference/generated/numpy.poly1d.coeffs.html]
[numpy.org/doc/stable/reference/generated/numpy.poly1d.o.html]
[numpy.org/doc/stable/reference/generated/numpy.poly1d.order.html]
[numpy.org/doc/stable/reference/generated/numpy.poly1d.r.html]
[numpy.org/doc/stable/reference/generated/numpy.poly1d.deriv.html]
[numpy.org/doc/stable/reference/generated/numpy.poly1d.html]
[numpy.org/doc/stable/reference/generated/numpy.polyadd.html]
[numpy.org/doc/stable/reference/generated/numpy.polyval.html]
[numpy.org/doc/stable/reference/generated/numpy.poly1d.integ.html]
[numpy.org/doc/stable/_images/numpy-polyfit-1.png]
[numpy.org/doc/stable/reference/generated/numpy.polyfit.html]
[numpy.org/doc/stable/reference/generated/numpy.polynomial.polynomial.Polynomial.__call__.html]
[numpy.org/doc/stable/reference/generated/numpy.polynomial.polynomial.Polynomial.domain.html]
[numpy.org/doc/stable/reference/generated/numpy.polynomial.polynomial.Polynomial.basis.html]
[numpy.org/doc/stable/reference/generated/numpy.polynomial.polynomial.Polynomial.cast.html]
[numpy.org/doc/stable/reference/generated/numpy.polynomial.polynomial.Polynomial.copy.html]
[numpy.org/doc/stable/reference/generated/numpy.polynomial.polynomial.Polynomial.cutdeg.html]
[numpy.org/doc/stable/reference/generated/numpy.polynomial.polynomial.Polynomial.degree.html]
[numpy.org/doc/stable/reference/generated/numpy.polynomial.polynomial.Polynomial.deriv.html]
[numpy.org/doc/stable/reference/generated/numpy.polynomial.polynomial.Polynomial.fromroots.html]
[numpy.org/doc/stable/reference/generated/numpy.polynomial.polynomial.Polynomial.has_samecoef.html]
[numpy.org/doc/stable/reference/generated/numpy.polynomial.polynomial.Polynomial.has_samedomain.html]
[numpy.org/doc/stable/reference/generated/numpy.polynomial.polynomial.Polynomial.has_sametype.html]
[numpy.org/doc/stable/reference/generated/numpy.polynomial.polynomial.Polynomial.has_samewindow.html]
[numpy.org/doc/stable/reference/generated/numpy.polynomial.polynomial.Polynomial.identity.html]
[numpy.org/doc/stable/reference/generated/numpy.polynomial.polynomial.Polynomial.integ.html]
[numpy.org/doc/stable/reference/generated/numpy.polynomial.polynomial.Polynomial.linspace.html]
[numpy.org/doc/stable/reference/generated/numpy.polynomial.polynomial.Polynomial.mapparms.html]
[numpy.org/doc/stable/reference/generated/numpy.polynomial.polynomial.Polynomial.roots.html]
[numpy.org/doc/stable/reference/generated/numpy.polynomial.polynomial.Polynomial.trim.html]
[numpy.org/doc/stable/reference/generated/numpy.polynomial.polynomial.Polynomial.html]
[numpy.org/doc/stable/reference/generated/numpy.polynomial.polynomial.Polynomial.truncate.html]
[numpy.org/doc/stable/reference/generated/numpy.polynomial.chebyshev.Chebyshev.__call__.html]
[numpy.org/doc/stable/reference/generated/numpy.polynomial.chebyshev.Chebyshev.domain.html]
[numpy.org/doc/stable/reference/generated/numpy.polynomial.chebyshev.Chebyshev.basis.html]
[numpy.org/doc/stable/reference/generated/numpy.polynomial.chebyshev.Chebyshev.cast.html]
[numpy.org/doc/stable/reference/generated/numpy.polynomial.chebyshev.Chebyshev.convert.html]
[numpy.org/doc/stable/reference/generated/numpy.polynomial.chebyshev.Chebyshev.copy.html]
[numpy.org/doc/stable/reference/generated/numpy.polynomial.chebyshev.Chebyshev.cutdeg.html]
[numpy.org/doc/stable/reference/generated/numpy.polynomial.chebyshev.Chebyshev.degree.html]
[numpy.org/doc/stable/reference/generated/numpy.polynomial.chebyshev.Chebyshev.deriv.html]
[numpy.org/doc/stable/reference/generated/numpy.polynomial.chebyshev.Chebyshev.fromroots.html]
[numpy.org/doc/stable/reference/generated/numpy.polynomial.chebyshev.Chebyshev.has_samecoef.html]
[numpy.org/doc/stable/reference/generated/numpy.polynomial.chebyshev.Chebyshev.has_samedomain.html]
[numpy.org/doc/stable/reference/generated/numpy.polynomial.chebyshev.Chebyshev.has_sametype.html]
[numpy.org/doc/stable/reference/generated/numpy.polynomial.chebyshev.Chebyshev.has_samewindow.html]
[numpy.org/doc/stable/reference/generated/numpy.polynomial.chebyshev.Chebyshev.identity.html]
[numpy.org/doc/stable/reference/generated/numpy.polynomial.chebyshev.Chebyshev.integ.html]
[numpy.org/doc/stable/reference/generated/numpy.polynomial.chebyshev.Chebyshev.interpolate.html]
[numpy.org/doc/stable/reference/generated/numpy.polynomial.chebyshev.Chebyshev.linspace.html]
[numpy.org/doc/stable/reference/generated/numpy.polynomial.chebyshev.Chebyshev.mapparms.html]
[numpy.org/doc/stable/reference/generated/numpy.polynomial.chebyshev.Chebyshev.roots.html]
[numpy.org/doc/stable/reference/generated/numpy.polynomial.chebyshev.Chebyshev.trim.html]
[numpy.org/doc/stable/reference/generated/numpy.polynomial.chebyshev.Chebyshev.html]
[numpy.org/doc/stable/reference/generated/numpy.poly.html]
[numpy.org/doc/stable/reference/routines.polynomials-2.html]
[numpy.org/doc/stable/reference/generated/numpy.polynomial.polynomial.Polynomial.fit.html]
[numpy.org/doc/stable/reference/generated/numpy.polynomial.polynomial.Polynomial.convert.html]
[numpy.org/doc/stable/reference/generated/numpy.polynomial.chebyshev.Chebyshev.truncate.html]
[numpy.org/doc/stable/reference/random/generated/numpy.random.Generator.bit_generator.html]
[numpy.org/doc/stable/reference/random/generated/numpy.random.Generator.spawn.html]
[numpy.org/doc/stable/reference/random/generated/numpy.random.Generator.integers.html]
[numpy.org/doc/stable/reference/random/generated/numpy.random.Generator.random.html]
[numpy.org/doc/stable/reference/random/generated/numpy.random.Generator.choice.html]
[numpy.org/doc/stable/reference/random/generated/numpy.random.Generator.bytes.html]
[numpy.org/doc/stable/reference/random/generated/numpy.random.Generator.shuffle.html]
[numpy.org/doc/stable/reference/random/generated/numpy.random.Generator.permutation.html]
[numpy.org/doc/stable/reference/random/generated/numpy.random.Generator.permuted.html]
[numpy.org/doc/stable/reference/random/generated/numpy.random.Generator.beta.html]
[numpy.org/doc/stable/reference/random/generated/numpy.random.Generator.binomial.html]
[numpy.org/doc/stable/reference/random/generated/numpy.random.Generator.chisquare.html]
[numpy.org/doc/stable/reference/random/generated/numpy.random.Generator.dirichlet.html]
[numpy.org/doc/stable/reference/random/generated/numpy.random.Generator.exponential.html]
[numpy.org/doc/stable/reference/random/generated/numpy.random.Generator.f.html]
[numpy.org/doc/stable/reference/random/generated/numpy.random.Generator.gamma.html]
[numpy.org/doc/stable/reference/random/generated/numpy.random.Generator.geometric.html]
[numpy.org/doc/stable/reference/random/generated/numpy.random.Generator.gumbel.html]
[numpy.org/doc/stable/reference/random/generated/numpy.random.Generator.hypergeometric.html]
[numpy.org/doc/stable/reference/random/generated/numpy.random.Generator.laplace.html]
[numpy.org/doc/stable/reference/random/generated/numpy.random.Generator.logistic.html]
[numpy.org/doc/stable/reference/random/generated/numpy.random.Generator.lognormal.html]
[numpy.org/doc/stable/reference/random/generated/numpy.random.Generator.logseries.html]
[numpy.org/doc/stable/reference/random/generated/numpy.random.Generator.multinomial.html]
[numpy.org/doc/stable/reference/random/generated/numpy.random.Generator.multivariate_hypergeometric.html]
[numpy.org/doc/stable/reference/random/generated/numpy.random.Generator.multivariate_normal.html]
[numpy.org/doc/stable/reference/random/generated/numpy.random.Generator.negative_binomial.html]
[numpy.org/doc/stable/reference/random/generated/numpy.random.Generator.noncentral_chisquare.html]
[numpy.org/doc/stable/reference/random/generated/numpy.random.Generator.noncentral_f.html]
[numpy.org/doc/stable/reference/random/generated/numpy.random.Generator.normal.html]
[numpy.org/doc/stable/reference/random/generated/numpy.random.Generator.pareto.html]
[numpy.org/doc/stable/reference/random/generated/numpy.random.Generator.poisson.html]
[numpy.org/doc/stable/reference/random/generated/numpy.random.Generator.power.html]
[numpy.org/doc/stable/reference/random/generated/numpy.random.Generator.rayleigh.html]
[numpy.org/doc/stable/reference/random/generated/numpy.random.Generator.standard_cauchy.html]
[numpy.org/doc/stable/reference/random/generated/numpy.random.Generator.standard_exponential.html]
[numpy.org/doc/stable/reference/random/generated/numpy.random.Generator.standard_gamma.html]
[numpy.org/doc/stable/reference/random/generated/numpy.random.Generator.standard_normal.html]
[numpy.org/doc/stable/reference/random/generated/numpy.random.Generator.standard_t.html]
[numpy.org/doc/stable/reference/random/generated/numpy.random.Generator.triangular.html]
[numpy.org/doc/stable/reference/random/generated/numpy.random.Generator.uniform.html]
[numpy.org/doc/stable/reference/random/generated/numpy.random.Generator.vonmises.html]
[numpy.org/doc/stable/reference/random/generated/numpy.random.Generator.wald.html]
[numpy.org/doc/stable/reference/random/generated/numpy.random.Generator.weibull.html]
[numpy.org/doc/stable/reference/random/generator.html]
[numpy.org/doc/stable/reference/generated/numpy.polynomial.set_default_printstyle.html]
[numpy.org/doc/stable/reference/random/generated/numpy.random.Generator.zipf.html]
[numpy.org/doc/stable/reference/random/generated/numpy.random.RandomState.get_state.html]
[numpy.org/doc/stable/reference/random/generated/numpy.random.RandomState.set_state.html]
[numpy.org/doc/stable/reference/random/generated/numpy.random.RandomState.seed.html]
[numpy.org/doc/stable/reference/random/generated/numpy.random.RandomState.rand.html]
[numpy.org/doc/stable/reference/random/generated/numpy.random.RandomState.randint.html]
[numpy.org/doc/stable/reference/random/generated/numpy.random.RandomState.random_integers.html]
[numpy.org/doc/stable/reference/random/generated/numpy.random.RandomState.random_sample.html]
[numpy.org/doc/stable/reference/random/generated/numpy.random.RandomState.choice.html]
[numpy.org/doc/stable/reference/random/generated/numpy.random.RandomState.bytes.html]
[numpy.org/doc/stable/reference/random/generated/numpy.random.RandomState.shuffle.html]
[numpy.org/doc/stable/reference/random/generated/numpy.random.RandomState.permutation.html]
[numpy.org/doc/stable/reference/random/generated/numpy.random.RandomState.beta.html]
[numpy.org/doc/stable/reference/random/generated/numpy.random.RandomState.binomial.html]
[numpy.org/doc/stable/reference/random/generated/numpy.random.RandomState.chisquare.html]
[numpy.org/doc/stable/reference/random/generated/numpy.random.RandomState.dirichlet.html]
[numpy.org/doc/stable/reference/random/generated/numpy.random.RandomState.exponential.html]
[numpy.org/doc/stable/reference/random/generated/numpy.random.RandomState.f.html]
[numpy.org/doc/stable/reference/random/generated/numpy.random.RandomState.gamma.html]
[numpy.org/doc/stable/reference/random/generated/numpy.random.RandomState.geometric.html]
[numpy.org/doc/stable/reference/random/generated/numpy.random.RandomState.gumbel.html]
[numpy.org/doc/stable/reference/random/generated/numpy.random.RandomState.hypergeometric.html]
[numpy.org/doc/stable/reference/random/generated/numpy.random.RandomState.laplace.html]
[numpy.org/doc/stable/reference/random/generated/numpy.random.RandomState.logistic.html]
[numpy.org/doc/stable/reference/random/generated/numpy.random.RandomState.lognormal.html]
[numpy.org/doc/stable/reference/random/generated/numpy.random.RandomState.logseries.html]
[numpy.org/doc/stable/reference/random/generated/numpy.random.RandomState.multinomial.html]
[numpy.org/doc/stable/reference/random/generated/numpy.random.RandomState.multivariate_normal.html]
[numpy.org/doc/stable/reference/random/generated/numpy.random.RandomState.negative_binomial.html]
[numpy.org/doc/stable/reference/random/generated/numpy.random.RandomState.noncentral_chisquare.html]
[numpy.org/doc/stable/reference/random/generated/numpy.random.RandomState.noncentral_f.html]
[numpy.org/doc/stable/reference/random/generated/numpy.random.RandomState.normal.html]
[numpy.org/doc/stable/reference/random/generated/numpy.random.RandomState.pareto.html]
[numpy.org/doc/stable/reference/random/generated/numpy.random.RandomState.poisson.html]
[numpy.org/doc/stable/reference/random/generated/numpy.random.RandomState.power.html]
[numpy.org/doc/stable/reference/random/generated/numpy.random.RandomState.rayleigh.html]
[numpy.org/doc/stable/reference/random/generated/numpy.random.RandomState.standard_cauchy.html]
[numpy.org/doc/stable/reference/random/generated/numpy.random.RandomState.standard_exponential.html]
[numpy.org/doc/stable/reference/random/generated/numpy.random.RandomState.standard_gamma.html]
[numpy.org/doc/stable/reference/random/generated/numpy.random.RandomState.standard_normal.html]
[numpy.org/doc/stable/reference/random/generated/numpy.random.RandomState.standard_t.html]
[numpy.org/doc/stable/reference/random/generated/numpy.random.RandomState.triangular.html]
[numpy.org/doc/stable/reference/random/generated/numpy.random.RandomState.uniform.html]
[numpy.org/doc/stable/reference/random/generated/numpy.random.RandomState.vonmises.html]
[numpy.org/doc/stable/reference/random/generated/numpy.random.RandomState.wald.html]
[numpy.org/doc/stable/reference/random/generated/numpy.random.RandomState.weibull.html]
[numpy.org/doc/stable/reference/random/generated/numpy.random.RandomState.zipf.html]
[numpy.org/doc/stable/reference/random/generated/numpy.random.beta.html]
[numpy.org/doc/stable/reference/random/generated/numpy.random.binomial.html]
[numpy.org/doc/stable/reference/random/generated/numpy.random.bytes.html]
[numpy.org/doc/stable/reference/random/generated/numpy.random.chisquare.html]
[numpy.org/doc/stable/reference/random/generated/numpy.random.choice.html]
[numpy.org/doc/stable/reference/random/generated/numpy.random.dirichlet.html]
[numpy.org/doc/stable/reference/random/generated/numpy.random.exponential.html]
[numpy.org/doc/stable/reference/random/generated/numpy.random.f.html]
[numpy.org/doc/stable/reference/random/generated/numpy.random.gamma.html]
[numpy.org/doc/stable/reference/random/generated/numpy.random.geometric.html]
[numpy.org/doc/stable/reference/random/generated/numpy.random.get_state.html]
[numpy.org/doc/stable/reference/random/generated/numpy.random.gumbel.html]
[numpy.org/doc/stable/reference/random/generated/numpy.random.hypergeometric.html]
[numpy.org/doc/stable/reference/random/generated/numpy.random.laplace.html]
[numpy.org/doc/stable/reference/random/generated/numpy.random.logistic.html]
[numpy.org/doc/stable/reference/random/generated/numpy.random.lognormal.html]
[numpy.org/doc/stable/reference/random/generated/numpy.random.logseries.html]
[numpy.org/doc/stable/reference/random/generated/numpy.random.multinomial.html]
[numpy.org/doc/stable/reference/random/generated/numpy.random.multivariate_normal.html]
[numpy.org/doc/stable/reference/random/generated/numpy.random.negative_binomial.html]
[numpy.org/doc/stable/reference/random/generated/numpy.random.noncentral_chisquare.html]
[numpy.org/doc/stable/reference/random/generated/numpy.random.noncentral_f.html]
[numpy.org/doc/stable/reference/random/generated/numpy.random.normal.html]
[numpy.org/doc/stable/reference/random/generated/numpy.random.pareto.html]
[numpy.org/doc/stable/reference/random/generated/numpy.random.permutation.html]
[numpy.org/doc/stable/reference/random/generated/numpy.random.poisson.html]
[numpy.org/doc/stable/reference/random/generated/numpy.random.power.html]
[numpy.org/doc/stable/reference/random/generated/numpy.random.rand.html]
[numpy.org/doc/stable/reference/random/generated/numpy.random.randint.html]
[numpy.org/doc/stable/reference/random/generated/numpy.random.randn.html]
[numpy.org/doc/stable/reference/random/generated/numpy.random.random.html]
[numpy.org/doc/stable/reference/random/generated/numpy.random.random_integers.html]
[numpy.org/doc/stable/reference/random/generated/numpy.random.random_sample.html]
[numpy.org/doc/stable/reference/random/generated/numpy.random.ranf.html]
[numpy.org/doc/stable/reference/random/generated/numpy.random.rayleigh.html]
[numpy.org/doc/stable/reference/random/generated/numpy.random.sample.html]
[numpy.org/doc/stable/reference/random/generated/numpy.random.seed.html]
[numpy.org/doc/stable/reference/random/generated/numpy.random.set_state.html]
[numpy.org/doc/stable/reference/random/generated/numpy.random.shuffle.html]
[numpy.org/doc/stable/reference/random/generated/numpy.random.standard_cauchy.html]
[numpy.org/doc/stable/reference/random/generated/numpy.random.standard_gamma.html]
[numpy.org/doc/stable/reference/random/generated/numpy.random.standard_exponential.html]
[numpy.org/doc/stable/reference/random/generated/numpy.random.standard_normal.html]
[numpy.org/doc/stable/reference/random/generated/numpy.random.triangular.html]
[numpy.org/doc/stable/reference/random/generated/numpy.random.standard_t.html]
[numpy.org/doc/stable/reference/random/generated/numpy.random.uniform.html]
[numpy.org/doc/stable/reference/random/generated/numpy.random.wald.html]
[numpy.org/doc/stable/reference/random/generated/numpy.random.vonmises.html]
[numpy.org/doc/stable/reference/random/generated/numpy.random.weibull.html]
[numpy.org/doc/stable/reference/random/legacy.html]
[numpy.org/doc/stable/reference/random/bit_generators/pcg64dxsm.html]
[numpy.org/doc/stable/reference/random/generated/numpy.random.zipf.html]
[numpy.org/doc/stable/reference/random/bit_generators/philox.html]
[numpy.org/doc/stable/reference/random/bit_generators/generated/numpy.random.PCG64.advance.html]
[numpy.org/doc/stable/reference/random/bit_generators/sfc64.html]
[numpy.org/doc/stable/reference/random/bit_generators/generated/numpy.random.MT19937.jumped.html]
[numpy.org/doc/stable/reference/random/bit_generators/index.html]
[numpy.org/doc/stable/reference/random/bit_generators/generated/numpy.random.BitGenerator.spawn.html]
[numpy.org/doc/stable/reference/random/bit_generators/generated/numpy.random.SeedSequence.spawn.html]
[numpy.org/doc/stable/reference/random/upgrading-pcg64.html]
[numpy.org/doc/stable/reference/random/compatibility.html]
[numpy.org/doc/stable/reference/random/parallel.html]
[numpy.org/doc/stable/reference/random/multithreading.html]
[numpy.org/doc/stable/reference/random/bit_generators/generated/numpy.random.PCG64.jumped.html]
[numpy.org/doc/stable/reference/random/bit_generators/generated/numpy.random.PCG64.ctypes.html]
[numpy.org/doc/stable/reference/random/new-or-different.html]
[numpy.org/doc/stable/reference/random/performance.html]
[numpy.org/doc/stable/reference/random/c-api.html]
[numpy.org/doc/stable/reference/random/bit_generators/generated/numpy.random.PCG64.cffi.html]
[numpy.org/doc/stable/reference/random/bit_generators/generated/numpy.random.BitGenerator.cffi.html]
[numpy.org/doc/stable/reference/random/extending.html]
[numpy.org/doc/stable/reference/random/examples/cython/meson.build.html]
[numpy.org/doc/stable/reference/random/examples/cython/extending.pyx.html]
[numpy.org/doc/stable/reference/random/bit_generators/generated/numpy.random.SeedSequence.generate_state.html]
[numpy.org/doc/stable/reference/random/bit_generators/generated/numpy.random.SFC64.ctypes.html]
[numpy.org/doc/stable/reference/random/bit_generators/generated/numpy.random.SeedSequence.entropy.html]
[numpy.org/doc/stable/reference/random/bit_generators/generated/numpy.random.SeedSequence.html]
[numpy.org/doc/stable/reference/random/bit_generators/generated/numpy.random.SeedSequence.spawn_key.html]
[numpy.org/doc/stable/reference/random/bit_generators/generated/numpy.random.BitGenerator.html]
[numpy.org/doc/stable/reference/random/bit_generators/generated/numpy.random.BitGenerator.random_raw.html]
[numpy.org/doc/stable/reference/random/bit_generators/generated/numpy.random.PCG64.state.html]
[numpy.org/doc/stable/reference/random/bit_generators/pcg64.html]
[numpy.org/doc/stable/reference/random/bit_generators/generated/numpy.random.MT19937.ctypes.html]
[numpy.org/doc/stable/reference/random/bit_generators/generated/numpy.random.MT19937.state.html]
[numpy.org/doc/stable/reference/random/bit_generators/mt19937.html]
[numpy.org/doc/stable/reference/reference/routines.html]
[numpy.org/doc/stable/reference/generated/numpy.unique_all.html]
[numpy.org/doc/stable/reference/generated/numpy.polysub.html]
[numpy.org/doc/stable/reference/generated/numpy.unique_counts.html]
[numpy.org/doc/stable/reference/generated/numpy.unique_inverse.html]
[numpy.org/doc/stable/reference/generated/numpy.unique_values.html]
[numpy.org/doc/stable/reference/generated/numpy.in1d.html]
[numpy.org/doc/stable/reference/generated/numpy.intersect1d.html]
[numpy.org/doc/stable/reference/generated/numpy.isin.html]
[numpy.org/doc/stable/reference/generated/numpy.setdiff1d.html]
[numpy.org/doc/stable/reference/generated/numpy.setxor1d.html]
[numpy.org/doc/stable/reference/generated/numpy.union1d.html]
[numpy.org/doc/stable/reference/generated/numpy.lexsort.html]
[numpy.org/doc/stable/reference/generated/numpy.sort_complex.html]
[numpy.org/doc/stable/reference/generated/numpy.nanargmax.html]
[numpy.org/doc/stable/reference/generated/numpy.nanargmin.html]
[numpy.org/doc/stable/reference/generated/numpy.argwhere.html]
[numpy.org/doc/stable/reference/generated/numpy.flatnonzero.html]
[numpy.org/doc/stable/reference/generated/numpy.extract.html]
[numpy.org/doc/stable/reference/generated/numpy.count_nonzero.html]
[numpy.org/doc/stable/reference/generated/numpy.ptp.html]
[numpy.org/doc/stable/reference/random/bit_generators/generated/numpy.random.MT19937.cffi.html]
[numpy.org/doc/stable/_images/numpy-percentile-1.png]
[numpy.org/doc/stable/reference/generated/numpy.percentile.html]
[numpy.org/doc/stable/reference/generated/numpy.nanpercentile.html]
[numpy.org/doc/stable/reference/generated/numpy.quantile.html]
[numpy.org/doc/stable/reference/generated/numpy.nanquantile.html]
[numpy.org/doc/stable/reference/generated/numpy.average.html]
[numpy.org/doc/stable/reference/generated/numpy.nanmedian.html]
[numpy.org/doc/stable/reference/generated/numpy.nanmean.html]
[numpy.org/doc/stable/reference/generated/numpy.nanstd.html]
[numpy.org/doc/stable/reference/generated/numpy.nanvar.html]
[numpy.org/doc/stable/reference/generated/numpy.corrcoef.html]
[numpy.org/doc/stable/reference/generated/numpy.correlate.html]
[numpy.org/doc/stable/reference/generated/numpy.cov.html]
[numpy.org/doc/stable/_images/numpy-histogram-1.png]
[numpy.org/doc/stable/reference/generated/numpy.histogram.html]
[numpy.org/doc/stable/_images/numpy-histogram2d-1_00_00.png]
[numpy.org/doc/stable/_images/numpy-histogram2d-1_01_00.png]
[numpy.org/doc/stable/reference/generated/numpy.histogram2d.html]
[numpy.org/doc/stable/reference/generated/numpy.histogramdd.html]
[numpy.org/doc/stable/reference/generated/numpy.bincount.html]
[numpy.org/doc/stable/reference/generated/numpy.histogram_bin_edges.html]
[numpy.org/doc/stable/reference/generated/numpy.digitize.html]
[numpy.org/doc/stable/reference/generated/numpy.testing.assert_allclose.html]
[numpy.org/doc/stable/reference/generated/numpy.testing.assert_array_almost_equal_nulp.html]
[numpy.org/doc/stable/reference/generated/numpy.testing.assert_array_max_ulp.html]
[numpy.org/doc/stable/reference/generated/numpy.testing.assert_array_equal.html]
[numpy.org/doc/stable/reference/generated/numpy.testing.assert_array_less.html]
[numpy.org/doc/stable/reference/generated/numpy.testing.assert_equal.html]
[numpy.org/doc/stable/reference/generated/numpy.testing.assert_raises.html]
[numpy.org/doc/stable/reference/generated/numpy.testing.assert_raises_regex.html]
[numpy.org/doc/stable/reference/generated/numpy.testing.assert_warns.html]
[numpy.org/doc/stable/reference/generated/numpy.testing.assert_no_warnings.html]
[numpy.org/doc/stable/reference/generated/numpy.testing.assert_no_gc_cycles.html]
[numpy.org/doc/stable/reference/generated/numpy.testing.assert_string_equal.html]
[numpy.org/doc/stable/reference/generated/numpy.testing.assert_.html]
[numpy.org/doc/stable/reference/generated/numpy.testing.assert_almost_equal.html]
[numpy.org/doc/stable/reference/generated/numpy.testing.assert_approx_equal.html]
[numpy.org/doc/stable/reference/generated/numpy.testing.assert_array_almost_equal.html]
[numpy.org/doc/stable/reference/generated/numpy.testing.print_assert_equal.html]
[numpy.org/doc/stable/reference/generated/numpy.testing.decorate_methods.html]
[numpy.org/doc/stable/reference/generated/numpy.testing.clear_and_catch_warnings.html]
[numpy.org/doc/stable/reference/generated/numpy.testing.measure.html]
[numpy.org/doc/stable/reference/generated/numpy.testing.rundocs.html]
[numpy.org/doc/stable/reference/generated/numpy.testing.suppress_warnings.__call__.html]
[numpy.org/doc/stable/reference/generated/numpy.testing.suppress_warnings.filter.html]
[numpy.org/doc/stable/reference/generated/numpy.testing.suppress_warnings.html]
[numpy.org/doc/stable/reference/generated/numpy.testing.overrides.allows_array_function_override.html]
[numpy.org/doc/stable/reference/generated/numpy.testing.overrides.allows_array_ufunc_override.html]
[numpy.org/doc/stable/reference/generated/numpy.testing.overrides.get_overridable_numpy_ufuncs.html]
[numpy.org/doc/stable/reference/generated/numpy.testing.overrides.get_overridable_numpy_array_functions.html]
[numpy.org/doc/stable/reference/generated/numpy.testing.suppress_warnings.record.html]
[numpy.org/doc/stable/_images/numpy-bartlett-1_00_00.png]
[numpy.org/doc/stable/_images/numpy-bartlett-1_01_00.png]
[numpy.org/doc/stable/reference/generated/numpy.bartlett.html]
[numpy.org/doc/stable/_images/numpy-blackman-1_00_00.png]
[numpy.org/doc/stable/_images/numpy-blackman-1_01_00.png]
[numpy.org/doc/stable/reference/generated/numpy.blackman.html]
[numpy.org/doc/stable/_images/numpy-hamming-1_00_00.png]
[numpy.org/doc/stable/_images/numpy-hamming-1_01_00.png]
[numpy.org/doc/stable/reference/generated/numpy.hamming.html]
[numpy.org/doc/stable/_images/numpy-hanning-1_00_00.png]
[numpy.org/doc/stable/_images/numpy-hanning-1_01_00.png]
[numpy.org/doc/stable/reference/generated/numpy.hanning.html]
[numpy.org/doc/stable/reference/generated/numpy.ndarray.setfield.html]
[numpy.org/doc/stable/reference/generated/numpy.ndarray.conjugate.html]
[numpy.org/doc/stable/reference/generated/numpy.polynomial.legendre.Legendre.__call__.html]
[numpy.org/doc/stable/reference/generated/numpy.polynomial.legendre.Legendre.domain.html]
[numpy.org/doc/stable/reference/generated/numpy.polynomial.legendre.Legendre.basis.html]
[numpy.org/doc/stable/reference/generated/numpy.polynomial.legendre.Legendre.cast.html]
[numpy.org/doc/stable/reference/generated/numpy.polynomial.legendre.Legendre.convert.html]
[numpy.org/doc/stable/reference/generated/numpy.polynomial.legendre.Legendre.copy.html]
[numpy.org/doc/stable/reference/generated/numpy.polynomial.legendre.Legendre.cutdeg.html]
[numpy.org/doc/stable/reference/generated/numpy.polynomial.legendre.Legendre.degree.html]
[numpy.org/doc/stable/reference/generated/numpy.polynomial.legendre.Legendre.deriv.html]
[numpy.org/doc/stable/reference/generated/numpy.polynomial.legendre.Legendre.fit.html]
[numpy.org/doc/stable/reference/generated/numpy.polynomial.legendre.Legendre.fromroots.html]
[numpy.org/doc/stable/reference/generated/numpy.polynomial.legendre.Legendre.has_samecoef.html]
[numpy.org/doc/stable/reference/generated/numpy.polynomial.legendre.Legendre.has_samedomain.html]
[numpy.org/doc/stable/reference/generated/numpy.polynomial.legendre.Legendre.has_sametype.html]
[numpy.org/doc/stable/reference/generated/numpy.polynomial.legendre.Legendre.has_samewindow.html]
[numpy.org/doc/stable/reference/generated/numpy.polynomial.legendre.Legendre.identity.html]
[numpy.org/doc/stable/reference/generated/numpy.polynomial.legendre.Legendre.integ.html]
[numpy.org/doc/stable/reference/generated/numpy.polynomial.legendre.Legendre.linspace.html]
[numpy.org/doc/stable/reference/generated/numpy.polynomial.legendre.Legendre.mapparms.html]
[numpy.org/doc/stable/reference/generated/numpy.polynomial.legendre.Legendre.roots.html]
[numpy.org/doc/stable/reference/generated/numpy.polynomial.legendre.Legendre.trim.html]
[numpy.org/doc/stable/reference/generated/numpy.polynomial.legendre.Legendre.html]
[numpy.org/doc/stable/reference/generated/numpy.polynomial.legendre.Legendre.truncate.html]
[numpy.org/doc/stable/reference/generated/numpy.polynomial.laguerre.Laguerre.__call__.html]
[numpy.org/doc/stable/reference/generated/numpy.polynomial.laguerre.Laguerre.domain.html]
[numpy.org/doc/stable/reference/generated/numpy.polynomial.laguerre.Laguerre.basis.html]
[numpy.org/doc/stable/reference/generated/numpy.polynomial.laguerre.Laguerre.cast.html]
[numpy.org/doc/stable/reference/generated/numpy.polynomial.laguerre.Laguerre.convert.html]
[numpy.org/doc/stable/reference/generated/numpy.polynomial.laguerre.Laguerre.copy.html]
[numpy.org/doc/stable/reference/generated/numpy.polynomial.laguerre.Laguerre.cutdeg.html]
[numpy.org/doc/stable/reference/generated/numpy.polynomial.laguerre.Laguerre.degree.html]
[numpy.org/doc/stable/reference/generated/numpy.polynomial.laguerre.Laguerre.deriv.html]
[numpy.org/doc/stable/reference/generated/numpy.polynomial.laguerre.Laguerre.fit.html]
[numpy.org/doc/stable/reference/generated/numpy.polynomial.laguerre.Laguerre.fromroots.html]
[numpy.org/doc/stable/reference/generated/numpy.polynomial.laguerre.Laguerre.has_samecoef.html]
[numpy.org/doc/stable/reference/generated/numpy.polynomial.laguerre.Laguerre.has_samedomain.html]
[numpy.org/doc/stable/reference/generated/numpy.polynomial.laguerre.Laguerre.has_sametype.html]
[numpy.org/doc/stable/reference/generated/numpy.polynomial.laguerre.Laguerre.has_samewindow.html]
[numpy.org/doc/stable/reference/generated/numpy.polynomial.laguerre.Laguerre.identity.html]
[numpy.org/doc/stable/reference/generated/numpy.polynomial.laguerre.Laguerre.integ.html]
[numpy.org/doc/stable/reference/generated/numpy.polynomial.laguerre.Laguerre.linspace.html]
[numpy.org/doc/stable/reference/generated/numpy.polynomial.laguerre.Laguerre.mapparms.html]
[numpy.org/doc/stable/reference/generated/numpy.polynomial.laguerre.Laguerre.roots.html]
[numpy.org/doc/stable/reference/generated/numpy.polynomial.laguerre.Laguerre.trim.html]
[numpy.org/doc/stable/reference/generated/numpy.polynomial.laguerre.Laguerre.html]
[numpy.org/doc/stable/reference/generated/numpy.polynomial.laguerre.Laguerre.truncate.html]
[numpy.org/doc/stable/reference/generated/numpy.polynomial.hermite.Hermite.__call__.html]
[numpy.org/doc/stable/reference/generated/numpy.polynomial.hermite.Hermite.domain.html]
[numpy.org/doc/stable/reference/generated/numpy.polynomial.hermite.Hermite.basis.html]
[numpy.org/doc/stable/reference/generated/numpy.polynomial.hermite.Hermite.cast.html]
[numpy.org/doc/stable/reference/generated/numpy.polynomial.hermite.Hermite.convert.html]
[numpy.org/doc/stable/reference/generated/numpy.polynomial.hermite.Hermite.copy.html]
[numpy.org/doc/stable/reference/generated/numpy.polynomial.hermite.Hermite.cutdeg.html]
[numpy.org/doc/stable/reference/generated/numpy.polynomial.hermite.Hermite.degree.html]
[numpy.org/doc/stable/reference/generated/numpy.polynomial.hermite.Hermite.deriv.html]
[numpy.org/doc/stable/reference/generated/numpy.polynomial.hermite.Hermite.fit.html]
[numpy.org/doc/stable/reference/generated/numpy.polynomial.hermite.Hermite.fromroots.html]
[numpy.org/doc/stable/reference/generated/numpy.polynomial.hermite.Hermite.has_samecoef.html]
[numpy.org/doc/stable/reference/generated/numpy.polynomial.hermite.Hermite.has_samedomain.html]
[numpy.org/doc/stable/reference/generated/numpy.polynomial.hermite.Hermite.has_sametype.html]
[numpy.org/doc/stable/reference/generated/numpy.polynomial.hermite.Hermite.has_samewindow.html]
[numpy.org/doc/stable/reference/generated/numpy.polynomial.hermite.Hermite.identity.html]
[numpy.org/doc/stable/reference/generated/numpy.polynomial.hermite.Hermite.integ.html]
[numpy.org/doc/stable/reference/generated/numpy.polynomial.hermite.Hermite.linspace.html]
[numpy.org/doc/stable/reference/generated/numpy.polynomial.hermite.Hermite.mapparms.html]
[numpy.org/doc/stable/reference/generated/numpy.polynomial.hermite.Hermite.roots.html]
[numpy.org/doc/stable/reference/generated/numpy.polynomial.hermite.Hermite.trim.html]
[numpy.org/doc/stable/reference/generated/numpy.polynomial.hermite.Hermite.html]
[numpy.org/doc/stable/reference/generated/numpy.polynomial.hermite.Hermite.truncate.html]
[numpy.org/doc/stable/reference/generated/numpy.polynomial.hermite_e.HermiteE.__call__.html]
[numpy.org/doc/stable/reference/generated/numpy.polynomial.hermite_e.HermiteE.domain.html]
[numpy.org/doc/stable/reference/generated/numpy.polynomial.hermite_e.HermiteE.basis.html]
[numpy.org/doc/stable/reference/generated/numpy.polynomial.hermite_e.HermiteE.cast.html]
[numpy.org/doc/stable/reference/generated/numpy.polynomial.hermite_e.HermiteE.convert.html]
[numpy.org/doc/stable/reference/generated/numpy.polynomial.hermite_e.HermiteE.copy.html]
[numpy.org/doc/stable/reference/generated/numpy.polynomial.hermite_e.HermiteE.cutdeg.html]
[numpy.org/doc/stable/reference/generated/numpy.polynomial.hermite_e.HermiteE.degree.html]
[numpy.org/doc/stable/reference/generated/numpy.polynomial.hermite_e.HermiteE.deriv.html]
[numpy.org/doc/stable/reference/generated/numpy.polynomial.hermite_e.HermiteE.fit.html]
[numpy.org/doc/stable/reference/generated/numpy.polynomial.hermite_e.HermiteE.fromroots.html]
[numpy.org/doc/stable/reference/generated/numpy.polynomial.hermite_e.HermiteE.has_samecoef.html]
[numpy.org/doc/stable/reference/generated/numpy.polynomial.hermite_e.HermiteE.has_samedomain.html]
[numpy.org/doc/stable/reference/generated/numpy.polynomial.hermite_e.HermiteE.has_sametype.html]
[numpy.org/doc/stable/reference/generated/numpy.polynomial.hermite_e.HermiteE.has_samewindow.html]
[numpy.org/doc/stable/reference/generated/numpy.polynomial.hermite_e.HermiteE.identity.html]
[numpy.org/doc/stable/reference/generated/numpy.polynomial.hermite_e.HermiteE.integ.html]
[numpy.org/doc/stable/reference/generated/numpy.polynomial.hermite_e.HermiteE.linspace.html]
[numpy.org/doc/stable/reference/generated/numpy.polynomial.hermite_e.HermiteE.mapparms.html]
[numpy.org/doc/stable/reference/generated/numpy.polynomial.hermite_e.HermiteE.roots.html]
[numpy.org/doc/stable/reference/generated/numpy.polynomial.hermite_e.HermiteE.trim.html]
[numpy.org/doc/stable/reference/generated/numpy.polynomial.hermite_e.HermiteE.html]
[numpy.org/doc/stable/reference/generated/numpy.polynomial.chebyshev.Chebyshev.fit.html]
[numpy.org/doc/stable/reference/generated/numpy.polynomial.chebyshev.chebfit.html]
[numpy.org/doc/stable/reference/generated/numpy.lib.add_docstring.html]
[numpy.org/doc/stable/reference/generated/numpy.lib.add_newdoc.html]
[numpy.org/doc/stable/reference/generated/numpy.polynomial.hermite_e.HermiteE.truncate.html]
[numpy.org/doc/stable/reference/generated/numpy.lib.Arrayterator.shape.html]
[numpy.org/doc/stable/reference/generated/numpy.lib.Arrayterator.html]
[numpy.org/doc/stable/reference/generated/numpy.lib.NumpyVersion.html]
[numpy.org/doc/stable/reference/generated/numpy.lib.Arrayterator.flat.html]
[numpy.org/doc/stable/reference/generated/numpy.lib.array_utils.byte_bounds.html]
[numpy.org/doc/stable/reference/generated/numpy.lib.array_utils.html]
[numpy.org/doc/stable/reference/generated/numpy.lib.array_utils.normalize_axis_index.html]
[numpy.org/doc/stable/reference/generated/numpy.lib.introspect.html]
[numpy.org/doc/stable/reference/generated/numpy.lib.mixins.html]
[numpy.org/doc/stable/reference/generated/numpy.lib.npyio.html]
[numpy.org/doc/stable/reference/generated/numpy.lib.introspect.opt_func_info.html]
[numpy.org/doc/stable/reference/generated/numpy.lib.scimath.arccos.html]
[numpy.org/doc/stable/reference/generated/numpy.lib.scimath.arcsin.html]
[numpy.org/doc/stable/reference/generated/numpy.lib.scimath.arctanh.html]
[numpy.org/doc/stable/reference/generated/numpy.lib.scimath.log.html]
[numpy.org/doc/stable/reference/generated/numpy.lib.scimath.log10.html]
[numpy.org/doc/stable/reference/generated/numpy.lib.scimath.log2.html]
[numpy.org/doc/stable/reference/generated/numpy.lib.scimath.logn.html]
[numpy.org/doc/stable/reference/generated/numpy.lib.scimath.power.html]
[numpy.org/doc/stable/reference/generated/numpy.lib.scimath.html]
[numpy.org/doc/stable/reference/generated/numpy.lib.stride_tricks.html]
[numpy.org/doc/stable/reference/generated/numpy.lib.stride_tricks.sliding_window_view.html]
[numpy.org/doc/stable/reference/generated/numpy.rec.find_duplicate.html]
[numpy.org/doc/stable/reference/generated/numpy.char.add.html]
[numpy.org/doc/stable/reference/generated/numpy.char.multiply.html]
[numpy.org/doc/stable/reference/generated/numpy.char.mod.html]
[numpy.org/doc/stable/reference/generated/numpy.char.capitalize.html]
[numpy.org/doc/stable/reference/generated/numpy.char.center.html]
[numpy.org/doc/stable/reference/generated/numpy.char.decode.html]
[numpy.org/doc/stable/reference/generated/numpy.char.encode.html]
[numpy.org/doc/stable/reference/generated/numpy.char.expandtabs.html]
[numpy.org/doc/stable/reference/generated/numpy.char.join.html]
[numpy.org/doc/stable/reference/generated/numpy.char.ljust.html]
[numpy.org/doc/stable/reference/generated/numpy.char.lower.html]
[numpy.org/doc/stable/reference/generated/numpy.char.lstrip.html]
[numpy.org/doc/stable/reference/generated/numpy.char.partition.html]
[numpy.org/doc/stable/reference/generated/numpy.char.replace.html]
[numpy.org/doc/stable/reference/generated/numpy.char.rjust.html]
[numpy.org/doc/stable/reference/generated/numpy.char.rpartition.html]
[numpy.org/doc/stable/reference/generated/numpy.char.rsplit.html]
[numpy.org/doc/stable/reference/generated/numpy.char.rstrip.html]
[numpy.org/doc/stable/reference/generated/numpy.char.split.html]
[numpy.org/doc/stable/reference/generated/numpy.char.splitlines.html]
[numpy.org/doc/stable/reference/generated/numpy.char.strip.html]
[numpy.org/doc/stable/reference/generated/numpy.char.swapcase.html]
[numpy.org/doc/stable/reference/generated/numpy.char.title.html]
[numpy.org/doc/stable/reference/generated/numpy.char.translate.html]
[numpy.org/doc/stable/reference/generated/numpy.char.upper.html]
[numpy.org/doc/stable/reference/generated/numpy.char.zfill.html]
[numpy.org/doc/stable/reference/generated/numpy.char.equal.html]
[numpy.org/doc/stable/reference/generated/numpy.char.not_equal.html]
[numpy.org/doc/stable/reference/generated/numpy.char.greater_equal.html]
[numpy.org/doc/stable/reference/generated/numpy.char.less_equal.html]
[numpy.org/doc/stable/reference/generated/numpy.char.greater.html]
[numpy.org/doc/stable/reference/generated/numpy.char.less.html]
[numpy.org/doc/stable/reference/generated/numpy.char.compare_chararrays.html]
[numpy.org/doc/stable/reference/generated/numpy.char.count.html]
[numpy.org/doc/stable/reference/generated/numpy.char.endswith.html]
[numpy.org/doc/stable/reference/generated/numpy.char.find.html]
[numpy.org/doc/stable/reference/generated/numpy.char.index.html]
[numpy.org/doc/stable/reference/generated/numpy.char.isalpha.html]
[numpy.org/doc/stable/reference/generated/numpy.char.isalnum.html]
[numpy.org/doc/stable/reference/generated/numpy.char.isdecimal.html]
[numpy.org/doc/stable/reference/generated/numpy.char.isdigit.html]
[numpy.org/doc/stable/reference/generated/numpy.char.islower.html]
[numpy.org/doc/stable/reference/generated/numpy.char.isnumeric.html]
[numpy.org/doc/stable/reference/generated/numpy.char.isspace.html]
[numpy.org/doc/stable/reference/generated/numpy.char.istitle.html]
[numpy.org/doc/stable/reference/generated/numpy.char.isupper.html]
[numpy.org/doc/stable/reference/generated/numpy.char.rfind.html]
[numpy.org/doc/stable/reference/generated/numpy.char.rindex.html]
[numpy.org/doc/stable/reference/generated/numpy.lib.scimath.sqrt.html]
[numpy.org/doc/stable/reference/generated/numpy.char.startswith.html]
[numpy.org/doc/stable/reference/generated/numpy.char.str_len.html]
[numpy.org/doc/stable/reference/generated/numpy.matlib.empty.html]
[numpy.org/doc/stable/reference/generated/numpy.matlib.zeros.html]
[numpy.org/doc/stable/reference/generated/numpy.matlib.ones.html]
[numpy.org/doc/stable/reference/generated/numpy.matlib.eye.html]
[numpy.org/doc/stable/reference/generated/numpy.matlib.identity.html]
[numpy.org/doc/stable/reference/generated/numpy.matlib.repmat.html]
[numpy.org/doc/stable/reference/generated/numpy.matlib.rand.html]
[numpy.org/doc/stable/reference/random/generated/numpy.random.RandomState.randn.html]
[numpy.org/doc/stable/reference/generated/numpy.ma.MaskedArray.__array__.html]
[numpy.org/doc/stable/reference/generated/numpy.ma.MaskedArray.base.html]
[numpy.org/doc/stable/reference/generated/numpy.ma.MaskedArray.ctypes.html]
[numpy.org/doc/stable/reference/generated/numpy.ma.MaskedArray.dtype.html]
[numpy.org/doc/stable/reference/generated/numpy.ma.MaskedArray.flags.html]
[numpy.org/doc/stable/reference/generated/numpy.ma.MaskedArray.itemsize.html]
[numpy.org/doc/stable/reference/generated/numpy.ma.MaskedArray.nbytes.html]
[numpy.org/doc/stable/reference/generated/numpy.ma.MaskedArray.ndim.html]
[numpy.org/doc/stable/reference/generated/numpy.ma.MaskedArray.shape.html]
[numpy.org/doc/stable/reference/generated/numpy.ma.MaskedArray.size.html]
[numpy.org/doc/stable/reference/generated/numpy.ma.MaskedArray.strides.html]
[numpy.org/doc/stable/reference/generated/numpy.ma.MaskedArray.imag.html]
[numpy.org/doc/stable/reference/generated/numpy.ma.MaskedArray.real.html]
[numpy.org/doc/stable/reference/generated/numpy.ma.MaskedArray.flat.html]
[numpy.org/doc/stable/reference/generated/numpy.ma.MaskedArray.__array_priority__.html]
[numpy.org/doc/stable/reference/generated/numpy.ma.MaskedArray.__float__.html]
[numpy.org/doc/stable/reference/generated/numpy.ma.MaskedArray.__int__.html]
[numpy.org/doc/stable/reference/generated/numpy.ma.MaskedArray.view.html]
[numpy.org/doc/stable/reference/generated/numpy.ma.MaskedArray.astype.html]
[numpy.org/doc/stable/reference/generated/numpy.ma.MaskedArray.byteswap.html]
[numpy.org/doc/stable/reference/generated/numpy.ma.MaskedArray.toflex.html]
[numpy.org/doc/stable/reference/generated/numpy.ma.MaskedArray.tostring.html]
[numpy.org/doc/stable/reference/generated/reference/generated/numpy.ma.MaskedArray.T]
[numpy.org/doc/stable/reference/generated/numpy.ma.MaskedArray.T.html]
[numpy.org/doc/stable/reference/generated/numpy.ma.MaskedArray.choose.html]
[numpy.org/doc/stable/reference/generated/numpy.ma.MaskedArray.compress.html]
[numpy.org/doc/stable/reference/generated/numpy.ma.MaskedArray.diagonal.html]
[numpy.org/doc/stable/reference/generated/numpy.ma.MaskedArray.fill.html]
[numpy.org/doc/stable/reference/generated/numpy.ma.MaskedArray.item.html]
[numpy.org/doc/stable/reference/generated/numpy.ma.MaskedArray.put.html]
[numpy.org/doc/stable/reference/generated/numpy.ma.MaskedArray.repeat.html]
[numpy.org/doc/stable/reference/generated/numpy.ma.MaskedArray.searchsorted.html]
[numpy.org/doc/stable/reference/generated/numpy.ma.MaskedArray.take.html]
[numpy.org/doc/stable/reference/generated/numpy.ma.MaskedArray.dump.html]
[numpy.org/doc/stable/reference/generated/numpy.ma.MaskedArray.dumps.html]
[numpy.org/doc/stable/reference/generated/numpy.ma.MaskedArray.conj.html]
[numpy.org/doc/stable/reference/generated/numpy.ma.MaskedArray.conjugate.html]
[numpy.org/doc/stable/reference/generated/numpy.ma.MaskedArray.product.html]
[numpy.org/doc/stable/reference/generated/numpy.ma.MaskedArray.__lt__.html]
[numpy.org/doc/stable/reference/generated/numpy.ma.MaskedArray.__le__.html]
[numpy.org/doc/stable/reference/generated/numpy.ma.MaskedArray.__gt__.html]
[numpy.org/doc/stable/reference/generated/numpy.ma.MaskedArray.__ge__.html]
[numpy.org/doc/stable/reference/generated/numpy.ma.MaskedArray.__eq__.html]
[numpy.org/doc/stable/reference/generated/numpy.ma.MaskedArray.__ne__.html]
[numpy.org/doc/stable/reference/generated/numpy.ma.MaskedArray.__bool__.html]
[numpy.org/doc/stable/reference/generated/numpy.ma.MaskedArray.__abs__.html]
[numpy.org/doc/stable/reference/generated/numpy.ma.MaskedArray.__add__.html]
[numpy.org/doc/stable/reference/generated/numpy.ma.MaskedArray.__radd__.html]
[numpy.org/doc/stable/reference/generated/numpy.ma.MaskedArray.__sub__.html]
[numpy.org/doc/stable/reference/generated/numpy.ma.MaskedArray.__rsub__.html]
[numpy.org/doc/stable/reference/generated/numpy.ma.MaskedArray.__mul__.html]
[numpy.org/doc/stable/reference/generated/numpy.ma.MaskedArray.__rmul__.html]
[numpy.org/doc/stable/reference/generated/numpy.ma.MaskedArray.__div__.html]
[numpy.org/doc/stable/reference/generated/numpy.ma.MaskedArray.__truediv__.html]
[numpy.org/doc/stable/reference/generated/numpy.ma.MaskedArray.__rtruediv__.html]
[numpy.org/doc/stable/reference/generated/numpy.ma.MaskedArray.__floordiv__.html]
[numpy.org/doc/stable/reference/generated/numpy.ma.MaskedArray.__rfloordiv__.html]
[numpy.org/doc/stable/reference/generated/numpy.ma.MaskedArray.__mod__.html]
[numpy.org/doc/stable/reference/generated/numpy.ma.MaskedArray.__rmod__.html]
[numpy.org/doc/stable/reference/generated/numpy.ma.MaskedArray.__divmod__.html]
[numpy.org/doc/stable/reference/generated/numpy.ma.MaskedArray.__rdivmod__.html]
[numpy.org/doc/stable/reference/generated/numpy.ma.MaskedArray.__pow__.html]
[numpy.org/doc/stable/reference/generated/numpy.ma.MaskedArray.__rpow__.html]
[numpy.org/doc/stable/reference/generated/numpy.ma.MaskedArray.__lshift__.html]
[numpy.org/doc/stable/reference/generated/numpy.ma.MaskedArray.__rlshift__.html]
[numpy.org/doc/stable/reference/generated/numpy.ma.MaskedArray.__rshift__.html]
[numpy.org/doc/stable/reference/generated/numpy.ma.MaskedArray.__rrshift__.html]
[numpy.org/doc/stable/reference/generated/numpy.ma.MaskedArray.__and__.html]
[numpy.org/doc/stable/reference/generated/numpy.ma.MaskedArray.__rand__.html]
[numpy.org/doc/stable/reference/generated/numpy.ma.MaskedArray.__or__.html]
[numpy.org/doc/stable/reference/generated/numpy.ma.MaskedArray.__ror__.html]
[numpy.org/doc/stable/reference/generated/numpy.ma.MaskedArray.__xor__.html]
[numpy.org/doc/stable/reference/generated/numpy.ma.MaskedArray.__rxor__.html]
[numpy.org/doc/stable/reference/generated/numpy.ma.MaskedArray.__iadd__.html]
[numpy.org/doc/stable/reference/generated/numpy.ma.MaskedArray.__isub__.html]
[numpy.org/doc/stable/reference/generated/numpy.ma.MaskedArray.__imul__.html]
[numpy.org/doc/stable/reference/generated/numpy.ma.MaskedArray.__idiv__.html]
[numpy.org/doc/stable/reference/generated/numpy.ma.MaskedArray.__itruediv__.html]
[numpy.org/doc/stable/reference/generated/numpy.ma.MaskedArray.__ifloordiv__.html]
[numpy.org/doc/stable/reference/generated/numpy.ma.MaskedArray.__imod__.html]
[numpy.org/doc/stable/reference/generated/numpy.ma.MaskedArray.__ipow__.html]
[numpy.org/doc/stable/reference/generated/numpy.ma.MaskedArray.__ilshift__.html]
[numpy.org/doc/stable/reference/generated/numpy.ma.MaskedArray.__irshift__.html]
[numpy.org/doc/stable/reference/generated/numpy.ma.MaskedArray.__iand__.html]
[numpy.org/doc/stable/reference/generated/numpy.ma.MaskedArray.__ior__.html]
[numpy.org/doc/stable/reference/generated/numpy.ma.MaskedArray.__ixor__.html]
[numpy.org/doc/stable/reference/generated/numpy.ma.MaskedArray.__repr__.html]
[numpy.org/doc/stable/reference/generated/numpy.ma.MaskedArray.__str__.html]
[numpy.org/doc/stable/reference/generated/numpy.ma.MaskedArray.ids.html]
[numpy.org/doc/stable/reference/generated/numpy.ma.MaskedArray.iscontiguous.html]
[numpy.org/doc/stable/reference/generated/numpy.ma.MaskedArray.__copy__.html]
[numpy.org/doc/stable/reference/generated/numpy.ma.MaskedArray.__deepcopy__.html]
[numpy.org/doc/stable/reference/generated/numpy.ma.MaskedArray.__getstate__.html]
[numpy.org/doc/stable/reference/generated/numpy.ma.MaskedArray.__reduce__.html]
[numpy.org/doc/stable/reference/generated/numpy.ma.MaskedArray.__setstate__.html]
[numpy.org/doc/stable/reference/generated/numpy.ma.MaskedArray.__new__.html]
[numpy.org/doc/stable/reference/generated/numpy.ma.MaskedArray.__array_wrap__.html]
[numpy.org/doc/stable/reference/generated/numpy.ma.MaskedArray.__len__.html]
[numpy.org/doc/stable/reference/generated/numpy.ma.MaskedArray.__getitem__.html]
[numpy.org/doc/stable/reference/generated/numpy.ma.MaskedArray.__setitem__.html]
[numpy.org/doc/stable/reference/generated/numpy.ma.MaskedArray.__delitem__.html]
[numpy.org/doc/stable/reference/generated/numpy.ma.MaskedArray.__contains__.html]
[numpy.org/doc/stable/reference/generated/numpy.ufunc.__call__.html]
[numpy.org/doc/stable/reference/generated/numpy.ufunc.resolve_dtypes.html]
[numpy.org/doc/stable/reference/generated/numpy.dtype.isalignedstruct.html]
[numpy.org/doc/stable/reference/generated/numpy.recarray.all.html]
[numpy.org/doc/stable/reference/generated/numpy.recarray.any.html]
[numpy.org/doc/stable/reference/generated/numpy.recarray.argmax.html]
[numpy.org/doc/stable/reference/generated/numpy.recarray.argmin.html]
[numpy.org/doc/stable/reference/generated/numpy.recarray.argpartition.html]
[numpy.org/doc/stable/reference/generated/numpy.recarray.argsort.html]
[numpy.org/doc/stable/reference/generated/numpy.recarray.astype.html]
[numpy.org/doc/stable/reference/generated/numpy.recarray.byteswap.html]
[numpy.org/doc/stable/reference/generated/numpy.recarray.choose.html]
[numpy.org/doc/stable/reference/generated/numpy.recarray.clip.html]
[numpy.org/doc/stable/reference/generated/numpy.recarray.compress.html]
[numpy.org/doc/stable/reference/generated/numpy.recarray.conj.html]
[numpy.org/doc/stable/reference/generated/numpy.recarray.conjugate.html]
[numpy.org/doc/stable/reference/generated/numpy.recarray.copy.html]
[numpy.org/doc/stable/reference/generated/numpy.recarray.cumprod.html]
[numpy.org/doc/stable/reference/generated/numpy.recarray.cumsum.html]
[numpy.org/doc/stable/reference/generated/numpy.recarray.diagonal.html]
[numpy.org/doc/stable/reference/generated/numpy.recarray.dump.html]
[numpy.org/doc/stable/reference/generated/numpy.recarray.dumps.html]
[numpy.org/doc/stable/reference/generated/numpy.recarray.fill.html]
[numpy.org/doc/stable/reference/generated/numpy.recarray.flatten.html]
[numpy.org/doc/stable/reference/generated/numpy.recarray.getfield.html]
[numpy.org/doc/stable/reference/generated/numpy.recarray.item.html]
[numpy.org/doc/stable/reference/generated/numpy.recarray.max.html]
[numpy.org/doc/stable/reference/generated/numpy.recarray.mean.html]
[numpy.org/doc/stable/reference/generated/numpy.recarray.min.html]
[numpy.org/doc/stable/reference/generated/numpy.recarray.nonzero.html]
[numpy.org/doc/stable/reference/generated/numpy.recarray.partition.html]
[numpy.org/doc/stable/reference/generated/numpy.recarray.prod.html]
[numpy.org/doc/stable/reference/generated/numpy.recarray.put.html]
[numpy.org/doc/stable/reference/generated/numpy.recarray.ravel.html]
[numpy.org/doc/stable/reference/generated/numpy.recarray.repeat.html]
[numpy.org/doc/stable/reference/generated/numpy.recarray.reshape.html]
[numpy.org/doc/stable/reference/generated/numpy.recarray.resize.html]
[numpy.org/doc/stable/reference/generated/numpy.recarray.round.html]
[numpy.org/doc/stable/reference/generated/numpy.recarray.searchsorted.html]
[numpy.org/doc/stable/reference/generated/numpy.recarray.setfield.html]
[numpy.org/doc/stable/reference/generated/numpy.recarray.setflags.html]
[numpy.org/doc/stable/reference/generated/numpy.recarray.sort.html]
[numpy.org/doc/stable/reference/generated/numpy.recarray.squeeze.html]
[numpy.org/doc/stable/reference/generated/numpy.recarray.std.html]
[numpy.org/doc/stable/reference/generated/numpy.recarray.sum.html]
[numpy.org/doc/stable/reference/generated/numpy.recarray.swapaxes.html]
[numpy.org/doc/stable/reference/generated/numpy.recarray.take.html]
[numpy.org/doc/stable/reference/generated/numpy.recarray.tobytes.html]
[numpy.org/doc/stable/reference/generated/numpy.recarray.tofile.html]
[numpy.org/doc/stable/reference/generated/numpy.recarray.tolist.html]
[numpy.org/doc/stable/reference/generated/numpy.recarray.tostring.html]
[numpy.org/doc/stable/reference/generated/numpy.recarray.trace.html]
[numpy.org/doc/stable/reference/generated/numpy.recarray.transpose.html]
[numpy.org/doc/stable/reference/generated/numpy.recarray.var.html]
[numpy.org/doc/stable/reference/generated/numpy.recarray.view.html]
[numpy.org/doc/stable/reference/generated/numpy.recarray.strides.html]
[numpy.org/doc/stable/reference/generated/reference/generated/numpy.recarray.883.delayed]
[numpy.org/doc/stable/reference/generated/numpy.recarray.T.html]
[numpy.org/doc/stable/reference/generated/numpy.recarray.base.html]
[numpy.org/doc/stable/reference/generated/numpy.recarray.ctypes.html]
[numpy.org/doc/stable/reference/generated/numpy.recarray.data.html]
[numpy.org/doc/stable/reference/generated/numpy.recarray.flags.html]
[numpy.org/doc/stable/reference/generated/numpy.recarray.flat.html]
[numpy.org/doc/stable/reference/generated/numpy.recarray.itemsize.html]
[numpy.org/doc/stable/reference/generated/numpy.recarray.mT.html]
[numpy.org/doc/stable/reference/generated/numpy.recarray.nbytes.html]
[numpy.org/doc/stable/reference/generated/numpy.char.chararray.view.html]
[numpy.org/doc/stable/reference/generated/numpy.char.chararray.astype.html]
[numpy.org/doc/stable/reference/generated/numpy.char.chararray.argsort.html]
[numpy.org/doc/stable/reference/generated/numpy.char.chararray.copy.html]
[numpy.org/doc/stable/reference/generated/numpy.char.chararray.count.html]
[numpy.org/doc/stable/reference/generated/numpy.char.chararray.decode.html]
[numpy.org/doc/stable/reference/generated/numpy.char.chararray.dump.html]
[numpy.org/doc/stable/reference/generated/numpy.char.chararray.dumps.html]
[numpy.org/doc/stable/reference/generated/numpy.char.chararray.encode.html]
[numpy.org/doc/stable/reference/generated/numpy.char.chararray.endswith.html]
[numpy.org/doc/stable/reference/generated/numpy.char.chararray.expandtabs.html]
[numpy.org/doc/stable/reference/generated/numpy.char.chararray.fill.html]
[numpy.org/doc/stable/reference/generated/numpy.char.chararray.find.html]
[numpy.org/doc/stable/reference/generated/numpy.char.chararray.flatten.html]
[numpy.org/doc/stable/reference/generated/numpy.char.chararray.getfield.html]
[numpy.org/doc/stable/reference/generated/numpy.char.chararray.index.html]
[numpy.org/doc/stable/reference/generated/numpy.char.chararray.isalnum.html]
[numpy.org/doc/stable/reference/generated/numpy.char.chararray.isalpha.html]
[numpy.org/doc/stable/reference/generated/numpy.char.chararray.isdecimal.html]
[numpy.org/doc/stable/reference/generated/numpy.char.chararray.isdigit.html]
[numpy.org/doc/stable/reference/generated/numpy.char.chararray.islower.html]
[numpy.org/doc/stable/reference/generated/numpy.char.chararray.isnumeric.html]
[numpy.org/doc/stable/reference/generated/numpy.char.chararray.isspace.html]
[numpy.org/doc/stable/reference/generated/numpy.char.chararray.istitle.html]
[numpy.org/doc/stable/reference/generated/numpy.char.chararray.isupper.html]
[numpy.org/doc/stable/reference/generated/numpy.char.chararray.item.html]
[numpy.org/doc/stable/reference/generated/numpy.char.chararray.join.html]
[numpy.org/doc/stable/reference/generated/numpy.char.chararray.ljust.html]
[numpy.org/doc/stable/reference/generated/numpy.char.chararray.lower.html]
[numpy.org/doc/stable/reference/generated/numpy.char.chararray.lstrip.html]
[numpy.org/doc/stable/reference/generated/numpy.char.chararray.nonzero.html]
[numpy.org/doc/stable/reference/generated/numpy.char.chararray.put.html]
[numpy.org/doc/stable/reference/generated/numpy.char.chararray.ravel.html]
[numpy.org/doc/stable/reference/generated/numpy.char.chararray.repeat.html]
[numpy.org/doc/stable/reference/generated/numpy.char.chararray.replace.html]
[numpy.org/doc/stable/reference/generated/numpy.char.chararray.reshape.html]
[numpy.org/doc/stable/reference/generated/numpy.char.chararray.resize.html]
[numpy.org/doc/stable/reference/generated/numpy.char.chararray.rfind.html]
[numpy.org/doc/stable/reference/generated/numpy.char.chararray.rindex.html]
[numpy.org/doc/stable/reference/generated/numpy.char.chararray.rjust.html]
[numpy.org/doc/stable/reference/generated/numpy.char.chararray.rsplit.html]
[numpy.org/doc/stable/reference/generated/numpy.char.chararray.rstrip.html]
[numpy.org/doc/stable/reference/generated/numpy.char.chararray.searchsorted.html]
[numpy.org/doc/stable/reference/generated/numpy.char.chararray.setfield.html]
[numpy.org/doc/stable/reference/generated/numpy.char.chararray.setflags.html]
[numpy.org/doc/stable/reference/generated/numpy.char.chararray.sort.html]
[numpy.org/doc/stable/reference/generated/numpy.char.chararray.split.html]
[numpy.org/doc/stable/reference/generated/numpy.char.chararray.splitlines.html]
[numpy.org/doc/stable/reference/generated/numpy.char.chararray.squeeze.html]
[numpy.org/doc/stable/reference/generated/numpy.char.chararray.startswith.html]
[numpy.org/doc/stable/reference/generated/numpy.char.chararray.strip.html]
[numpy.org/doc/stable/reference/generated/numpy.char.chararray.swapaxes.html]
[numpy.org/doc/stable/reference/generated/numpy.char.chararray.swapcase.html]
[numpy.org/doc/stable/reference/generated/numpy.char.chararray.take.html]
[numpy.org/doc/stable/reference/generated/numpy.char.chararray.title.html]
[numpy.org/doc/stable/reference/generated/numpy.char.chararray.tofile.html]
[numpy.org/doc/stable/reference/generated/numpy.char.chararray.tolist.html]
[numpy.org/doc/stable/reference/generated/numpy.char.chararray.tostring.html]
[numpy.org/doc/stable/reference/generated/numpy.char.chararray.translate.html]
[numpy.org/doc/stable/reference/generated/numpy.char.chararray.transpose.html]
[numpy.org/doc/stable/reference/generated/numpy.char.chararray.upper.html]
[numpy.org/doc/stable/reference/generated/numpy.distutils.ccompiler.CCompiler_compile.html]
[numpy.org/doc/stable/reference/generated/numpy.distutils.ccompiler.CCompiler_customize.html]
[numpy.org/doc/stable/reference/generated/numpy.distutils.ccompiler.CCompiler_customize_cmd.html]
[numpy.org/doc/stable/reference/generated/numpy.distutils.ccompiler.CCompiler_cxx_compiler.html]
[numpy.org/doc/stable/reference/generated/numpy.distutils.ccompiler.CCompiler_find_executables.html]
[numpy.org/doc/stable/reference/generated/numpy.distutils.ccompiler.CCompiler_get_version.html]
[numpy.org/doc/stable/reference/generated/numpy.distutils.ccompiler.CCompiler_object_filenames.html]
[numpy.org/doc/stable/reference/generated/numpy.distutils.ccompiler.CCompiler_show_customization.html]
[numpy.org/doc/stable/reference/generated/numpy.distutils.ccompiler.CCompiler_spawn.html]
[numpy.org/doc/stable/reference/generated/numpy.distutils.ccompiler.gen_lib_options.html]
[numpy.org/doc/stable/reference/generated/numpy.distutils.ccompiler.new_compiler.html]
[numpy.org/doc/stable/reference/generated/numpy.distutils.ccompiler.replace_method.html]
[numpy.org/doc/stable/reference/generated/numpy.distutils.ccompiler.simple_version_match.html]
[numpy.org/doc/stable/reference/generated/numpy.distutils.ccompiler_opt.new_ccompiler_opt.html]
[numpy.org/doc/stable/reference/generated/numpy.distutils.ccompiler_opt.CCompilerOpt.cache_flush.html]
[numpy.org/doc/stable/reference/generated/numpy.distutils.ccompiler_opt.CCompilerOpt.cc_normalize_flags.html]
[numpy.org/doc/stable/reference/generated/numpy.distutils.ccompiler_opt.CCompilerOpt.conf_features_partial.html]
[numpy.org/doc/stable/reference/generated/numpy.distutils.ccompiler_opt.CCompilerOpt.cpu_baseline_flags.html]
[numpy.org/doc/stable/reference/generated/numpy.distutils.ccompiler_opt.CCompilerOpt.cpu_baseline_names.html]
[numpy.org/doc/stable/reference/generated/numpy.distutils.ccompiler_opt.CCompilerOpt.cpu_dispatch_names.html]
[numpy.org/doc/stable/reference/generated/numpy.distutils.ccompiler_opt.CCompilerOpt.dist_compile.html]
[numpy.org/doc/stable/reference/generated/numpy.distutils.ccompiler_opt.CCompilerOpt.dist_error.html]
[numpy.org/doc/stable/reference/generated/numpy.distutils.ccompiler_opt.CCompilerOpt.dist_fatal.html]
[numpy.org/doc/stable/reference/generated/numpy.distutils.ccompiler_opt.CCompilerOpt.dist_info.html]
[numpy.org/doc/stable/reference/generated/numpy.distutils.ccompiler_opt.CCompilerOpt.dist_load_module.html]
[numpy.org/doc/stable/reference/generated/numpy.distutils.ccompiler_opt.CCompilerOpt.dist_log.html]
[numpy.org/doc/stable/reference/generated/numpy.distutils.ccompiler_opt.CCompilerOpt.dist_test.html]
[numpy.org/doc/stable/reference/generated/numpy.distutils.ccompiler_opt.CCompilerOpt.feature_ahead.html]
[numpy.org/doc/stable/reference/generated/numpy.distutils.ccompiler_opt.CCompilerOpt.feature_c_preprocessor.html]
[numpy.org/doc/stable/reference/generated/numpy.distutils.ccompiler_opt.CCompilerOpt.feature_detect.html]
[numpy.org/doc/stable/reference/generated/numpy.distutils.ccompiler_opt.CCompilerOpt.feature_get_til.html]
[numpy.org/doc/stable/reference/generated/numpy.distutils.ccompiler_opt.CCompilerOpt.feature_implies.html]
[numpy.org/doc/stable/reference/generated/numpy.distutils.ccompiler_opt.CCompilerOpt.feature_implies_c.html]
[numpy.org/doc/stable/reference/generated/numpy.distutils.ccompiler_opt.CCompilerOpt.feature_is_exist.html]
[numpy.org/doc/stable/reference/generated/numpy.distutils.ccompiler_opt.CCompilerOpt.feature_names.html]
[numpy.org/doc/stable/reference/generated/numpy.distutils.ccompiler_opt.CCompilerOpt.feature_sorted.html]
[numpy.org/doc/stable/reference/generated/numpy.distutils.ccompiler_opt.CCompilerOpt.feature_untied.html]
[numpy.org/doc/stable/reference/generated/numpy.distutils.ccompiler_opt.CCompilerOpt.generate_dispatch_header.html]
[numpy.org/doc/stable/reference/generated/numpy.distutils.ccompiler_opt.CCompilerOpt.is_cached.html]
[numpy.org/doc/stable/reference/generated/numpy.distutils.ccompiler_opt.CCompilerOpt.me.html]
[numpy.org/doc/stable/reference/generated/numpy.distutils.ccompiler_opt.CCompilerOpt.parse_targets.html]
[numpy.org/doc/stable/reference/generated/numpy.distutils.ccompiler_opt.CCompilerOpt.html]
[numpy.org/doc/stable/reference/generated/numpy.distutils.ccompiler_opt.CCompilerOpt.try_dispatch.html]
[numpy.org/doc/stable/reference/generated/numpy.distutils.exec_command.exec_command.html]
[numpy.org/doc/stable/reference/generated/numpy.distutils.exec_command.filepath_from_subprocess_output.html]
[numpy.org/doc/stable/reference/generated/numpy.distutils.exec_command.find_executable.html]
[numpy.org/doc/stable/reference/generated/numpy.distutils.exec_command.forward_bytes_to_stdout.html]
[numpy.org/doc/stable/reference/generated/numpy.distutils.exec_command.get_pythonexe.html]
[numpy.org/doc/stable/reference/generated/numpy.distutils.exec_command.temp_file_name.html]
[numpy.org/doc/stable/reference/generated/numpy.__array_namespace_info__.capabilities.html]
[numpy.org/doc/stable/reference/generated/numpy.__array_namespace_info__.default_device.html]
[numpy.org/doc/stable/reference/generated/numpy.__array_namespace_info__.default_dtypes.html]
[numpy.org/doc/stable/reference/generated/numpy.__array_namespace_info__.devices.html]
[numpy.org/doc/stable/reference/generated/numpy.lib.stride_tricks.as_strided.html]
[numpy.org/doc/stable/reference/generated/reference/generated/numpy.ndarray.html]
[numpy.org/doc/stable/reference/generated/reference/generated/numpy.generic.html]
[numpy.org/doc/stable/reference/generated/numpy.nditer.copy.html]
[numpy.org/doc/stable/reference/generated/numpy.nditer.debug_print.html]
[numpy.org/doc/stable/reference/generated/numpy.nditer.enable_external_loop.html]
[numpy.org/doc/stable/reference/generated/numpy.nditer.iternext.html]
[numpy.org/doc/stable/reference/generated/numpy.nditer.remove_axis.html]
[numpy.org/doc/stable/reference/generated/numpy.nditer.remove_multi_index.html]
[numpy.org/doc/stable/reference/generated/numpy.nditer.reset.html]
[numpy.org/doc/stable/reference/generated/numpy.nditer.itersize.html]
[numpy.org/doc/stable/reference/generated/numpy.nditer.value.html]
[numpy.org/doc/stable/reference/generated/numpy.nditer.index.html]
[numpy.org/doc/stable/reference/generated/numpy.nditer.multi_index.html]
[numpy.org/doc/stable/reference/generated/reference/generated/numpy.matrix.html]
[numpy.org/doc/stable/reference/generated/numpy.matrix.getH.html]
[numpy.org/doc/stable/reference/generated/reference/generated/numpy.matrix-2.html]
[numpy.org/doc/stable/reference/generated/numpy.matrix.all.html]
[numpy.org/doc/stable/reference/generated/numpy.matrix.any.html]
[numpy.org/doc/stable/reference/generated/numpy.matrix.argmax.html]
[numpy.org/doc/stable/reference/generated/numpy.matrix.argmin.html]
[numpy.org/doc/stable/reference/generated/numpy.matrix.argpartition.html]
[numpy.org/doc/stable/reference/generated/numpy.matrix.argsort.html]
[numpy.org/doc/stable/reference/generated/numpy.matrix.astype.html]
[numpy.org/doc/stable/reference/generated/numpy.matrix.byteswap.html]
[numpy.org/doc/stable/reference/generated/numpy.matrix.choose.html]
[numpy.org/doc/stable/reference/generated/numpy.matrix.clip.html]
[numpy.org/doc/stable/reference/generated/numpy.matrix.compress.html]
[numpy.org/doc/stable/reference/generated/numpy.matrix.conj.html]
[numpy.org/doc/stable/reference/generated/numpy.matrix.conjugate.html]
[numpy.org/doc/stable/reference/generated/numpy.matrix.copy.html]
[numpy.org/doc/stable/reference/generated/numpy.matrix.cumprod.html]
[numpy.org/doc/stable/reference/generated/numpy.matrix.cumsum.html]
[numpy.org/doc/stable/reference/generated/numpy.matrix.diagonal.html]
[numpy.org/doc/stable/reference/generated/numpy.matrix.dump.html]
[numpy.org/doc/stable/reference/generated/numpy.distutils.ccompiler_opt.CCompilerOpt.conf_features.html]
[numpy.org/doc/stable/reference/generated/numpy.matrix.dumps.html]
[numpy.org/doc/stable/reference/generated/numpy.matrix.fill.html]
[numpy.org/doc/stable/reference/generated/numpy.matrix.flatten.html]
[numpy.org/doc/stable/reference/generated/numpy.matrix.getA.html]
[numpy.org/doc/stable/reference/generated/numpy.matrix.getA1.html]
[numpy.org/doc/stable/reference/generated/numpy.matrix.getI.html]
[numpy.org/doc/stable/reference/generated/numpy.matrix.getT.html]
[numpy.org/doc/stable/reference/generated/numpy.matrix.getfield.html]
[numpy.org/doc/stable/reference/generated/numpy.matrix.item.html]
[numpy.org/doc/stable/reference/generated/numpy.matrix.max.html]
[numpy.org/doc/stable/reference/generated/numpy.matrix.mean.html]
[numpy.org/doc/stable/reference/generated/numpy.matrix.min.html]
[numpy.org/doc/stable/reference/generated/numpy.matrix.nonzero.html]
[numpy.org/doc/stable/reference/generated/numpy.matrix.partition.html]
[numpy.org/doc/stable/reference/generated/numpy.matrix.prod.html]
[numpy.org/doc/stable/reference/generated/numpy.matrix.ptp.html]
[numpy.org/doc/stable/reference/generated/numpy.matrix.put.html]
[numpy.org/doc/stable/reference/generated/numpy.matrix.ravel.html]
[numpy.org/doc/stable/reference/generated/numpy.matrix.repeat.html]
[numpy.org/doc/stable/reference/generated/numpy.matrix.reshape.html]
[numpy.org/doc/stable/reference/generated/numpy.matrix.resize.html]
[numpy.org/doc/stable/reference/generated/numpy.matrix.round.html]
[numpy.org/doc/stable/reference/generated/numpy.matrix.searchsorted.html]
[numpy.org/doc/stable/reference/generated/numpy.matrix.setfield.html]
[numpy.org/doc/stable/reference/generated/numpy.matrix.setflags.html]
[numpy.org/doc/stable/reference/generated/numpy.matrix.sort.html]
[numpy.org/doc/stable/reference/generated/numpy.matrix.squeeze.html]
[numpy.org/doc/stable/reference/generated/numpy.matrix.std.html]
[numpy.org/doc/stable/reference/generated/numpy.matrix.sum.html]
[numpy.org/doc/stable/reference/generated/numpy.matrix.swapaxes.html]
[numpy.org/doc/stable/reference/generated/numpy.matrix.take.html]
[numpy.org/doc/stable/reference/generated/numpy.matrix.tobytes.html]
[numpy.org/doc/stable/reference/generated/numpy.matrix.tofile.html]
[numpy.org/doc/stable/reference/generated/numpy.matrix.tolist.html]
[numpy.org/doc/stable/reference/generated/numpy.matrix.tostring.html]
[numpy.org/doc/stable/reference/generated/numpy.matrix.trace.html]
[numpy.org/doc/stable/reference/generated/numpy.matrix.transpose.html]
[numpy.org/doc/stable/reference/generated/numpy.matrix.var.html]
[numpy.org/doc/stable/reference/generated/numpy.matrix.view.html]
[numpy.org/doc/stable/reference/generated/numpy.matrix.data.html]
[numpy.org/doc/stable/reference/generated/numpy.matrix.A1.html]
[numpy.org/doc/stable/reference/generated/numpy.matrix.base.html]
[numpy.org/doc/stable/reference/generated/numpy.matrix.ctypes.html]
[numpy.org/doc/stable/reference/generated/numpy.matrix.flags.html]
[numpy.org/doc/stable/reference/generated/numpy.matrix.flat.html]
[numpy.org/doc/stable/reference/generated/numpy.matrix.itemsize.html]
[numpy.org/doc/stable/reference/generated/numpy.matrix.mT.html]
[numpy.org/doc/stable/reference/generated/numpy.matrix.nbytes.html]
[numpy.org/doc/stable/reference/generated/numpy.matrix.strides.html]
[numpy.org/doc/stable/reference/generated/numpy.char.chararray.dtype.html]
[numpy.org/doc/stable/reference/generated/numpy.char.chararray.strides.html]
[numpy.org/doc/stable/reference/generated/numpy.ndarray.ptp.html]
[numpy.org/doc/stable/reference/generated/reference/generated/numpy.char.chararray.T]
[numpy.org/doc/stable/reference/generated/numpy.char.chararray.T.html]
[numpy.org/doc/stable/reference/generated/numpy.char.chararray.base.html]
[numpy.org/doc/stable/reference/generated/numpy.char.chararray.ctypes.html]
[numpy.org/doc/stable/reference/generated/numpy.char.chararray.data.html]
[numpy.org/doc/stable/reference/generated/numpy.char.chararray.flags.html]
[numpy.org/doc/stable/reference/generated/numpy.char.chararray.flat.html]
[numpy.org/doc/stable/reference/generated/numpy.char.chararray.imag.html]
[numpy.org/doc/stable/reference/generated/numpy.char.chararray.itemsize.html]
[numpy.org/doc/stable/reference/generated/numpy.char.chararray.mT.html]
[numpy.org/doc/stable/reference/generated/numpy.char.chararray.nbytes.html]
[numpy.org/doc/stable/reference/generated/numpy.char.chararray.ndim.html]
[numpy.org/doc/stable/reference/generated/numpy.char.chararray.real.html]
[numpy.org/doc/stable/reference/generated/numpy.char.chararray.shape.html]
[numpy.org/doc/stable/reference/generated/numpy.char.chararray.size.html]
[numpy.org/doc/stable/reference/generated/numpy.record.all.html]
[numpy.org/doc/stable/reference/generated/numpy.record.any.html]
[numpy.org/doc/stable/reference/generated/numpy.record.argmax.html]
[numpy.org/doc/stable/reference/generated/numpy.record.argmin.html]
[numpy.org/doc/stable/reference/generated/numpy.record.argsort.html]
[numpy.org/doc/stable/reference/generated/numpy.record.astype.html]
[numpy.org/doc/stable/reference/generated/numpy.record.byteswap.html]
[numpy.org/doc/stable/reference/generated/numpy.record.choose.html]
[numpy.org/doc/stable/reference/generated/numpy.record.clip.html]
[numpy.org/doc/stable/reference/generated/numpy.record.compress.html]
[numpy.org/doc/stable/reference/generated/numpy.record.conjugate.html]
[numpy.org/doc/stable/reference/generated/numpy.record.copy.html]
[numpy.org/doc/stable/reference/generated/numpy.record.cumprod.html]
[numpy.org/doc/stable/reference/generated/numpy.record.cumsum.html]
[numpy.org/doc/stable/reference/generated/numpy.record.diagonal.html]
[numpy.org/doc/stable/reference/generated/numpy.record.dump.html]
[numpy.org/doc/stable/reference/generated/numpy.record.dumps.html]
[numpy.org/doc/stable/reference/generated/numpy.record.fill.html]
[numpy.org/doc/stable/reference/generated/numpy.record.flatten.html]
[numpy.org/doc/stable/reference/generated/numpy.record.getfield.html]
[numpy.org/doc/stable/reference/generated/numpy.record.item.html]
[numpy.org/doc/stable/reference/generated/numpy.record.max.html]
[numpy.org/doc/stable/reference/generated/numpy.record.mean.html]
[numpy.org/doc/stable/reference/generated/numpy.record.min.html]
[numpy.org/doc/stable/reference/generated/numpy.record.nonzero.html]
[numpy.org/doc/stable/reference/generated/numpy.record.pprint.html]
[numpy.org/doc/stable/reference/generated/numpy.record.prod.html]
[numpy.org/doc/stable/reference/generated/numpy.record.put.html]
[numpy.org/doc/stable/reference/generated/numpy.record.ravel.html]
[numpy.org/doc/stable/reference/generated/numpy.record.repeat.html]
[numpy.org/doc/stable/reference/generated/numpy.record.reshape.html]
[numpy.org/doc/stable/reference/generated/numpy.record.resize.html]
[numpy.org/doc/stable/reference/generated/numpy.record.round.html]
[numpy.org/doc/stable/reference/generated/numpy.record.searchsorted.html]
[numpy.org/doc/stable/reference/generated/numpy.record.setfield.html]
[numpy.org/doc/stable/reference/generated/numpy.record.setflags.html]
[numpy.org/doc/stable/reference/generated/numpy.record.sort.html]
[numpy.org/doc/stable/reference/generated/numpy.record.squeeze.html]
[numpy.org/doc/stable/reference/generated/numpy.record.std.html]
[numpy.org/doc/stable/reference/generated/numpy.record.sum.html]
[numpy.org/doc/stable/reference/generated/numpy.record.swapaxes.html]
[numpy.org/doc/stable/reference/generated/numpy.record.take.html]
[numpy.org/doc/stable/reference/generated/numpy.record.tofile.html]
[numpy.org/doc/stable/reference/generated/numpy.record.tolist.html]
[numpy.org/doc/stable/reference/generated/numpy.record.tostring.html]
[numpy.org/doc/stable/reference/generated/numpy.record.trace.html]
[numpy.org/doc/stable/reference/generated/numpy.record.transpose.html]
[numpy.org/doc/stable/reference/generated/numpy.record.var.html]
[numpy.org/doc/stable/reference/generated/numpy.record.view.html]
[numpy.org/doc/stable/reference/generated/reference/generated/numpy.record.T]
[numpy.org/doc/stable/reference/generated/numpy.record.T.html]
[numpy.org/doc/stable/reference/generated/numpy.record.base.html]
[numpy.org/doc/stable/reference/generated/numpy.record.data.html]
[numpy.org/doc/stable/reference/generated/numpy.record.flags.html]
[numpy.org/doc/stable/reference/generated/numpy.record.flat.html]
[numpy.org/doc/stable/reference/generated/numpy.record.itemsize.html]
[numpy.org/doc/stable/reference/generated/numpy.record.strides.html]
[numpy.org/doc/stable/reference/generated/numpy.broadcast.index.html]
[numpy.org/doc/stable/reference/generated/numpy.broadcast.iters.html]
[numpy.org/doc/stable/reference/generated/numpy.broadcast.nd.html]
[numpy.org/doc/stable/reference/generated/numpy.broadcast.numiter.html]
[numpy.org/doc/stable/reference/generated/numpy.busdaycalendar.weekmask.html]
[numpy.org/doc/stable/reference/generated/numpy.busdaycalendar.holidays.html]
[numpy.org/doc/stable/reference/generated/numpy.polynomial.polynomial.polyvander.html]
[numpy.org/doc/stable/reference/random/examples/cython/extending_distributions.pyx.html]
[numpy.org/doc/stable/reference/random/examples/numba.html]
[numpy.org/doc/stable/reference/random/examples/numba_cffi.html]
[numpy.org/doc/stable/reference/random/examples/cython/index.html]
[numpy.org/doc/stable/reference/generated/numpy.finfo.tiny.html]
[numpy.org/doc/stable/reference/generated/numpy.finfo.smallest_normal.html]
[numpy.org/doc/stable/reference/generated/numpy.vectorize.__call__.html]
[numpy.org/doc/stable/reference/generated/numpy.lib.npyio.NpzFile.close.html]
[numpy.org/doc/stable/reference/generated/numpy.lib.npyio.DataSource.open.html]
[numpy.org/doc/stable/reference/generated/numpy.lib.npyio.NpzFile.get.html]
[numpy.org/doc/stable/reference/generated/numpy.lib.npyio.NpzFile.items.html]
[numpy.org/doc/stable/reference/generated/numpy.lib.npyio.NpzFile.keys.html]
[numpy.org/doc/stable/reference/generated/numpy.lib.npyio.NpzFile.values.html]
[numpy.org/doc/stable/reference/generated/numpy.lib.npyio.NpzFile.fid.html]
[numpy.org/doc/stable/reference/generated/numpy.lib.format.read_array.html]
[numpy.org/doc/stable/reference/generated/numpy.lib.format.magic.html]
[numpy.org/doc/stable/reference/generated/numpy.lib.npyio.DataSource.abspath.html]
[numpy.org/doc/stable/reference/generated/numpy.lib.npyio.DataSource.exists.html]
[numpy.org/doc/stable/reference/generated/numpy.lib.format.descr_to_dtype.html]
[numpy.org/doc/stable/reference/generated/numpy.lib.array_utils.normalize_axis_tuple.html]
[numpy.org/doc/stable/reference/generated/numpy.lib.format.drop_metadata.html]
[numpy.org/doc/stable/reference/generated/numpy.lib.format.dtype_to_descr.html]
[numpy.org/doc/stable/reference/generated/numpy.lib.format.header_data_from_array_1_0.html]
[numpy.org/doc/stable/reference/generated/numpy.lib.format.isfileobj.html]
[numpy.org/doc/stable/reference/generated/numpy.lib.format.read_array_header_1_0.html]
[numpy.org/doc/stable/reference/generated/numpy.lib.format.read_array_header_2_0.html]
[numpy.org/doc/stable/reference/generated/numpy.lib.format.read_magic.html]
[numpy.org/doc/stable/reference/generated/numpy.lib.format.write_array.html]
[numpy.org/doc/stable/reference/generated/numpy.lib.format.write_array_header_1_0.html]
[numpy.org/doc/stable/reference/generated/numpy.lib.format.write_array_header_2_0.html]
[numpy.org/doc/stable/reference/generated/numpy.ndindex.ndincr.html]
[numpy.org/doc/stable/reference/generated/numpy.flatiter.copy.html]
[numpy.org/doc/stable/reference/generated/numpy.flatiter.base.html]
[numpy.org/doc/stable/reference/generated/numpy.flatiter.coords.html]
[numpy.org/doc/stable/reference/generated/numpy.flatiter.index.html]
[numpy.org/doc/stable/reference/generated/reference/generated/numpy.html]
[numpy.org/doc/stable/reference/generated/reference/generated/numpy.ma.html]
[en.wikipedia.org/wiki/Skins.vector.8a4.delayed]
[en.m.wikipedia.org/wiki/File_Composite_trapezoidal_rule_illustration.html]
[en.wikipedia.org/static/apple-touch/wikipedia.png]
[commons.wikimedia.org/wiki/File_Composite_trapezoidal_rule_illustration.html]
[en.wikipedia.org/wiki/Auth.wikimedia.8aa.delayed]
[en.wikipedia.org/wiki/Main_Page.html]
[en.wikipedia.org/wiki/Wikipedia_Contents.html]
[en.wikipedia.org/wiki/Portal_Current_events.html]
[en.wikipedia.org/wiki/Naiad_(moon).html]
[en.wikipedia.org/wiki/Wikipedia_About.html]
[en.wikipedia.org/wiki/Help_Contents.html]
[en.wikipedia.org/wiki/Help_Introduction.html]
[en.wikipedia.org/wiki/Special_RecentChanges.html]
[en.wikipedia.org/wiki/Wikipedia_Community_portal.html]
[en.wikipedia.org/wiki/Wikipedia_File_upload_wizard.html]
[en.wikipedia.org/wiki/Special_SpecialPages.html]
[en.wikipedia.org/static/images/icons/wikipedia.png]
[en.wikipedia.org/wiki/Special_Search.html]
[en.wikipedia.org/wiki/Special_MyContributions.html]
[en.wikipedia.org/wiki/Special_MyTalk.html]
[en.wikipedia.org/wiki/Special_WhatLinksHere/File_Composite_trapezoidal_rule_illustration.html]
[en.wikipedia.org/w/index8a17.html]
[en.wikipedia.org/w/indexc1b7.html]
[upload.wikimedia.org/wikipedia/en/thumb/4/4a/Commons-logo.svg/20px-Commons-logo.svg.png]
[upload.wikimedia.org/wikipedia/commons/4/42/Composite_trapezoidal_rule_illustration.png]
[upload.wikimedia.org/wikipedia/commons/thumb/4/42/Composite_trapezoidal_rule_illustration.png/960px-Composite_trapezoidal_rule_illustration.png]
[upload.wikimedia.org/wikipedia/commons/thumb/4/42/Composite_trapezoidal_rule_illustration.png/330px-Composite_trapezoidal_rule_illustration.png]
[upload.wikimedia.org/wikipedia/commons/thumb/4/42/Composite_trapezoidal_rule_illustration.png/1024px-Composite_trapezoidal_rule_illustration.png]
[upload.wikimedia.org/wikipedia/commons/thumb/4/42/Composite_trapezoidal_rule_illustration.png/1280px-Composite_trapezoidal_rule_illustration.png]
[upload.wikimedia.org/wikipedia/en/thumb/4/4a/Commons-logo.svg/40px-Commons-logo.svg.png]
[upload.wikimedia.org/wikipedia/commons/thumb/d/dd/Gnome-x-office-drawing.svg/70px-Gnome-x-office-drawing.svg.png]
[upload.wikimedia.org/wikipedia/commons/thumb/b/b1/Composite_trapezoidal_rule_illustration.svg/150px-Composite_trapezoidal_rule_illustration.svg.png]
[upload.wikimedia.org/wikipedia/commons/thumb/6/62/PD-icon.svg/120px-PD-icon.svg.png]
[en.wikipedia.org/wiki/Public_domain.html]
[upload.wikimedia.org/wikipedia/commons/thumb/4/42/Composite_trapezoidal_rule_illustration.png/120px-Composite_trapezoidal_rule_illustration.png]
[en.wikipedia.org/wiki/User_Oleg_Alexandrov.html]
[upload.wikimedia.org/wikipedia/commons/archive/4/42/20070429224740!Composite_trapezoidal_rule_illustration.png]
[upload.wikimedia.org/wikipedia/commons/thumb/archive/4/42/20070429224740!Composite_trapezoidal_rule_illustration.png/120px-Composite_trapezoidal_rule_illustration.png]
[upload.wikimedia.org/wikipedia/commons/archive/4/42/20070429163712!Composite_trapezoidal_rule_illustration.png]
[upload.wikimedia.org/wikipedia/commons/thumb/archive/4/42/20070429163712!Composite_trapezoidal_rule_illustration.png/120px-Composite_trapezoidal_rule_illustration.png]
[upload.wikimedia.org/wikipedia/commons/archive/4/42/20070429163342!Composite_trapezoidal_rule_illustration.png]
[upload.wikimedia.org/wikipedia/commons/thumb/archive/4/42/20070429163342!Composite_trapezoidal_rule_illustration.png/120px-Composite_trapezoidal_rule_illustration.png]
[upload.wikimedia.org/wikipedia/commons/archive/4/42/20070429163238!Composite_trapezoidal_rule_illustration.png]
[upload.wikimedia.org/wikipedia/commons/thumb/archive/4/42/20070429163238!Composite_trapezoidal_rule_illustration.png/120px-Composite_trapezoidal_rule_illustration.png]
[en.wikipedia.org/wiki/Category_Numerical_analysis.html]
[en.wikipedia.org/wiki/Talk_Mathematics/Archive_12.html]
[en.wikipedia.org/wiki/User_Oleg_Alexandrov/Pictures.html]
[en.wikipedia.org/wiki/File_Composite_trapezoidal_rule_illustration.html]
[numpy.org/doc/stable/reference/generated/numpy.polymul.html]
[numpy.org/doc/stable/reference/generated/numpy.polynomial.polynomial.polydomain.html]
[numpy.org/doc/stable/reference/generated/numpy.polynomial.polynomial.polyzero.html]
[numpy.org/doc/stable/reference/generated/numpy.polynomial.polynomial.polyone.html]
[numpy.org/doc/stable/reference/generated/numpy.polynomial.polynomial.polyx.html]
[numpy.org/doc/stable/reference/generated/numpy.polynomial.polynomial.polyadd.html]
[numpy.org/doc/stable/reference/generated/numpy.polynomial.polynomial.polysub.html]
[numpy.org/doc/stable/reference/generated/numpy.polynomial.polynomial.polymulx.html]
[numpy.org/doc/stable/reference/generated/numpy.polynomial.polynomial.polymul.html]
[numpy.org/doc/stable/reference/generated/numpy.polynomial.polynomial.polydiv.html]
[numpy.org/doc/stable/reference/generated/numpy.polynomial.polynomial.polypow.html]
[numpy.org/doc/stable/reference/generated/numpy.polynomial.polynomial.polyval.html]
[numpy.org/doc/stable/reference/generated/numpy.polynomial.polynomial.polyval2d.html]
[numpy.org/doc/stable/reference/generated/numpy.polynomial.polynomial.polyval3d.html]
[numpy.org/doc/stable/reference/generated/numpy.polynomial.polynomial.polygrid2d.html]
[numpy.org/doc/stable/reference/generated/numpy.polynomial.polynomial.polygrid3d.html]
[numpy.org/doc/stable/reference/generated/numpy.polynomial.polynomial.polyder.html]
[numpy.org/doc/stable/reference/generated/numpy.polynomial.polynomial.polyint.html]
[numpy.org/doc/stable/reference/generated/numpy.polynomial.polynomial.polyfromroots.html]
[numpy.org/doc/stable/reference/generated/numpy.polynomial.polynomial.polyroots.html]
[numpy.org/doc/stable/reference/generated/numpy.polynomial.polynomial.polyvalfromroots.html]
[numpy.org/doc/stable/reference/generated/numpy.polynomial.polynomial.polyvander2d.html]
[numpy.org/doc/stable/reference/generated/numpy.polynomial.polynomial.polyvander3d.html]
[numpy.org/doc/stable/reference/generated/numpy.polynomial.polynomial.polycompanion.html]
[numpy.org/doc/stable/reference/generated/numpy.polynomial.polynomial.polyfit.html]
[numpy.org/doc/stable/reference/generated/numpy.polynomial.polynomial.polytrim.html]
[numpy.org/doc/stable/reference/generated/numpy.polynomial.polynomial.polyline.html]
[numpy.org/doc/stable/reference/generated/numpy.polynomial.chebyshev.chebdomain.html]
[numpy.org/doc/stable/reference/generated/numpy.polynomial.chebyshev.chebzero.html]
[numpy.org/doc/stable/reference/generated/numpy.polynomial.chebyshev.chebone.html]
[numpy.org/doc/stable/reference/generated/numpy.polynomial.chebyshev.chebx.html]
[numpy.org/doc/stable/reference/generated/numpy.polynomial.chebyshev.chebadd.html]
[numpy.org/doc/stable/reference/generated/numpy.polynomial.chebyshev.chebsub.html]
[numpy.org/doc/stable/reference/generated/numpy.polynomial.chebyshev.chebmulx.html]
[numpy.org/doc/stable/reference/generated/numpy.polynomial.chebyshev.chebmul.html]
[numpy.org/doc/stable/reference/generated/numpy.polynomial.chebyshev.chebdiv.html]
[numpy.org/doc/stable/reference/generated/numpy.polynomial.chebyshev.chebpow.html]
[numpy.org/doc/stable/reference/generated/numpy.polynomial.chebyshev.chebval.html]
[numpy.org/doc/stable/reference/generated/numpy.polynomial.chebyshev.chebval2d.html]
[numpy.org/doc/stable/reference/generated/numpy.polynomial.chebyshev.chebval3d.html]
[numpy.org/doc/stable/reference/generated/numpy.polynomial.chebyshev.chebgrid2d.html]
[numpy.org/doc/stable/reference/generated/numpy.polynomial.chebyshev.chebgrid3d.html]
[numpy.org/doc/stable/reference/generated/numpy.polynomial.chebyshev.chebder.html]
[numpy.org/doc/stable/reference/generated/numpy.polynomial.chebyshev.chebint.html]
[numpy.org/doc/stable/reference/generated/numpy.polynomial.chebyshev.chebfromroots.html]
[numpy.org/doc/stable/reference/generated/numpy.polynomial.chebyshev.chebroots.html]
[numpy.org/doc/stable/reference/generated/numpy.polynomial.chebyshev.chebvander.html]
[numpy.org/doc/stable/reference/generated/numpy.polynomial.chebyshev.chebvander2d.html]
[numpy.org/doc/stable/reference/generated/numpy.polynomial.chebyshev.chebvander3d.html]
[numpy.org/doc/stable/reference/generated/numpy.polynomial.chebyshev.chebgauss.html]
[numpy.org/doc/stable/reference/generated/numpy.polynomial.chebyshev.chebweight.html]
[numpy.org/doc/stable/reference/generated/numpy.polynomial.chebyshev.chebcompanion.html]
[numpy.org/doc/stable/reference/generated/numpy.polynomial.chebyshev.chebpts1.html]
[numpy.org/doc/stable/reference/generated/numpy.polynomial.chebyshev.chebpts2.html]
[numpy.org/doc/stable/reference/generated/numpy.polynomial.chebyshev.chebtrim.html]
[numpy.org/doc/stable/reference/generated/numpy.polynomial.chebyshev.chebline.html]
[numpy.org/doc/stable/reference/generated/numpy.polynomial.chebyshev.cheb2poly.html]
[numpy.org/doc/stable/reference/generated/numpy.polynomial.chebyshev.poly2cheb.html]
[numpy.org/doc/stable/reference/generated/numpy.polynomial.chebyshev.chebinterpolate.html]
[numpy.org/doc/stable/reference/generated/numpy.polynomial.hermite.hermdomain.html]
[numpy.org/doc/stable/reference/generated/numpy.polynomial.hermite.hermzero.html]
[numpy.org/doc/stable/reference/generated/numpy.polynomial.hermite.hermone.html]
[numpy.org/doc/stable/reference/generated/numpy.polynomial.hermite.hermx.html]
[numpy.org/doc/stable/reference/generated/numpy.polynomial.hermite.hermadd.html]
[numpy.org/doc/stable/reference/generated/numpy.polynomial.hermite.hermsub.html]
[numpy.org/doc/stable/reference/generated/numpy.polynomial.hermite.hermmulx.html]
[numpy.org/doc/stable/reference/generated/numpy.polynomial.hermite.hermmul.html]
[numpy.org/doc/stable/reference/generated/numpy.polynomial.hermite.hermdiv.html]
[numpy.org/doc/stable/reference/generated/numpy.polynomial.hermite.hermpow.html]
[numpy.org/doc/stable/reference/generated/numpy.polynomial.hermite.hermval.html]
[numpy.org/doc/stable/reference/generated/numpy.polynomial.hermite.hermval2d.html]
[numpy.org/doc/stable/reference/generated/numpy.polynomial.hermite.hermval3d.html]
[numpy.org/doc/stable/reference/generated/numpy.polynomial.hermite.hermgrid2d.html]
[numpy.org/doc/stable/reference/generated/numpy.polynomial.hermite.hermgrid3d.html]
[numpy.org/doc/stable/reference/generated/numpy.polynomial.hermite.hermder.html]
[numpy.org/doc/stable/reference/generated/numpy.polynomial.hermite.hermint.html]
[numpy.org/doc/stable/reference/generated/numpy.polynomial.hermite.hermfromroots.html]
[numpy.org/doc/stable/reference/generated/numpy.polynomial.hermite.hermroots.html]
[numpy.org/doc/stable/reference/generated/numpy.polynomial.hermite.hermvander.html]
[numpy.org/doc/stable/reference/generated/numpy.polynomial.hermite.hermvander2d.html]
[numpy.org/doc/stable/reference/generated/numpy.polynomial.hermite.hermvander3d.html]
[numpy.org/doc/stable/reference/generated/numpy.polynomial.hermite.hermgauss.html]
[numpy.org/doc/stable/reference/generated/numpy.polynomial.hermite.hermweight.html]
[numpy.org/doc/stable/reference/generated/numpy.polynomial.hermite.hermcompanion.html]
[numpy.org/doc/stable/reference/generated/numpy.polynomial.hermite.hermfit.html]
[numpy.org/doc/stable/reference/generated/numpy.polynomial.hermite.hermtrim.html]
[numpy.org/doc/stable/reference/generated/numpy.polynomial.hermite.hermline.html]
[numpy.org/doc/stable/reference/generated/numpy.polynomial.hermite.herm2poly.html]
[numpy.org/doc/stable/reference/generated/numpy.polynomial.hermite.poly2herm.html]
[numpy.org/doc/stable/reference/generated/numpy.polynomial.hermite_e.hermedomain.html]
[numpy.org/doc/stable/reference/generated/numpy.polynomial.hermite_e.hermezero.html]
[numpy.org/doc/stable/reference/generated/numpy.polynomial.hermite_e.hermeone.html]
[numpy.org/doc/stable/reference/generated/numpy.polynomial.hermite_e.hermex.html]
[numpy.org/doc/stable/reference/generated/numpy.polynomial.hermite_e.hermeadd.html]
[numpy.org/doc/stable/reference/generated/numpy.polynomial.hermite_e.hermesub.html]
[numpy.org/doc/stable/reference/generated/numpy.polynomial.hermite_e.hermemulx.html]
[numpy.org/doc/stable/reference/generated/numpy.polynomial.hermite_e.hermemul.html]
[numpy.org/doc/stable/reference/generated/numpy.polynomial.hermite_e.hermediv.html]
[numpy.org/doc/stable/reference/generated/numpy.polynomial.hermite_e.hermepow.html]
[numpy.org/doc/stable/reference/generated/numpy.polynomial.hermite_e.hermeval.html]
[numpy.org/doc/stable/reference/generated/numpy.polynomial.hermite_e.hermeval2d.html]
[numpy.org/doc/stable/reference/generated/numpy.polynomial.hermite_e.hermeval3d.html]
[en.wikipedia.org/wiki/Wikipedia_General_disclaimer.html]
[numpy.org/doc/stable/reference/generated/numpy.polynomial.hermite_e.hermegrid2d.html]
[numpy.org/doc/stable/reference/generated/numpy.polynomial.hermite_e.hermegrid3d.html]
[numpy.org/doc/stable/reference/generated/numpy.polynomial.hermite_e.hermeder.html]
[numpy.org/doc/stable/reference/generated/numpy.polynomial.hermite_e.hermeint.html]
[numpy.org/doc/stable/reference/generated/numpy.polynomial.hermite_e.hermefromroots.html]
[numpy.org/doc/stable/reference/generated/numpy.polynomial.hermite_e.hermeroots.html]
[numpy.org/doc/stable/reference/generated/numpy.polynomial.hermite_e.hermevander.html]
[numpy.org/doc/stable/reference/generated/numpy.polynomial.hermite_e.hermevander2d.html]
[numpy.org/doc/stable/reference/generated/numpy.polynomial.hermite_e.hermevander3d.html]
[numpy.org/doc/stable/reference/generated/numpy.polynomial.hermite_e.hermegauss.html]
[numpy.org/doc/stable/reference/generated/numpy.polynomial.hermite_e.hermeweight.html]
[numpy.org/doc/stable/reference/generated/numpy.polynomial.hermite_e.hermecompanion.html]
[numpy.org/doc/stable/reference/generated/numpy.polynomial.hermite_e.hermefit.html]
[numpy.org/doc/stable/reference/generated/numpy.polynomial.hermite_e.hermetrim.html]
[numpy.org/doc/stable/reference/generated/numpy.polynomial.hermite_e.hermeline.html]
[numpy.org/doc/stable/reference/generated/numpy.polynomial.hermite_e.herme2poly.html]
[numpy.org/doc/stable/reference/generated/numpy.polynomial.hermite_e.poly2herme.html]
[numpy.org/doc/stable/reference/generated/numpy.polynomial.laguerre.lagdomain.html]
[numpy.org/doc/stable/reference/generated/numpy.polynomial.laguerre.lagzero.html]
[numpy.org/doc/stable/reference/generated/numpy.polynomial.laguerre.lagone.html]
[numpy.org/doc/stable/reference/generated/numpy.polynomial.laguerre.lagx.html]
[numpy.org/doc/stable/reference/generated/numpy.polynomial.laguerre.lagadd.html]
[numpy.org/doc/stable/reference/generated/numpy.polynomial.laguerre.lagsub.html]
[numpy.org/doc/stable/reference/generated/numpy.polynomial.laguerre.lagmulx.html]
[numpy.org/doc/stable/reference/generated/numpy.polynomial.laguerre.lagmul.html]
[numpy.org/doc/stable/reference/generated/numpy.polynomial.laguerre.lagdiv.html]
[numpy.org/doc/stable/reference/generated/numpy.polynomial.laguerre.lagpow.html]
[numpy.org/doc/stable/reference/generated/numpy.polynomial.laguerre.lagval.html]
[numpy.org/doc/stable/reference/generated/numpy.polynomial.laguerre.lagval2d.html]
[numpy.org/doc/stable/reference/generated/numpy.polynomial.laguerre.lagval3d.html]
[numpy.org/doc/stable/reference/generated/numpy.polynomial.laguerre.laggrid2d.html]
[numpy.org/doc/stable/reference/generated/numpy.polynomial.laguerre.laggrid3d.html]
[numpy.org/doc/stable/reference/generated/numpy.polynomial.laguerre.lagder.html]
[numpy.org/doc/stable/reference/generated/numpy.polynomial.laguerre.lagint.html]
[numpy.org/doc/stable/reference/generated/numpy.polynomial.laguerre.lagfromroots.html]
[numpy.org/doc/stable/reference/generated/numpy.polynomial.laguerre.lagroots.html]
[numpy.org/doc/stable/reference/generated/numpy.polynomial.laguerre.lagvander.html]
[numpy.org/doc/stable/reference/generated/numpy.polynomial.laguerre.lagvander2d.html]
[numpy.org/doc/stable/reference/generated/numpy.polynomial.laguerre.lagvander3d.html]
[numpy.org/doc/stable/reference/generated/numpy.polynomial.laguerre.laggauss.html]
[numpy.org/doc/stable/reference/generated/numpy.polynomial.laguerre.lagweight.html]
[numpy.org/doc/stable/reference/generated/numpy.polynomial.laguerre.lagcompanion.html]
[numpy.org/doc/stable/reference/generated/numpy.polynomial.laguerre.lagfit.html]
[numpy.org/doc/stable/reference/generated/numpy.polynomial.laguerre.lagtrim.html]
[numpy.org/doc/stable/reference/generated/numpy.polynomial.laguerre.lagline.html]
[numpy.org/doc/stable/reference/generated/numpy.polynomial.laguerre.lag2poly.html]
[numpy.org/doc/stable/reference/generated/numpy.polynomial.laguerre.poly2lag.html]
[numpy.org/doc/stable/reference/generated/numpy.polynomial.legendre.legdomain.html]
[numpy.org/doc/stable/reference/generated/numpy.polynomial.legendre.legzero.html]
[numpy.org/doc/stable/reference/generated/numpy.polynomial.legendre.legone.html]
[numpy.org/doc/stable/reference/generated/numpy.polynomial.legendre.legx.html]
[numpy.org/doc/stable/reference/generated/numpy.polynomial.legendre.legadd.html]
[numpy.org/doc/stable/reference/generated/numpy.polynomial.legendre.legsub.html]
[numpy.org/doc/stable/reference/generated/numpy.polynomial.legendre.legmulx.html]
[numpy.org/doc/stable/reference/generated/numpy.polynomial.legendre.legmul.html]
[numpy.org/doc/stable/reference/generated/numpy.polynomial.legendre.legdiv.html]
[numpy.org/doc/stable/reference/generated/numpy.polynomial.legendre.legpow.html]
[numpy.org/doc/stable/reference/generated/numpy.polynomial.legendre.legval.html]
[numpy.org/doc/stable/reference/generated/numpy.polynomial.legendre.legval2d.html]
[numpy.org/doc/stable/reference/generated/numpy.polynomial.legendre.legval3d.html]
[numpy.org/doc/stable/reference/generated/numpy.polynomial.legendre.leggrid2d.html]
[numpy.org/doc/stable/reference/generated/numpy.polynomial.legendre.leggrid3d.html]
[numpy.org/doc/stable/reference/generated/numpy.polynomial.legendre.legder.html]
[numpy.org/doc/stable/reference/generated/numpy.polynomial.legendre.legint.html]
[numpy.org/doc/stable/reference/generated/numpy.polynomial.legendre.legfromroots.html]
[numpy.org/doc/stable/reference/generated/numpy.polynomial.legendre.legroots.html]
[numpy.org/doc/stable/reference/generated/numpy.polynomial.legendre.legvander.html]
[numpy.org/doc/stable/reference/generated/numpy.polynomial.legendre.legvander2d.html]
[numpy.org/doc/stable/reference/generated/numpy.polynomial.legendre.legvander3d.html]
[numpy.org/doc/stable/reference/generated/numpy.polynomial.legendre.leggauss.html]
[numpy.org/doc/stable/reference/generated/numpy.polynomial.legendre.legweight.html]
[numpy.org/doc/stable/reference/generated/numpy.polynomial.legendre.legcompanion.html]
[numpy.org/doc/stable/reference/generated/numpy.polynomial.legendre.legfit.html]
[numpy.org/doc/stable/reference/generated/numpy.polynomial.legendre.legtrim.html]
[numpy.org/doc/stable/reference/generated/numpy.polynomial.legendre.legline.html]
[numpy.org/doc/stable/reference/generated/numpy.polynomial.legendre.leg2poly.html]
[numpy.org/doc/stable/reference/generated/numpy.polynomial.legendre.poly2leg.html]
[numpy.org/doc/stable/reference/generated/numpy.polynomial.polyutils.as_series.html]
[numpy.org/doc/stable/reference/generated/numpy.polynomial.polyutils.trimseq.html]
[numpy.org/doc/stable/reference/generated/numpy.polynomial.polyutils.trimcoef.html]
[numpy.org/doc/stable/reference/generated/numpy.polynomial.polyutils.getdomain.html]
[numpy.org/doc/stable/reference/generated/numpy.polynomial.polyutils.mapdomain.html]
[numpy.org/doc/stable/reference/generated/numpy.polynomial.polyutils.mapparms.html]
[numpy.org/doc/stable/reference/generated/numpy.roots.html]
[numpy.org/doc/stable/reference/generated/numpy.polyder.html]
[numpy.org/doc/stable/reference/generated/numpy.polyint.html]
[numpy.org/doc/stable/reference/generated/numpy.polydiv.html]
[numpy.org/doc/stable/reference/generated/numpy.poly1d.__call__.html]
[numpy.org/doc/stable/reference/generated/numpy.poly1d.variable.html]
[numpy.org/doc/stable/reference/generated/reference/generated/numpy.poly1d.8ef.delayed]
[numpy.org/doc/stable/reference/generated/numpy.poly1d.c.html]
[numpy.org/doc/stable/reference/generated/numpy.poly1d.coef.html]
[numpy.org/doc/stable/reference/generated/numpy.poly1d.coefficients.html]
[numpy.org/doc/stable/reference/generated/numpy.poly1d.coeffs.html]
[numpy.org/doc/stable/reference/generated/numpy.poly1d.o.html]
[numpy.org/doc/stable/reference/generated/numpy.poly1d.order.html]
[numpy.org/doc/stable/reference/generated/numpy.poly1d.r.html]
[numpy.org/doc/stable/reference/generated/numpy.poly1d.deriv.html]
[numpy.org/doc/stable/reference/generated/numpy.poly1d.integ.html]
[numpy.org/doc/stable/reference/generated/numpy.polynomial.polynomial.Polynomial.__call__.html]
[numpy.org/doc/stable/reference/generated/numpy.polynomial.polynomial.Polynomial.domain.html]
[numpy.org/doc/stable/reference/generated/numpy.polynomial.polynomial.Polynomial.basis.html]
[numpy.org/doc/stable/reference/generated/numpy.polynomial.polynomial.Polynomial.cast.html]
[numpy.org/doc/stable/reference/generated/numpy.polynomial.polynomial.Polynomial.copy.html]
[numpy.org/doc/stable/reference/generated/numpy.polynomial.polynomial.Polynomial.cutdeg.html]
[numpy.org/doc/stable/reference/generated/numpy.polynomial.polynomial.Polynomial.degree.html]
[numpy.org/doc/stable/reference/generated/numpy.polynomial.polynomial.Polynomial.deriv.html]
[numpy.org/doc/stable/reference/generated/numpy.polynomial.polynomial.Polynomial.fromroots.html]
[numpy.org/doc/stable/reference/generated/numpy.polynomial.polynomial.Polynomial.has_samecoef.html]
[numpy.org/doc/stable/reference/generated/numpy.polynomial.polynomial.Polynomial.has_samedomain.html]
[numpy.org/doc/stable/reference/generated/numpy.polynomial.polynomial.Polynomial.has_sametype.html]
[numpy.org/doc/stable/reference/generated/numpy.polynomial.polynomial.Polynomial.has_samewindow.html]
[numpy.org/doc/stable/reference/generated/numpy.polynomial.polynomial.Polynomial.identity.html]
[numpy.org/doc/stable/reference/generated/numpy.polynomial.polynomial.Polynomial.integ.html]
[numpy.org/doc/stable/reference/generated/numpy.polynomial.polynomial.Polynomial.linspace.html]
[numpy.org/doc/stable/reference/generated/numpy.polynomial.polynomial.Polynomial.mapparms.html]
[numpy.org/doc/stable/reference/generated/numpy.polynomial.polynomial.Polynomial.roots.html]
[numpy.org/doc/stable/reference/generated/numpy.polynomial.polynomial.Polynomial.trim.html]
[numpy.org/doc/stable/reference/generated/numpy.polynomial.polynomial.Polynomial.truncate.html]
[numpy.org/doc/stable/reference/generated/numpy.polynomial.chebyshev.Chebyshev.__call__.html]
[numpy.org/doc/stable/reference/generated/numpy.polynomial.chebyshev.Chebyshev.domain.html]
[numpy.org/doc/stable/reference/generated/numpy.polynomial.chebyshev.Chebyshev.basis.html]
[numpy.org/doc/stable/reference/generated/numpy.polynomial.chebyshev.Chebyshev.cast.html]
[numpy.org/doc/stable/reference/generated/numpy.polynomial.chebyshev.Chebyshev.convert.html]
[numpy.org/doc/stable/reference/generated/numpy.polynomial.chebyshev.Chebyshev.copy.html]
[numpy.org/doc/stable/reference/generated/numpy.polynomial.chebyshev.Chebyshev.cutdeg.html]
[numpy.org/doc/stable/reference/generated/numpy.polynomial.chebyshev.Chebyshev.degree.html]
[numpy.org/doc/stable/reference/generated/numpy.polynomial.chebyshev.Chebyshev.deriv.html]
[numpy.org/doc/stable/reference/generated/numpy.polynomial.chebyshev.Chebyshev.fromroots.html]
[numpy.org/doc/stable/reference/generated/numpy.polynomial.chebyshev.Chebyshev.has_samecoef.html]
[numpy.org/doc/stable/reference/generated/numpy.polynomial.chebyshev.Chebyshev.has_samedomain.html]
[numpy.org/doc/stable/reference/generated/numpy.polynomial.chebyshev.Chebyshev.has_sametype.html]
[numpy.org/doc/stable/reference/generated/numpy.polynomial.chebyshev.Chebyshev.has_samewindow.html]
[numpy.org/doc/stable/reference/generated/numpy.polynomial.chebyshev.Chebyshev.identity.html]
[numpy.org/doc/stable/reference/generated/numpy.polynomial.chebyshev.Chebyshev.integ.html]
[numpy.org/doc/stable/reference/generated/numpy.polynomial.chebyshev.Chebyshev.interpolate.html]
[numpy.org/doc/stable/reference/generated/numpy.polynomial.chebyshev.Chebyshev.linspace.html]
[numpy.org/doc/stable/reference/generated/numpy.polynomial.chebyshev.Chebyshev.mapparms.html]
[numpy.org/doc/stable/reference/generated/numpy.polynomial.chebyshev.Chebyshev.roots.html]
[numpy.org/doc/stable/reference/generated/numpy.polynomial.chebyshev.Chebyshev.trim.html]
[numpy.org/doc/stable/reference/generated/numpy.polynomial.chebyshev.Chebyshev.truncate.html]
[numpy.org/doc/stable/reference/random/generated/numpy.random.Generator.bit_generator.html]
[numpy.org/doc/stable/reference/random/generated/numpy.random.Generator.spawn.html]
[numpy.org/doc/stable/reference/random/generated/numpy.random.Generator.integers.html]
[numpy.org/doc/stable/reference/random/generated/numpy.random.Generator.random.html]
[numpy.org/doc/stable/reference/random/generated/numpy.random.Generator.choice.html]
[numpy.org/doc/stable/reference/random/generated/numpy.random.Generator.bytes.html]
[numpy.org/doc/stable/reference/random/generated/numpy.random.Generator.shuffle.html]
[numpy.org/doc/stable/reference/random/generated/numpy.random.Generator.permutation.html]
[numpy.org/doc/stable/reference/random/generated/numpy.random.Generator.permuted.html]
[numpy.org/doc/stable/_images/numpy-random-Generator-beta-1.png]
[numpy.org/doc/stable/reference/random/generated/numpy.random.Generator.beta.html]
[numpy.org/doc/stable/_images/numpy-random-Generator-binomial-1.png]
[numpy.org/doc/stable/reference/random/generated/numpy.random.Generator.binomial.html]
[numpy.org/doc/stable/_images/numpy-random-Generator-chisquare-1.png]
[numpy.org/doc/stable/reference/random/generated/numpy.random.Generator.chisquare.html]
[numpy.org/doc/stable/_images/numpy-random-Generator-dirichlet-1.png]
[numpy.org/doc/stable/reference/random/generated/numpy.random.Generator.dirichlet.html]
[numpy.org/doc/stable/_images/numpy-random-Generator-exponential-1.png]
[numpy.org/doc/stable/reference/random/generated/numpy.random.Generator.exponential.html]
[numpy.org/doc/stable/_images/numpy-random-Generator-f-1.png]
[numpy.org/doc/stable/reference/random/generated/numpy.random.Generator.f.html]
[numpy.org/doc/stable/_images/numpy-random-Generator-gamma-1.png]
[numpy.org/doc/stable/reference/random/generated/numpy.random.Generator.gamma.html]
[numpy.org/doc/stable/_images/numpy-random-Generator-geometric-1.png]
[numpy.org/doc/stable/reference/random/generated/numpy.random.Generator.geometric.html]
[numpy.org/doc/stable/_images/numpy-random-Generator-gumbel-1_00_00.png]
[numpy.org/doc/stable/_images/numpy-random-Generator-gumbel-1_01_00.png]
[numpy.org/doc/stable/reference/random/generated/numpy.random.Generator.gumbel.html]
[numpy.org/doc/stable/reference/random/generated/numpy.random.Generator.hypergeometric.html]
[numpy.org/doc/stable/_images/numpy-random-Generator-laplace-1.png]
[numpy.org/doc/stable/reference/random/generated/numpy.random.Generator.laplace.html]
[numpy.org/doc/stable/_images/numpy-random-Generator-logistic-1.png]
[numpy.org/doc/stable/reference/random/generated/numpy.random.Generator.logistic.html]
[numpy.org/doc/stable/_images/numpy-random-Generator-lognormal-1_00_00.png]
[numpy.org/doc/stable/_images/numpy-random-Generator-lognormal-1_01_00.png]
[numpy.org/doc/stable/reference/random/generated/numpy.random.Generator.lognormal.html]
[numpy.org/doc/stable/_images/numpy-random-Generator-logseries-1.png]
[numpy.org/doc/stable/reference/random/generated/numpy.random.Generator.logseries.html]
[numpy.org/doc/stable/reference/random/generated/numpy.random.Generator.multinomial.html]
[numpy.org/doc/stable/reference/random/generated/numpy.random.Generator.multivariate_hypergeometric.html]
[numpy.org/doc/stable/_images/numpy-random-Generator-multivariate_normal-1.png]
[numpy.org/doc/stable/reference/random/generated/numpy.random.Generator.multivariate_normal.html]
[numpy.org/doc/stable/reference/random/generated/numpy.random.Generator.negative_binomial.html]
[numpy.org/doc/stable/_images/numpy-random-Generator-noncentral_chisquare-1_00_00.png]
[numpy.org/doc/stable/_images/numpy-random-Generator-noncentral_chisquare-1_01_00.png]
[numpy.org/doc/stable/_images/numpy-random-Generator-noncentral_chisquare-1_02_00.png]
[numpy.org/doc/stable/reference/random/generated/numpy.random.Generator.noncentral_chisquare.html]
[numpy.org/doc/stable/_images/numpy-random-Generator-noncentral_f-1.png]
[numpy.org/doc/stable/reference/random/generated/numpy.random.Generator.noncentral_f.html]
[numpy.org/doc/stable/_images/numpy-random-Generator-normal-1_00_00.png]
[numpy.org/doc/stable/reference/random/generated/numpy.random.Generator.normal.html]
[numpy.org/doc/stable/_images/numpy-random-Generator-pareto-1.png]
[numpy.org/doc/stable/reference/random/generated/numpy.random.Generator.pareto.html]
[numpy.org/doc/stable/_images/numpy-random-Generator-poisson-1_00_00.png]
[numpy.org/doc/stable/reference/random/generated/numpy.random.Generator.poisson.html]
[numpy.org/doc/stable/_images/numpy-random-Generator-power-1_00_00.png]
[numpy.org/doc/stable/_images/numpy-random-Generator-power-1_01_00.png]
[numpy.org/doc/stable/_images/numpy-random-Generator-power-1_01_01.png]
[numpy.org/doc/stable/_images/numpy-random-Generator-power-1_01_02.png]
[numpy.org/doc/stable/reference/random/generated/numpy.random.Generator.power.html]
[numpy.org/doc/stable/reference/random/generated/numpy.random.Generator.rayleigh.html]
[numpy.org/doc/stable/_images/numpy-random-Generator-standard_cauchy-1.png]
[numpy.org/doc/stable/reference/random/generated/numpy.random.Generator.standard_cauchy.html]
[numpy.org/doc/stable/reference/random/generated/numpy.random.Generator.standard_exponential.html]
[numpy.org/doc/stable/_images/numpy-random-Generator-standard_gamma-1.png]
[numpy.org/doc/stable/reference/random/generated/numpy.random.Generator.standard_gamma.html]
[numpy.org/doc/stable/reference/random/generated/numpy.random.Generator.standard_normal.html]
[numpy.org/doc/stable/_images/numpy-random-Generator-standard_t-1.png]
[numpy.org/doc/stable/reference/random/generated/numpy.random.Generator.standard_t.html]
[numpy.org/doc/stable/_images/numpy-random-Generator-triangular-1.png]
[numpy.org/doc/stable/reference/random/generated/numpy.random.Generator.triangular.html]
[numpy.org/doc/stable/_images/numpy-random-Generator-uniform-1.png]
[numpy.org/doc/stable/reference/random/generated/numpy.random.Generator.uniform.html]
[numpy.org/doc/stable/_images/numpy-random-Generator-vonmises-1.png]
[numpy.org/doc/stable/reference/random/generated/numpy.random.Generator.vonmises.html]
[numpy.org/doc/stable/_images/numpy-random-Generator-wald-1.png]
[numpy.org/doc/stable/reference/random/generated/numpy.random.Generator.wald.html]
[numpy.org/doc/stable/_images/numpy-random-Generator-weibull-1.png]
[numpy.org/doc/stable/reference/random/generated/numpy.random.Generator.weibull.html]
[numpy.org/doc/stable/_images/numpy-random-Generator-zipf-1.png]
[numpy.org/doc/stable/reference/random/generated/numpy.random.Generator.zipf.html]
[numpy.org/doc/stable/reference/random/generated/numpy.random.RandomState.get_state.html]
[numpy.org/doc/stable/reference/random/generated/numpy.random.RandomState.set_state.html]
[numpy.org/doc/stable/reference/random/generated/numpy.random.RandomState.seed.html]
[numpy.org/doc/stable/reference/random/generated/numpy.random.RandomState.rand.html]
[numpy.org/doc/stable/reference/random/generated/numpy.random.RandomState.randint.html]
[numpy.org/doc/stable/_images/numpy-random-RandomState-random_integers-1.png]
[numpy.org/doc/stable/reference/random/generated/numpy.random.RandomState.random_integers.html]
[numpy.org/doc/stable/reference/random/generated/numpy.random.RandomState.random_sample.html]
[numpy.org/doc/stable/reference/random/generated/numpy.random.RandomState.choice.html]
[numpy.org/doc/stable/reference/random/generated/numpy.random.RandomState.bytes.html]
[numpy.org/doc/stable/reference/random/generated/numpy.random.RandomState.shuffle.html]
[numpy.org/doc/stable/reference/random/generated/numpy.random.RandomState.permutation.html]
[numpy.org/doc/stable/reference/random/generated/numpy.random.RandomState.beta.html]
[numpy.org/doc/stable/reference/random/generated/numpy.random.RandomState.binomial.html]
[numpy.org/doc/stable/reference/random/generated/numpy.random.RandomState.chisquare.html]
[numpy.org/doc/stable/_images/numpy-random-RandomState-dirichlet-1.png]
[numpy.org/doc/stable/reference/random/generated/numpy.random.RandomState.dirichlet.html]
[numpy.org/doc/stable/reference/random/generated/numpy.random.RandomState.exponential.html]
[numpy.org/doc/stable/reference/random/generated/numpy.random.RandomState.f.html]
[numpy.org/doc/stable/_images/numpy-random-RandomState-gamma-1.png]
[numpy.org/doc/stable/reference/random/generated/numpy.random.RandomState.gamma.html]
[numpy.org/doc/stable/reference/random/generated/numpy.random.RandomState.geometric.html]
[numpy.org/doc/stable/_images/numpy-random-RandomState-gumbel-1_00_00.png]
[numpy.org/doc/stable/_images/numpy-random-RandomState-gumbel-1_01_00.png]
[numpy.org/doc/stable/reference/random/generated/numpy.random.RandomState.gumbel.html]
[numpy.org/doc/stable/reference/random/generated/numpy.random.RandomState.hypergeometric.html]
[numpy.org/doc/stable/_images/numpy-random-RandomState-laplace-1.png]
[numpy.org/doc/stable/reference/random/generated/numpy.random.RandomState.laplace.html]
[numpy.org/doc/stable/_images/numpy-random-RandomState-logistic-1.png]
[numpy.org/doc/stable/reference/random/generated/numpy.random.RandomState.logistic.html]
[numpy.org/doc/stable/_images/numpy-random-RandomState-lognormal-1_00_00.png]
[numpy.org/doc/stable/_images/numpy-random-RandomState-lognormal-1_01_00.png]
[numpy.org/doc/stable/reference/random/generated/numpy.random.RandomState.lognormal.html]
[numpy.org/doc/stable/_images/numpy-random-RandomState-logseries-1.png]
[numpy.org/doc/stable/reference/random/generated/numpy.random.RandomState.logseries.html]
[numpy.org/doc/stable/reference/random/generated/numpy.random.RandomState.multinomial.html]
[numpy.org/doc/stable/_images/numpy-random-RandomState-multivariate_normal-1.png]
[numpy.org/doc/stable/reference/random/generated/numpy.random.RandomState.multivariate_normal.html]
[numpy.org/doc/stable/reference/random/generated/numpy.random.RandomState.negative_binomial.html]
[numpy.org/doc/stable/_images/numpy-random-RandomState-noncentral_chisquare-1_00_00.png]
[numpy.org/doc/stable/_images/numpy-random-RandomState-noncentral_chisquare-1_01_00.png]
[numpy.org/doc/stable/_images/numpy-random-RandomState-noncentral_chisquare-1_02_00.png]
[numpy.org/doc/stable/reference/random/generated/numpy.random.RandomState.noncentral_chisquare.html]
[numpy.org/doc/stable/_images/numpy-random-RandomState-noncentral_f-1.png]
[numpy.org/doc/stable/reference/random/generated/numpy.random.RandomState.noncentral_f.html]
[numpy.org/doc/stable/_images/numpy-random-RandomState-normal-1_00_00.png]
[numpy.org/doc/stable/reference/random/generated/numpy.random.RandomState.normal.html]
[numpy.org/doc/stable/_images/numpy-random-RandomState-pareto-1.png]
[numpy.org/doc/stable/reference/random/generated/numpy.random.RandomState.pareto.html]
[numpy.org/doc/stable/_images/numpy-random-RandomState-poisson-1_00_00.png]
[numpy.org/doc/stable/reference/random/generated/numpy.random.RandomState.poisson.html]
[numpy.org/doc/stable/_images/numpy-random-RandomState-power-1_00_00.png]
[numpy.org/doc/stable/_images/numpy-random-RandomState-power-1_01_00.png]
[numpy.org/doc/stable/_images/numpy-random-RandomState-power-1_01_01.png]
[numpy.org/doc/stable/_images/numpy-random-RandomState-power-1_01_02.png]
[numpy.org/doc/stable/reference/random/generated/numpy.random.RandomState.power.html]
[numpy.org/doc/stable/reference/random/generated/numpy.random.RandomState.rayleigh.html]
[numpy.org/doc/stable/_images/numpy-random-RandomState-standard_cauchy-1.png]
[numpy.org/doc/stable/reference/random/generated/numpy.random.RandomState.standard_cauchy.html]
[numpy.org/doc/stable/reference/random/generated/numpy.random.RandomState.standard_exponential.html]
[numpy.org/doc/stable/_images/numpy-random-RandomState-standard_gamma-1.png]
[numpy.org/doc/stable/reference/random/generated/numpy.random.RandomState.standard_gamma.html]
[numpy.org/doc/stable/reference/random/generated/numpy.random.RandomState.standard_normal.html]
[numpy.org/doc/stable/_images/numpy-random-RandomState-standard_t-1.png]
[numpy.org/doc/stable/reference/random/generated/numpy.random.RandomState.standard_t.html]
[numpy.org/doc/stable/_images/numpy-random-RandomState-triangular-1.png]
[numpy.org/doc/stable/reference/random/generated/numpy.random.RandomState.triangular.html]
[numpy.org/doc/stable/_images/numpy-random-RandomState-uniform-1.png]
[numpy.org/doc/stable/reference/random/generated/numpy.random.RandomState.uniform.html]
[numpy.org/doc/stable/_images/numpy-random-RandomState-vonmises-1.png]
[numpy.org/doc/stable/reference/random/generated/numpy.random.RandomState.vonmises.html]
[numpy.org/doc/stable/_images/numpy-random-RandomState-wald-1.png]
[numpy.org/doc/stable/reference/random/generated/numpy.random.RandomState.wald.html]
[numpy.org/doc/stable/_images/numpy-random-RandomState-weibull-1.png]
[numpy.org/doc/stable/reference/random/generated/numpy.random.RandomState.weibull.html]
[numpy.org/doc/stable/_images/numpy-random-RandomState-zipf-1.png]
[numpy.org/doc/stable/reference/random/generated/numpy.random.RandomState.zipf.html]
[numpy.org/doc/stable/reference/random/generated/numpy.random.beta.html]
[numpy.org/doc/stable/reference/random/generated/numpy.random.binomial.html]
[numpy.org/doc/stable/reference/random/generated/numpy.random.bytes.html]
[numpy.org/doc/stable/reference/random/generated/numpy.random.chisquare.html]
[numpy.org/doc/stable/reference/random/generated/numpy.random.choice.html]
[numpy.org/doc/stable/_images/numpy-random-dirichlet-1.png]
[numpy.org/doc/stable/reference/random/generated/numpy.random.dirichlet.html]
[numpy.org/doc/stable/reference/random/generated/numpy.random.exponential.html]
[numpy.org/doc/stable/reference/random/generated/numpy.random.f.html]
[numpy.org/doc/stable/_images/numpy-random-gamma-1.png]
[numpy.org/doc/stable/reference/random/generated/numpy.random.gamma.html]
[numpy.org/doc/stable/reference/random/generated/numpy.random.geometric.html]
[numpy.org/doc/stable/reference/random/generated/numpy.random.get_state.html]
[numpy.org/doc/stable/_images/numpy-random-gumbel-1_00_00.png]
[numpy.org/doc/stable/_images/numpy-random-gumbel-1_01_00.png]
[numpy.org/doc/stable/reference/random/generated/numpy.random.gumbel.html]
[numpy.org/doc/stable/reference/random/generated/numpy.random.hypergeometric.html]
[numpy.org/doc/stable/_images/numpy-random-laplace-1.png]
[numpy.org/doc/stable/reference/random/generated/numpy.random.laplace.html]
[numpy.org/doc/stable/_images/numpy-random-logistic-1.png]
[numpy.org/doc/stable/reference/random/generated/numpy.random.logistic.html]
[numpy.org/doc/stable/_images/numpy-random-lognormal-1_00_00.png]
[numpy.org/doc/stable/_images/numpy-random-lognormal-1_01_00.png]
[numpy.org/doc/stable/reference/random/generated/numpy.random.lognormal.html]
[numpy.org/doc/stable/_images/numpy-random-logseries-1.png]
[numpy.org/doc/stable/reference/random/generated/numpy.random.logseries.html]
[numpy.org/doc/stable/reference/random/generated/numpy.random.multinomial.html]
[numpy.org/doc/stable/_images/numpy-random-multivariate_normal-1.png]
[numpy.org/doc/stable/reference/random/generated/numpy.random.multivariate_normal.html]
[numpy.org/doc/stable/reference/random/generated/numpy.random.negative_binomial.html]
[numpy.org/doc/stable/_images/numpy-random-noncentral_chisquare-1_00_00.png]
[numpy.org/doc/stable/_images/numpy-random-noncentral_chisquare-1_01_00.png]
[numpy.org/doc/stable/_images/numpy-random-noncentral_chisquare-1_02_00.png]
[numpy.org/doc/stable/reference/random/generated/numpy.random.noncentral_chisquare.html]
[numpy.org/doc/stable/_images/numpy-random-noncentral_f-1.png]
[numpy.org/doc/stable/reference/random/generated/numpy.random.noncentral_f.html]
[numpy.org/doc/stable/_images/numpy-random-normal-1_00_00.png]
[numpy.org/doc/stable/reference/random/generated/numpy.random.normal.html]
[numpy.org/doc/stable/_images/numpy-random-pareto-1.png]
[numpy.org/doc/stable/reference/random/generated/numpy.random.pareto.html]
[numpy.org/doc/stable/reference/random/generated/numpy.random.permutation.html]
[numpy.org/doc/stable/_images/numpy-random-poisson-1_00_00.png]
[numpy.org/doc/stable/reference/random/generated/numpy.random.poisson.html]
[numpy.org/doc/stable/_images/numpy-random-power-1_00_00.png]
[numpy.org/doc/stable/_images/numpy-random-power-1_01_00.png]
[numpy.org/doc/stable/_images/numpy-random-power-1_01_01.png]
[numpy.org/doc/stable/_images/numpy-random-power-1_01_02.png]
[numpy.org/doc/stable/reference/random/generated/numpy.random.power.html]
[numpy.org/doc/stable/reference/random/generated/numpy.random.rand.html]
[numpy.org/doc/stable/reference/random/generated/numpy.random.randint.html]
[numpy.org/doc/stable/reference/random/generated/numpy.random.randn.html]
[numpy.org/doc/stable/reference/random/generated/numpy.random.random.html]
[numpy.org/doc/stable/_images/numpy-random-random_integers-1.png]
[numpy.org/doc/stable/reference/random/generated/numpy.random.random_integers.html]
[numpy.org/doc/stable/reference/random/generated/numpy.random.random_sample.html]
[numpy.org/doc/stable/reference/random/generated/numpy.random.ranf.html]
[numpy.org/doc/stable/reference/random/generated/numpy.random.rayleigh.html]
[numpy.org/doc/stable/reference/random/generated/numpy.random.sample.html]
[numpy.org/doc/stable/reference/random/generated/numpy.random.seed.html]
[numpy.org/doc/stable/reference/random/generated/numpy.random.set_state.html]
[numpy.org/doc/stable/reference/random/generated/numpy.random.shuffle.html]
[numpy.org/doc/stable/_images/numpy-random-standard_cauchy-1.png]
[numpy.org/doc/stable/reference/random/generated/numpy.random.standard_cauchy.html]
[numpy.org/doc/stable/reference/random/generated/numpy.random.standard_exponential.html]
[numpy.org/doc/stable/_images/numpy-random-standard_gamma-1.png]
[numpy.org/doc/stable/reference/random/generated/numpy.random.standard_gamma.html]
[numpy.org/doc/stable/reference/random/generated/numpy.random.standard_normal.html]
[numpy.org/doc/stable/_images/numpy-random-standard_t-1.png]
[numpy.org/doc/stable/reference/random/generated/numpy.random.standard_t.html]
[numpy.org/doc/stable/_images/numpy-random-triangular-1.png]
[numpy.org/doc/stable/reference/random/generated/numpy.random.triangular.html]
[numpy.org/doc/stable/_images/numpy-random-uniform-1.png]
[numpy.org/doc/stable/reference/random/generated/numpy.random.uniform.html]
[numpy.org/doc/stable/_images/numpy-random-vonmises-1.png]
[numpy.org/doc/stable/reference/random/generated/numpy.random.vonmises.html]
[numpy.org/doc/stable/_images/numpy-random-wald-1.png]
[numpy.org/doc/stable/reference/random/generated/numpy.random.wald.html]
[numpy.org/doc/stable/_images/numpy-random-weibull-1.png]
[numpy.org/doc/stable/reference/random/generated/numpy.random.weibull.html]
[numpy.org/doc/stable/_images/numpy-random-zipf-1.png]
[numpy.org/doc/stable/reference/random/generated/numpy.random.zipf.html]
[numpy.org/doc/stable/reference/random/bit_generators/generated/numpy.random.PCG64DXSM.state.html]
[numpy.org/doc/stable/reference/random/bit_generators/generated/numpy.random.PCG64DXSM.advance.html]
[numpy.org/doc/stable/reference/random/bit_generators/generated/numpy.random.PCG64DXSM.jumped.html]
[numpy.org/doc/stable/reference/random/bit_generators/generated/numpy.random.PCG64DXSM.cffi.html]
[numpy.org/doc/stable/reference/random/bit_generators/pcg64dxsm.html]
[numpy.org/doc/stable/reference/random/bit_generators/generated/numpy.random.PCG64DXSM.ctypes.html]
[numpy.org/doc/stable/reference/random/bit_generators/generated/numpy.random.Philox.state.html]
[numpy.org/doc/stable/reference/random/bit_generators/generated/numpy.random.Philox.jumped.html]
[numpy.org/doc/stable/reference/random/bit_generators/generated/numpy.random.Philox.advance.html]
[numpy.org/doc/stable/reference/random/bit_generators/generated/numpy.random.Philox.cffi.html]
[numpy.org/doc/stable/reference/random/bit_generators/philox.html]
[numpy.org/doc/stable/reference/random/bit_generators/generated/numpy.random.Philox.ctypes.html]
[numpy.org/doc/stable/reference/random/bit_generators/generated/numpy.random.SFC64.state.html]
[numpy.org/doc/stable/reference/random/bit_generators/sfc64.html]
[numpy.org/doc/stable/reference/random/bit_generators/generated/numpy.random.PCG64.advance.html]
[numpy.org/doc/stable/reference/random/bit_generators/generated/numpy.random.MT19937.jumped.html]
[numpy.org/doc/stable/reference/random/bit_generators/generated/numpy.random.BitGenerator.spawn.html]
[numpy.org/doc/stable/reference/random/bit_generators/generated/numpy.random.SeedSequence.spawn.html]
[numpy.org/doc/stable/reference/random/bit_generators/generated/numpy.random.PCG64.jumped.html]
[numpy.org/doc/stable/reference/random/bit_generators/generated/numpy.random.PCG64.ctypes.html]
[numpy.org/doc/stable/reference/random/bit_generators/generated/numpy.random.PCG64.cffi.html]
[numpy.org/doc/stable/reference/random/bit_generators/generated/numpy.random.BitGenerator.cffi.html]
[numpy.org/doc/stable/reference/random/examples/cython/meson.build.html]
[numpy.org/doc/stable/reference/random/examples/cython/extending.pyx.html]
[numpy.org/doc/stable/reference/random/bit_generators/generated/numpy.random.SeedSequence.generate_state.html]
[numpy.org/doc/stable/reference/random/bit_generators/generated/numpy.random.SFC64.ctypes.html]
[numpy.org/doc/stable/reference/random/bit_generators/generated/numpy.random.SeedSequence.entropy.html]
[numpy.org/doc/stable/reference/random/bit_generators/generated/numpy.random.SeedSequence.spawn_key.html]
[numpy.org/doc/stable/reference/random/bit_generators/generated/numpy.random.BitGenerator.random_raw.html]
[numpy.org/doc/stable/reference/random/bit_generators/generated/numpy.random.PCG64.state.html]
[numpy.org/doc/stable/reference/random/bit_generators/generated/numpy.random.MT19937.ctypes.html]
[numpy.org/doc/stable/reference/random/bit_generators/generated/numpy.random.MT19937.state.html]
[numpy.org/doc/stable/reference/random/bit_generators/generated/numpy.random.MT19937.cffi.html]
[numpy.org/doc/stable/reference/generated/numpy.testing.suppress_warnings.__call__.html]
[numpy.org/doc/stable/reference/generated/numpy.testing.suppress_warnings.filter.html]
[numpy.org/doc/stable/reference/generated/numpy.testing.suppress_warnings.record.html]
[numpy.org/doc/stable/reference/generated/numpy.polynomial.legendre.Legendre.__call__.html]
[numpy.org/doc/stable/reference/generated/numpy.polynomial.legendre.Legendre.domain.html]
[numpy.org/doc/stable/reference/generated/numpy.polynomial.legendre.Legendre.basis.html]
[numpy.org/doc/stable/reference/generated/numpy.polynomial.legendre.Legendre.cast.html]
[numpy.org/doc/stable/reference/generated/numpy.polynomial.legendre.Legendre.convert.html]
[numpy.org/doc/stable/reference/generated/numpy.polynomial.legendre.Legendre.copy.html]
[numpy.org/doc/stable/reference/generated/numpy.polynomial.legendre.Legendre.cutdeg.html]
[numpy.org/doc/stable/reference/generated/numpy.polynomial.legendre.Legendre.degree.html]
[numpy.org/doc/stable/reference/generated/numpy.polynomial.legendre.Legendre.deriv.html]
[numpy.org/doc/stable/reference/generated/numpy.polynomial.legendre.Legendre.fit.html]
[numpy.org/doc/stable/reference/generated/numpy.polynomial.legendre.Legendre.fromroots.html]
[numpy.org/doc/stable/reference/generated/numpy.polynomial.legendre.Legendre.has_samecoef.html]
[numpy.org/doc/stable/reference/generated/numpy.polynomial.legendre.Legendre.has_samedomain.html]
[numpy.org/doc/stable/reference/generated/numpy.polynomial.legendre.Legendre.has_sametype.html]
[numpy.org/doc/stable/reference/generated/numpy.polynomial.legendre.Legendre.has_samewindow.html]
[numpy.org/doc/stable/reference/generated/numpy.polynomial.legendre.Legendre.identity.html]
[numpy.org/doc/stable/reference/generated/numpy.polynomial.legendre.Legendre.integ.html]
[numpy.org/doc/stable/reference/generated/numpy.polynomial.legendre.Legendre.linspace.html]
[numpy.org/doc/stable/reference/generated/numpy.polynomial.legendre.Legendre.mapparms.html]
[numpy.org/doc/stable/reference/generated/numpy.polynomial.legendre.Legendre.roots.html]
[numpy.org/doc/stable/reference/generated/numpy.polynomial.legendre.Legendre.trim.html]
[numpy.org/doc/stable/reference/generated/numpy.polynomial.legendre.Legendre.truncate.html]
[numpy.org/doc/stable/reference/generated/numpy.polynomial.laguerre.Laguerre.__call__.html]
[numpy.org/doc/stable/reference/generated/numpy.polynomial.laguerre.Laguerre.domain.html]
[numpy.org/doc/stable/reference/generated/numpy.polynomial.laguerre.Laguerre.basis.html]
[numpy.org/doc/stable/reference/generated/numpy.polynomial.laguerre.Laguerre.cast.html]
[numpy.org/doc/stable/reference/generated/numpy.polynomial.laguerre.Laguerre.convert.html]
[numpy.org/doc/stable/reference/generated/numpy.polynomial.laguerre.Laguerre.copy.html]
[numpy.org/doc/stable/reference/generated/numpy.polynomial.laguerre.Laguerre.cutdeg.html]
[numpy.org/doc/stable/reference/generated/numpy.polynomial.laguerre.Laguerre.degree.html]
[numpy.org/doc/stable/reference/generated/numpy.polynomial.laguerre.Laguerre.deriv.html]
[numpy.org/doc/stable/reference/generated/numpy.polynomial.laguerre.Laguerre.fit.html]
[numpy.org/doc/stable/reference/generated/numpy.polynomial.laguerre.Laguerre.fromroots.html]
[numpy.org/doc/stable/reference/generated/numpy.polynomial.laguerre.Laguerre.has_samecoef.html]
[numpy.org/doc/stable/reference/generated/numpy.polynomial.laguerre.Laguerre.has_samedomain.html]
[numpy.org/doc/stable/reference/generated/numpy.polynomial.laguerre.Laguerre.has_sametype.html]
[numpy.org/doc/stable/reference/generated/numpy.polynomial.laguerre.Laguerre.has_samewindow.html]
[numpy.org/doc/stable/reference/generated/numpy.polynomial.laguerre.Laguerre.identity.html]
[numpy.org/doc/stable/reference/generated/numpy.polynomial.laguerre.Laguerre.integ.html]
[numpy.org/doc/stable/reference/generated/numpy.polynomial.laguerre.Laguerre.linspace.html]
[numpy.org/doc/stable/reference/generated/numpy.polynomial.laguerre.Laguerre.mapparms.html]
[numpy.org/doc/stable/reference/generated/numpy.polynomial.laguerre.Laguerre.roots.html]
[numpy.org/doc/stable/reference/generated/numpy.polynomial.laguerre.Laguerre.trim.html]
[numpy.org/doc/stable/reference/generated/numpy.polynomial.laguerre.Laguerre.truncate.html]
[numpy.org/doc/stable/reference/generated/numpy.polynomial.hermite.Hermite.__call__.html]
[numpy.org/doc/stable/reference/random/bit_generators/generated/numpy.random.SFC64.cffi.html]
[numpy.org/doc/stable/reference/generated/numpy.polynomial.hermite.Hermite.domain.html]
[numpy.org/doc/stable/reference/generated/numpy.polynomial.hermite.Hermite.basis.html]
[numpy.org/doc/stable/reference/generated/numpy.polynomial.hermite.Hermite.cast.html]
[numpy.org/doc/stable/reference/generated/numpy.polynomial.hermite.Hermite.convert.html]
[numpy.org/doc/stable/reference/generated/numpy.polynomial.hermite.Hermite.copy.html]
[numpy.org/doc/stable/reference/generated/numpy.polynomial.hermite.Hermite.cutdeg.html]
[numpy.org/doc/stable/reference/generated/numpy.polynomial.hermite.Hermite.degree.html]
[numpy.org/doc/stable/reference/generated/numpy.polynomial.hermite.Hermite.deriv.html]
[numpy.org/doc/stable/reference/generated/numpy.polynomial.hermite.Hermite.fit.html]
[numpy.org/doc/stable/reference/generated/numpy.polynomial.hermite.Hermite.fromroots.html]
[numpy.org/doc/stable/reference/generated/numpy.polynomial.hermite.Hermite.has_samecoef.html]
[numpy.org/doc/stable/reference/generated/numpy.polynomial.hermite.Hermite.has_samedomain.html]
[numpy.org/doc/stable/reference/generated/numpy.polynomial.hermite.Hermite.has_sametype.html]
[numpy.org/doc/stable/reference/generated/numpy.polynomial.hermite.Hermite.has_samewindow.html]
[numpy.org/doc/stable/reference/generated/numpy.polynomial.hermite.Hermite.identity.html]
[numpy.org/doc/stable/reference/generated/numpy.polynomial.hermite.Hermite.integ.html]
[numpy.org/doc/stable/reference/generated/numpy.polynomial.hermite.Hermite.linspace.html]
[numpy.org/doc/stable/reference/generated/numpy.polynomial.hermite.Hermite.mapparms.html]
[numpy.org/doc/stable/reference/generated/numpy.polynomial.hermite.Hermite.roots.html]
[numpy.org/doc/stable/reference/generated/numpy.polynomial.hermite.Hermite.trim.html]
[numpy.org/doc/stable/reference/generated/numpy.polynomial.hermite.Hermite.truncate.html]
[numpy.org/doc/stable/reference/generated/numpy.polynomial.hermite_e.HermiteE.__call__.html]
[numpy.org/doc/stable/reference/generated/numpy.polynomial.hermite_e.HermiteE.domain.html]
[numpy.org/doc/stable/reference/generated/numpy.polynomial.hermite_e.HermiteE.basis.html]
[numpy.org/doc/stable/reference/generated/numpy.polynomial.hermite_e.HermiteE.cast.html]
[numpy.org/doc/stable/reference/generated/numpy.polynomial.hermite_e.HermiteE.convert.html]
[numpy.org/doc/stable/reference/generated/numpy.polynomial.hermite_e.HermiteE.copy.html]
[numpy.org/doc/stable/reference/generated/numpy.polynomial.hermite_e.HermiteE.cutdeg.html]
[numpy.org/doc/stable/reference/generated/numpy.polynomial.hermite_e.HermiteE.degree.html]
[numpy.org/doc/stable/reference/generated/numpy.polynomial.hermite_e.HermiteE.deriv.html]
[numpy.org/doc/stable/reference/generated/numpy.polynomial.hermite_e.HermiteE.fit.html]
[numpy.org/doc/stable/reference/generated/numpy.polynomial.hermite_e.HermiteE.fromroots.html]
[numpy.org/doc/stable/reference/generated/numpy.polynomial.hermite_e.HermiteE.has_samecoef.html]
[numpy.org/doc/stable/reference/generated/numpy.polynomial.hermite_e.HermiteE.has_samedomain.html]
[numpy.org/doc/stable/reference/generated/numpy.polynomial.hermite_e.HermiteE.has_sametype.html]
[numpy.org/doc/stable/reference/generated/numpy.polynomial.hermite_e.HermiteE.has_samewindow.html]
[numpy.org/doc/stable/reference/generated/numpy.polynomial.hermite_e.HermiteE.identity.html]
[numpy.org/doc/stable/reference/generated/numpy.polynomial.hermite_e.HermiteE.integ.html]
[numpy.org/doc/stable/reference/generated/numpy.polynomial.hermite_e.HermiteE.linspace.html]
[numpy.org/doc/stable/reference/generated/numpy.polynomial.hermite_e.HermiteE.mapparms.html]
[numpy.org/doc/stable/reference/generated/numpy.polynomial.hermite_e.HermiteE.roots.html]
[numpy.org/doc/stable/reference/generated/numpy.polynomial.hermite_e.HermiteE.trim.html]
[numpy.org/doc/stable/reference/generated/numpy.polynomial.hermite_e.HermiteE.truncate.html]
[numpy.org/doc/stable/reference/generated/numpy.lib.Arrayterator.shape.html]
[numpy.org/doc/stable/reference/generated/numpy.lib.Arrayterator.flat.html]
[numpy.org/doc/stable/reference/generated/numpy.lib.array_utils.byte_bounds.html]
[numpy.org/doc/stable/reference/generated/numpy.lib.array_utils.normalize_axis_index.html]
[numpy.org/doc/stable/reference/generated/numpy.lib.introspect.opt_func_info.html]
[numpy.org/doc/stable/reference/generated/numpy.lib.scimath.arccos.html]
[numpy.org/doc/stable/reference/generated/numpy.lib.scimath.arcsin.html]
[numpy.org/doc/stable/reference/generated/numpy.lib.scimath.arctanh.html]
[numpy.org/doc/stable/reference/generated/numpy.lib.scimath.log.html]
[numpy.org/doc/stable/reference/generated/numpy.lib.scimath.log10.html]
[numpy.org/doc/stable/reference/generated/numpy.lib.scimath.log2.html]
[numpy.org/doc/stable/reference/generated/numpy.lib.scimath.logn.html]
[numpy.org/doc/stable/reference/generated/numpy.lib.scimath.power.html]
[numpy.org/doc/stable/reference/generated/numpy.lib.scimath.sqrt.html]
[numpy.org/doc/stable/reference/generated/reference/generated/numpy.ma.MaskedArray.html]
[numpy.org/doc/stable/reference/generated/reference/generated/numpy.recarray.html]
[numpy.org/doc/stable/reference/generated/numpy.distutils.ccompiler_opt.CCompilerOpt.cache_flush.html]
[numpy.org/doc/stable/reference/generated/numpy.distutils.ccompiler_opt.CCompilerOpt.cc_normalize_flags.html]
[numpy.org/doc/stable/reference/generated/numpy.distutils.ccompiler_opt.CCompilerOpt.conf_features_partial.html]
[numpy.org/doc/stable/reference/generated/numpy.distutils.ccompiler_opt.CCompilerOpt.cpu_baseline_flags.html]
[numpy.org/doc/stable/reference/generated/numpy.distutils.ccompiler_opt.CCompilerOpt.cpu_baseline_names.html]
[numpy.org/doc/stable/reference/generated/numpy.distutils.ccompiler_opt.CCompilerOpt.cpu_dispatch_names.html]
[numpy.org/doc/stable/reference/generated/numpy.distutils.ccompiler_opt.CCompilerOpt.dist_compile.html]
[numpy.org/doc/stable/reference/generated/numpy.distutils.ccompiler_opt.CCompilerOpt.dist_error.html]
[numpy.org/doc/stable/reference/generated/numpy.distutils.ccompiler_opt.CCompilerOpt.dist_fatal.html]
[numpy.org/doc/stable/reference/generated/numpy.distutils.ccompiler_opt.CCompilerOpt.dist_info.html]
[numpy.org/doc/stable/reference/generated/numpy.distutils.ccompiler_opt.CCompilerOpt.dist_load_module.html]
[numpy.org/doc/stable/reference/generated/numpy.distutils.ccompiler_opt.CCompilerOpt.dist_log.html]
[numpy.org/doc/stable/reference/generated/numpy.distutils.ccompiler_opt.CCompilerOpt.dist_test.html]
[numpy.org/doc/stable/reference/generated/numpy.distutils.ccompiler_opt.CCompilerOpt.feature_ahead.html]
[numpy.org/doc/stable/reference/generated/numpy.distutils.ccompiler_opt.CCompilerOpt.feature_c_preprocessor.html]
[numpy.org/doc/stable/reference/generated/numpy.distutils.ccompiler_opt.CCompilerOpt.feature_detect.html]
[numpy.org/doc/stable/reference/generated/numpy.distutils.ccompiler_opt.CCompilerOpt.feature_get_til.html]
[numpy.org/doc/stable/reference/generated/numpy.distutils.ccompiler_opt.CCompilerOpt.feature_implies.html]
[numpy.org/doc/stable/reference/generated/numpy.distutils.ccompiler_opt.CCompilerOpt.feature_implies_c.html]
[numpy.org/doc/stable/reference/generated/numpy.distutils.ccompiler_opt.CCompilerOpt.feature_is_exist.html]
[numpy.org/doc/stable/reference/generated/numpy.distutils.ccompiler_opt.CCompilerOpt.feature_names.html]
[numpy.org/doc/stable/reference/generated/numpy.distutils.ccompiler_opt.CCompilerOpt.feature_sorted.html]
[numpy.org/doc/stable/reference/generated/numpy.distutils.ccompiler_opt.CCompilerOpt.feature_untied.html]
[numpy.org/doc/stable/reference/generated/numpy.distutils.ccompiler_opt.CCompilerOpt.generate_dispatch_header.html]
[numpy.org/doc/stable/reference/generated/numpy.distutils.ccompiler_opt.CCompilerOpt.is_cached.html]
[numpy.org/doc/stable/reference/generated/reference/generated/numpy.distutils.ccompiler_opt.CCompilerOpt.95e.delayed]
[numpy.org/doc/stable/reference/generated/numpy.distutils.ccompiler_opt.CCompilerOpt.me.html]
[numpy.org/doc/stable/reference/generated/numpy.distutils.ccompiler_opt.CCompilerOpt.parse_targets.html]
[numpy.org/doc/stable/reference/generated/numpy.distutils.ccompiler_opt.CCompilerOpt.conf_features.html]
[numpy.org/doc/stable/reference/generated/numpy.ndarray.ptp.html]
[numpy.org/doc/stable/reference/generated/reference/generated/numpy.char.chararray.html]
[numpy.org/doc/stable/reference/generated/reference/generated/numpy.record.html]
[en.wikipedia.org/wiki/Skins.vector.html]
[en.m.wikipedia.org/static/apple-touch/wikipedia.png]
[en.m.wikipedia.org/wiki/Auth.wikimedia.961.delayed]
[en.m.wikipedia.org/wiki/Main_Page.html]
[en.m.wikipedia.org/wiki/(33128)_1998_BU48.html]
[en.m.wikipedia.org/wiki/Special_Nearby.html]
[en.m.wikipedia.org/w/indexd7d7.html]
[en.wikipedia.org/static/images/donate/donate.gif]
[en.m.wikipedia.org/wiki/Wikipedia_About.html]
[en.m.wikipedia.org/wiki/Wikipedia_General_disclaimer.html]
[en.m.wikipedia.org/wiki/User_Oleg_Alexandrov.html]
[en.m.wikipedia.org/wiki/Category_Numerical_analysis.html]
[en.m.wikipedia.org/wiki/Talk_Mathematics/Archive_12.html]
[en.m.wikipedia.org/wiki/User_Oleg_Alexandrov/Pictures.html]
[en.m.wikipedia.org/wiki/File_Composite_trapezoidal_rule_illustration.html]
[commons.wikimedia.org/wiki/Skins.vector.972.delayed]
[commons.wikimedia.org/wiki/Special_EntityData/M2024413.json]
[commons.wikimedia.org/wiki/Special_EntityData/M2024413.php]
[commons.wikimedia.org/wiki/Special_EntityData/M2024413.n3]
[commons.wikimedia.org/wiki/Special_EntityData/M2024413.ttl]
[commons.wikimedia.org/wiki/Special_EntityData/M2024413.nt]
[commons.wikimedia.org/wiki/Special_EntityData/M2024413.rdf]
[commons.wikimedia.org/wiki/Special_EntityData/M2024413.jsonld]
[commons.m.wikimedia.org/wiki/File_Composite_trapezoidal_rule_illustration.html]
[commons.wikimedia.org/static/apple-touch/commons.png]
[commons.wikimedia.org/wiki/Auth.wikimedia.97e.delayed]
[commons.wikimedia.org/wiki/Main_Page.html]
[commons.wikimedia.org/wiki/Commons_Welcome.html]
[commons.wikimedia.org/wiki/Commons_Community_portal.html]
[commons.wikimedia.org/wiki/Commons_Village_pump.html]
[commons.wikimedia.org/wiki/Special_MyLanguage/Help_Contents.html]
[commons.wikimedia.org/wiki/Special_SpecialPages.html]
[commons.wikimedia.org/wiki/Special_UploadWizard.html]
[commons.wikimedia.org/wiki/Special_RecentChanges.html]
[commons.wikimedia.org/wiki/Special_NewFiles.html]
[commons.wikimedia.org/wiki/File_Lava_at_Usan_with_a_pillow_like_appearance_-_geograph.org.uk_-_6255418.html]
[commons.wikimedia.org/wiki/Commons_Contact_us.html]
[commons.wikimedia.org/wiki/Special_MediaSearch.html]
[commons.wikimedia.org/wiki/Help_Introduction.992.delayed]
[commons.wikimedia.org/wiki/Special_MyContributions.html]
[commons.wikimedia.org/wiki/Special_MyTalk.html]
[commons.wikimedia.org/wiki/Special_WhatLinksHere/File_Composite_trapezoidal_rule_illustration.html]
[commons.wikimedia.org/wiki/Special_RecentChangesLinked/File_Composite_trapezoidal_rule_illustration.html]
[commons.wikimedia.org/w/index9bfd.html]
[commons.wikimedia.org/w/index4451.html]
[upload.wikimedia.org/wikipedia/commons/thumb/4/42/Composite_trapezoidal_rule_illustration.png/960px-Composite_trapezoidal_rule_illustration6a20.png]
[commons.wikimedia.org/wiki/User_Oleg_Alexandrov.html]
[commons.wikimedia.org/wiki/File_Gnome-x-office-drawing.html]
[commons.wikimedia.org/wiki/File_Composite_trapezoidal_rule_illustration-2.html]
[commons.wikimedia.org/wiki/Help_SVG.html]
[commons.wikimedia.org/wiki/Template_Vector_version_available/lang.html]
[commons.wikimedia.org/wiki/Template_Vector_version_available/als.html]
[commons.wikimedia.org/wiki/Template_Vector_version_available/ar.html]
[commons.wikimedia.org/wiki/Template_Vector_version_available/be-tarask.html]
[commons.wikimedia.org/wiki/Template_Vector_version_available/bg.html]
[commons.wikimedia.org/wiki/Template_Vector_version_available/bn.html]
[commons.wikimedia.org/wiki/Template_Vector_version_available/ca.html]
[commons.wikimedia.org/wiki/Template_Vector_version_available/ce.html]
[commons.wikimedia.org/wiki/Template_Vector_version_available/cs.html]
[commons.wikimedia.org/wiki/Template_Vector_version_available/da.html]
[commons.wikimedia.org/wiki/Template_Vector_version_available/de.html]
[commons.wikimedia.org/wiki/Template_Vector_version_available/el.html]
[commons.wikimedia.org/wiki/Template_Vector_version_available/en.html]
[commons.wikimedia.org/wiki/Template_Vector_version_available/en-gb.html]
[commons.wikimedia.org/wiki/Template_Vector_version_available/eo.html]
[commons.wikimedia.org/wiki/Template_Vector_version_available/es.html]
[commons.wikimedia.org/wiki/Template_Vector_version_available/et.html]
[commons.wikimedia.org/wiki/Template_Vector_version_available/eu.html]
[commons.wikimedia.org/wiki/Template_Vector_version_available/fa.html]
[commons.wikimedia.org/wiki/Template_Vector_version_available/fi.html]
[commons.wikimedia.org/wiki/Template_Vector_version_available/fr.html]
[commons.wikimedia.org/wiki/Template_Vector_version_available/fy.html]
[commons.wikimedia.org/wiki/Template_Vector_version_available/gl.html]
[commons.wikimedia.org/wiki/Template_Vector_version_available/gsw.html]
[commons.wikimedia.org/wiki/Template_Vector_version_available/he.html]
[commons.wikimedia.org/wiki/Template_Vector_version_available/hi.html]
[commons.wikimedia.org/wiki/Template_Vector_version_available/hr.html]
[commons.wikimedia.org/wiki/Template_Vector_version_available/hu.html]
[commons.wikimedia.org/wiki/Template_Vector_version_available/hy.html]
[commons.wikimedia.org/wiki/Template_Vector_version_available/id.html]
[commons.wikimedia.org/wiki/Template_Vector_version_available/io.html]
[commons.wikimedia.org/wiki/Template_Vector_version_available/it.html]
[commons.wikimedia.org/wiki/Template_Vector_version_available/ja.html]
[commons.wikimedia.org/wiki/Template_Vector_version_available/ka.html]
[commons.wikimedia.org/wiki/Template_Vector_version_available/ko.html]
[commons.wikimedia.org/wiki/Template_Vector_version_available/lt.html]
[commons.wikimedia.org/wiki/Template_Vector_version_available/mk.html]
[commons.wikimedia.org/wiki/Template_Vector_version_available/ml.html]
[commons.wikimedia.org/wiki/Template_Vector_version_available/ms.html]
[commons.wikimedia.org/wiki/Template_Vector_version_available/nb.html]
[commons.wikimedia.org/wiki/Template_Vector_version_available/nds.html]
[commons.wikimedia.org/wiki/Template_Vector_version_available/nl.html]
[commons.wikimedia.org/wiki/Template_Vector_version_available/nn.html]
[commons.wikimedia.org/wiki/Template_Vector_version_available/no.html]
[commons.wikimedia.org/wiki/Template_Vector_version_available/oc.html]
[commons.wikimedia.org/wiki/Template_Vector_version_available/pl.html]
[commons.wikimedia.org/wiki/Template_Vector_version_available/prg.html]
[commons.wikimedia.org/wiki/Template_Vector_version_available/pt.html]
[commons.wikimedia.org/wiki/Template_Vector_version_available/pt-br.html]
[commons.wikimedia.org/wiki/Template_Vector_version_available/ro.html]
[commons.wikimedia.org/wiki/Template_Vector_version_available/ru.html]
[commons.wikimedia.org/wiki/Template_Vector_version_available/scn.html]
[commons.wikimedia.org/wiki/Template_Vector_version_available/sco.html]
[commons.wikimedia.org/wiki/Template_Vector_version_available/sk.html]
[commons.wikimedia.org/wiki/Template_Vector_version_available/sl.html]
[commons.wikimedia.org/wiki/Template_Vector_version_available/sr.html]
[commons.wikimedia.org/wiki/Template_Vector_version_available/sv.html]
[commons.wikimedia.org/wiki/Template_Vector_version_available/ta.html]
[commons.wikimedia.org/wiki/Template_Vector_version_available/th.html]
[commons.wikimedia.org/wiki/Template_Vector_version_available/tr.html]
[commons.wikimedia.org/wiki/Template_Vector_version_available/tt.html]
[commons.wikimedia.org/wiki/Template_Vector_version_available/uk.html]
[commons.wikimedia.org/wiki/Template_Vector_version_available/vec.html]
[commons.wikimedia.org/wiki/Template_Vector_version_available/vi.html]
[commons.wikimedia.org/wiki/Template_Vector_version_available/zh.html]
[commons.wikimedia.org/wiki/Template_Vector_version_available/zh-cn.html]
[commons.wikimedia.org/wiki/Template_Vector_version_available/zh-hans.html]
[commons.wikimedia.org/wiki/Template_Vector_version_available/zh-hant.html]
[commons.wikimedia.org/wiki/Template_Vector_version_available/zh-my.html]
[commons.wikimedia.org/wiki/Template_Vector_version_available/zh-sg.html]
[commons.wikimedia.org/wiki/Template_Vector_version_available/zh-tw.html]
[upload.wikimedia.org/wikipedia/commons/thumb/4/42/Composite_trapezoidal_rule_illustration.png/120px-Composite_trapezoidal_rule_illustration6a20.png]
[commons.wikimedia.org/wiki/User_talk_Oleg_Alexandrov.html]
[commons.wikimedia.org/wiki/Special_Contributions/Oleg_Alexandrov.html]
[commons.wikimedia.org/wiki/Category_Numerical_analysis.html]
[commons.wikimedia.org/wiki/File_Trapetsmetoden.html]
[commons.wikimedia.org/wiki/Special_Categories.html]
[commons.wikimedia.org/wiki/Category_Trapezium_rule.html]
[commons.wikimedia.org/wiki/Category_Vector_version_available.html]
[commons.wikimedia.org/wiki/Category_Self-published_work.html]
[commons.wikimedia.org/wiki/Category_PD-self.html]
[commons.wikimedia.org/wiki/Category_Files_by_User_Oleg_Alexandrov_from_en.html]
[commons.wikimedia.org/wiki/File_Composite_trapezoidal_rule_illustration.html]
[commons.wikimedia.org/wiki/Commons_General_disclaimer.html]
[en.wikipedia.org/wiki/Auth.wikimedia.html]
[en.wikipedia.org/wiki/Talk_Main_Page.html]
[en.wikipedia.org/wiki/Special_WhatLinksHere/Main_Page.html]
[en.wikipedia.org/wiki/Special_RecentChangesLinked/Main_Page.html]
[en.wikipedia.org/wiki/Wikipedia.html]
[en.wikipedia.org/wiki/Free_content.html]
[en.wikipedia.org/wiki/Encyclopedia.html]
[en.wikipedia.org/wiki/Help_Introduction_to_Wikipedia.html]
[en.wikipedia.org/wiki/Special_Statistics.html]
[en.wikipedia.org/wiki/File_Black_Slave's_Cry_to_Heaven_playbill_(1907).html]
[en.wikipedia.org/wiki/English_language.html]
[upload.wikimedia.org/wikipedia/commons/thumb/5/58/Black_Slave's_Cry_to_Heaven_playbill_(1907).jpg/250px-Black_Slave's_Cry_to_Heaven_playbill_(1907).jpg]
[en.wikipedia.org/wiki/Black_Slave's_Cry_to_Heaven.html]
[en.wikipedia.org/wiki/Spring_Willow_Society.html]
[en.wikipedia.org/wiki/Tokyo.html]
[en.wikipedia.org/wiki/Harriet_Beecher_Stowe.html]
[en.wikipedia.org/wiki/Uncle_Tom's_Cabin.html]
[en.wikipedia.org/wiki/Allegory.html]
[en.wikipedia.org/wiki/Anti-Chinese_sentiment_in_the_United_States.html]
[en.wikipedia.org/wiki/Realism_(theatre).html]
[en.wikipedia.org/wiki/Lost_literary_work.html]
[en.wikipedia.org/wiki/Canon_(basic_principle).html]
[en.wikipedia.org/wiki/Huaju.html]
[en.wikipedia.org/wiki/1925_FA_Cup_final.html]
[en.wikipedia.org/wiki/I'm_God.html]
[en.wikipedia.org/wiki/Aineta_aryballos.html]
[en.wikipedia.org/wiki/Mw-data_TemplateStyles_r1129693374.a0d.delayed]
[en.wikipedia.org/wiki/Wikipedia_Today's_featured_article/April_2025.html]
[en.wikipedia.org/wiki/Wikipedia_About_Today's_featured_article.html]
[en.wikipedia.org/wiki/Wikipedia_Featured_articles.html]
[en.wikipedia.org/wiki/File_Bundesarchiv_Bild_183-S0128-026,_Berlin,_Luis_Corvalan_und_Erich_Honecker.html]
[upload.wikimedia.org/wikipedia/commons/thumb/f/fb/Bundesarchiv_Bild_183-S0128-026,_Berlin,_Luis_C/250px-Bundesarchiv_Bild_183-S0128-026,_Berlin,_Luis_Corvalan_und_Erich_Honecker.jpg]
[en.wikipedia.org/wiki/Erich_Honecker.html]
[en.wikipedia.org/wiki/Augusto_Pinochet.html]
[en.wikipedia.org/wiki/Luis_Corvalán.html]
[en.wikipedia.org/wiki/Desert_musk_shrew.html]
[en.wikipedia.org/wiki/Battle_of_Siluk.html]
[en.wikipedia.org/wiki/Kris.html]
[en.wikipedia.org/wiki/Girls'_Day_(China).html]
[en.wikipedia.org/wiki/Patriot_(American_Revolution).html]
[en.wikipedia.org/wiki/Raid_on_Tybee_Island.html]
[en.wikipedia.org/wiki/American_Revolutionary_War.html]
[en.wikipedia.org/wiki/Multo_(song).html]
[en.wikipedia.org/wiki/Pope_Francis.html]
[en.wikipedia.org/wiki/Ordo_Exsequiarum_Romani_Pontificis.html]
[en.wikipedia.org/wiki/Wyatt_Hendrickson.html]
[en.wikipedia.org/wiki/Upset_(competition).html]
[en.wikipedia.org/wiki/National_Collegiate_Athletic_Association.html]
[en.wikipedia.org/wiki/The_Alchemist_Code.html]
[en.wikipedia.org/wiki/Seven_deadly_sins.html]
[en.wikipedia.org/wiki/The_Seven_Deadly_Sins_(manga).html]
[en.wikipedia.org/wiki/Wikipedia_Recent_additions.html]
[en.wikipedia.org/wiki/Help_Your_first_article.html]
[en.wikipedia.org/wiki/Template_talk_Did_you_know.html]
[en.wikipedia.org/wiki/File_Pope_Francis_Korea_Haemi_Castle_19.html]
[upload.wikimedia.org/wikipedia/commons/thumb/a/ab/Pope_Francis_Korea_Haemi_Castle_19.jpg/250px-Pope_Francis_Korea_Haemi_Castle_19.jpg]
[en.wikipedia.org/wiki/2025_Pahalgam_attack.html]
[en.wikipedia.org/wiki/Jammu_and_Kashmir_(union_territory).html]
[en.wikipedia.org/wiki/Death_and_funeral_of_Pope_Francis.html]
[en.wikipedia.org/wiki/Daniel_Noboa.html]
[en.wikipedia.org/wiki/2025_Ecuadorian_general_election.html]
[en.wikipedia.org/wiki/President_of_Ecuador.html]
[en.wikipedia.org/wiki/2010_Nobel_Prize_in_Literature.html]
[en.wikipedia.org/wiki/Mario_Vargas_Llosa.html]
[en.wikipedia.org/wiki/Jet_Set_nightclub_roof_collapse.html]
[en.wikipedia.org/wiki/Santo_Domingo.html]
[en.wikipedia.org/wiki/Gaza_war.html]
[en.wikipedia.org/wiki/M23_campaign_(2022–present).html]
[en.wikipedia.org/wiki/Russian_invasion_of_Ukraine.html]
[en.wikipedia.org/wiki/Timeline_of_the_Russian_invasion_of_Ukraine_(1_January_2025_–_present).html]
[en.wikipedia.org/wiki/Sudanese_civil_war_(2023–present).html]
[en.wikipedia.org/wiki/Timeline_of_the_Sudanese_civil_war_(2025).html]
[en.wikipedia.org/wiki/Deaths_in_2025.html]
[en.wikipedia.org/wiki/Guy_Ullens.html]
[en.wikipedia.org/wiki/Karen_Durbin.html]
[en.wikipedia.org/wiki/Jennifer_Toth.html]
[en.wikipedia.org/wiki/Peter_Ablinger.html]
[en.wikipedia.org/wiki/Stina_Oscarson.html]
[en.wikipedia.org/wiki/Fatima_Hassouna.html]
[en.wikipedia.org/wiki/Wikipedia_In_the_news/Candidates.html]
[en.wikipedia.org/wiki/April_26.html]
[en.wikipedia.org/wiki/File_Lorenzo_de_Medici.html]
[upload.wikimedia.org/wikipedia/commons/thumb/1/10/Lorenzo_de_Medici.jpg/250px-Lorenzo_de_Medici.jpg]
[en.wikipedia.org/wiki/1478.html]
[en.wikipedia.org/wiki/Pazzi_conspiracy.html]
[en.wikipedia.org/wiki/House_of_Medici.html]
[en.wikipedia.org/wiki/Republic_of_Florence.html]
[en.wikipedia.org/wiki/Pazzi.html]
[en.wikipedia.org/wiki/Lorenzo_de'_Medici.html]
[en.wikipedia.org/wiki/Giuliano_de'_Medici.html]
[en.wikipedia.org/wiki/Florence_Cathedral.html]
[en.wikipedia.org/wiki/1915.html]
[en.wikipedia.org/wiki/World_War_I.html]
[en.wikipedia.org/wiki/Treaty_of_London_(1915).html]
[en.wikipedia.org/wiki/1933.html]
[en.wikipedia.org/wiki/Gestapo.html]
[en.wikipedia.org/wiki/Secret_police.html]
[en.wikipedia.org/wiki/Nazi_Germany.html]
[en.wikipedia.org/wiki/1989.html]
[en.wikipedia.org/wiki/Daulatpur–Saturia_tornado.html]
[en.wikipedia.org/wiki/Manikganj_District.html]
[en.wikipedia.org/wiki/Tornado_records.html]
[en.wikipedia.org/wiki/1994.html]
[en.wikipedia.org/wiki/Nagoya_Airfield.html]
[en.wikipedia.org/wiki/China_Airlines_Flight_140.html]
[en.wikipedia.org/wiki/Takeoff/go-around_switch.html]
[en.wikipedia.org/wiki/Marcus_Aurelius.html]
[en.wikipedia.org/wiki/Alice_Ayres.html]
[en.wikipedia.org/wiki/S._J._V.html]
[en.wikipedia.org/wiki/April_25.html]
[en.wikipedia.org/wiki/April_27.html]
[en.wikipedia.org/wiki/Wikipedia_Selected_anniversaries/April.html]
[en.wikipedia.org/wiki/List_of_days_of_the_year.html]
[en.wikipedia.org/wiki/Wikipedia_Selected_anniversaries.html]
[en.wikipedia.org/wiki/File_Palacio_Real,_Ámsterdam,_Países_Bajos,_2016-05-30,_DD_07-09_HDR.html]
[upload.wikimedia.org/wikipedia/commons/thumb/5/5c/Palacio_Real,_Ámsterdam,_Países_Bajos,_2016-05-30,_DD_07-09_HDR.jpg/960px-Palacio_Real,_Ámsterdam,_Países_Bajos,_2016-05-30,_DD_07-09_HDR.jpg]
[en.wikipedia.org/wiki/Royal_Palace_of_Amsterdam.html]
[en.wikipedia.org/wiki/Amsterdam.html]
[en.wikipedia.org/wiki/Town_hall.html]
[en.wikipedia.org/wiki/Jacob_van_Campen.html]
[en.wikipedia.org/wiki/Dutch_Baroque_architecture.html]
[en.wikipedia.org/wiki/Louis_Bonaparte.html]
[en.wikipedia.org/wiki/Monarchy_of_the_Netherlands.html]
[en.wikipedia.org/wiki/Royal_court.html]
[en.wikipedia.org/wiki/Huis_ten_Bosch.html]
[en.wikipedia.org/wiki/The_Hague.html]
[en.wikipedia.org/wiki/State_visit.html]
[en.wikipedia.org/wiki/Dam_Square.html]
[en.wikipedia.org/wiki/User_Poco_a_poco.html]
[en.wikipedia.org/wiki/Template_POTD/2025-04-25.html]
[en.wikipedia.org/wiki/Template_POTD/2025-04-24.html]
[en.wikipedia.org/wiki/Template_POTD/2025-04-23.html]
[en.wikipedia.org/wiki/Wikipedia_Picture_of_the_day/Archive.html]
[en.wikipedia.org/wiki/Wikipedia_Featured_pictures.html]
[en.wikipedia.org/wiki/Wikipedia_Village_pump.html]
[en.wikipedia.org/wiki/Wikipedia_News.html]
[en.wikipedia.org/wiki/Wikipedia_Teahouse.html]
[en.wikipedia.org/wiki/Wikipedia_Help_desk.html]
[en.wikipedia.org/wiki/Wikipedia_Reference_desk.html]
[en.wikipedia.org/wiki/Wikipedia_Contents/Portals.html]
[en.wikipedia.org/wiki/Wikimedia_Foundation.html]
[upload.wikimedia.org/wikipedia/commons/thumb/a/a6/MediaWiki-2020-icon.svg/40px-MediaWiki-2020-icon.svg.png]
[upload.wikimedia.org/wikipedia/commons/thumb/7/75/Wikimedia_Community_Logo.svg/40px-Wikimedia_Community_Logo.svg.png]
[upload.wikimedia.org/wikipedia/commons/thumb/f/fa/Wikibooks-logo.svg/40px-Wikibooks-logo.svg.png]
[upload.wikimedia.org/wikipedia/commons/thumb/f/ff/Wikidata-logo.svg/60px-Wikidata-logo.svg.png]
[upload.wikimedia.org/wikipedia/commons/thumb/2/24/Wikinews-logo.svg/60px-Wikinews-logo.svg.png]
[upload.wikimedia.org/wikipedia/commons/thumb/f/fa/Wikiquote-logo.svg/40px-Wikiquote-logo.svg.png]
[upload.wikimedia.org/wikipedia/commons/thumb/4/4c/Wikisource-logo.svg/40px-Wikisource-logo.svg.png]
[upload.wikimedia.org/wikipedia/commons/thumb/d/df/Wikispecies-logo.svg/40px-Wikispecies-logo.svg.png]
[upload.wikimedia.org/wikipedia/commons/thumb/0/0b/Wikiversity_logo_2017.svg/60px-Wikiversity_logo_2017.svg.png]
[upload.wikimedia.org/wikipedia/commons/thumb/d/dd/Wikivoyage-Logo-v3-icon.svg/40px-Wikivoyage-Logo-v3-icon.svg.png]
[upload.wikimedia.org/wikipedia/en/thumb/0/06/Wiktionary-logo-v2.svg/40px-Wiktionary-logo-v2.svg.png]
[upload.wikimedia.org/wikipedia/commons/thumb/e/ec/Wiktionary-logo.svg/60px-Wiktionary-logo.svg.png]
[en.wikipedia.org/wiki/Main_Page.html]
[en.wikipedia.org/wiki/Wikipedia_Text_of_the_Creative_Commons_Attribution-ShareAlike_4.html]
[en.wikipedia.org/wiki/Wikipedia_talk_Contents.html]
[en.wikipedia.org/wiki/Special_WhatLinksHere/Wikipedia_Contents.html]
[en.wikipedia.org/wiki/Special_RecentChangesLinked/Wikipedia_Contents.html]
[en.wikipedia.org/wiki/Wikipedia_Protection_policy.html]
[upload.wikimedia.org/wikipedia/en/thumb/1/1b/Semi-protection-shackle.svg/20px-Semi-protection-shackle.svg.png]
[en.wikipedia.org/wiki/Wikipedia_Contents/Overviews.html]
[en.wikipedia.org/wiki/Wikipedia_Contents/Outlines.html]
[en.wikipedia.org/wiki/Wikipedia_Contents/Lists.html]
[en.wikipedia.org/wiki/Wikipedia_Contents/Glossaries.html]
[en.wikipedia.org/wiki/Wikipedia_Contents/Categories.html]
[en.wikipedia.org/wiki/Wikipedia_Vital_articles.html]
[en.wikipedia.org/wiki/Wikipedia_Featured_content.html]
[en.wikipedia.org/wiki/Wikipedia_Good_articles.html]
[en.wikipedia.org/wiki/Wikipedia_Contents/Indices.html]
[en.wikipedia.org/wiki/Wikipedia_Contents/A–Z_index.html]
[en.wikipedia.org/wiki/Wikipedia_Contents/Reference.html]
[en.wikipedia.org/wiki/Wikipedia_Contents/Culture_and_the_arts.html]
[en.wikipedia.org/wiki/Wikipedia_Contents/Geography_and_places.html]
[en.wikipedia.org/wiki/Wikipedia_Contents/Health_and_fitness.html]
[en.wikipedia.org/wiki/Wikipedia_Contents/History_and_events.html]
[en.wikipedia.org/wiki/Wikipedia_Contents/Human_activities.html]
[en.wikipedia.org/wiki/Wikipedia_Contents/Mathematics_and_logic.html]
[en.wikipedia.org/wiki/Wikipedia_Contents/Natural_and_physical_sciences.html]
[en.wikipedia.org/wiki/Wikipedia_Contents/People_and_self.html]
[en.wikipedia.org/wiki/Wikipedia_Contents/Philosophy_and_thinking.html]
[en.wikipedia.org/wiki/Wikipedia_Contents/Religion_and_belief_systems.html]
[en.wikipedia.org/wiki/Wikipedia_Contents/Society_and_social_sciences.html]
[en.wikipedia.org/wiki/Wikipedia_Contents/Technology_and_applied_sciences.html]
[en.wikipedia.org/wiki/Wikipedia_STARTCLASS.html]
[en.wikipedia.org/wiki/Mw-data_TemplateStyles_r1236090951.abd.delayed]
[en.wikipedia.org/wiki/Wikipedia_Directories_and_indexes.html]
[en.wikipedia.org/wiki/Wikipedia_Shortcut.html]
[en.wikipedia.org/wiki/List_of_timelines.html]
[en.wikipedia.org/wiki/2025.html]
[en.wikipedia.org/wiki/2025_in_science.html]
[en.wikipedia.org/wiki/Library_of_Congress_Classification.html]
[en.wikipedia.org/wiki/List_of_Dewey_Decimal_classes.html]
[en.wikipedia.org/wiki/Figurative_system_of_human_knowledge.html]
[en.wikipedia.org/wiki/Encyclopédie.html]
[en.wikipedia.org/wiki/Propædia.html]
[en.wikipedia.org/wiki/Encyclopædia_Britannica.html]
[en.wikipedia.org/wiki/Tree_of_knowledge_system.html]
[en.wikipedia.org/wiki/Universal_Decimal_Classification.html]
[en.wikipedia.org/wiki/Wikipedia_List_of_bibliographies.html]
[en.wikipedia.org/wiki/Category_Wikipedia_bibliographies.html]
[en.wikipedia.org/wiki/Category_Main_topic_classifications.html]
[en.wikipedia.org/wiki/Category_People.html]
[en.wikipedia.org/wiki/Wikipedia_Vital_articles/Level/1.html]
[en.wikipedia.org/wiki/Wikipedia_Vital_articles/Level/2.html]
[en.wikipedia.org/wiki/Wikipedia_Vital_articles/Level/3.html]
[en.wikipedia.org/wiki/Wikipedia_Vital_articles/Level/4.html]
[en.wikipedia.org/wiki/Wikipedia_Vital_articles/Level/5.html]
[en.wikipedia.org/wiki/Wikipedia_List_of_articles_every_Wikipedia_should_have.html]
[en.wikipedia.org/wiki/Wikipedia_List_of_articles_every_Wikipedia_should_have/Expanded.html]
[en.wikipedia.org/wiki/Wikipedia_Featured_lists.html]
[en.wikipedia.org/wiki/Wikipedia_Featured_topics.html]
[en.wikipedia.org/wiki/Wikipedia_Good_topics.html]
[en.wikipedia.org/wiki/Category_Spoken_articles.html]
[en.wikipedia.org/wiki/Wikipedia_Spoken_articles.html]
[en.wikipedia.org/wiki/Special_AllPages.html]
[en.wikipedia.org/wiki/Category_Wikipedia_indexes.html]
[en.wikipedia.org/wiki/Outline_of_academic_disciplines.html]
[en.wikipedia.org/wiki/Lists_of_sovereign_states_and_dependent_territories.html]
[en.wikipedia.org/wiki/List_of_decades,_centuries,_and_millennia.html]
[en.wikipedia.org/wiki/Template_Wikipedia_directories.html]
[en.wikipedia.org/wiki/Template_talk_Wikipedia_directories.html]
[en.wikipedia.org/wiki/Wikipedia_ADMINP.html]
[en.wikipedia.org/wiki/Wikipedia_List_of_policies_and_guidelines.html]
[en.wikipedia.org/wiki/Wikipedia_List_of_policies.html]
[en.wikipedia.org/wiki/Wikipedia_List_of_guidelines.html]
[en.wikipedia.org/wiki/Wikipedia_Manual_of_Style/Contents.html]
[en.wikipedia.org/wiki/Help_Directory.html]
[en.wikipedia.org/wiki/Help_Menu.html]
[en.wikipedia.org/wiki/Wikipedia_FAQ.html]
[en.wikipedia.org/wiki/Wikipedia_Request_directory.html]
[en.wikipedia.org/wiki/Wikipedia_Reader's_index_to_Wikipedia.html]
[en.wikipedia.org/wiki/Wikipedia_Tips.html]
[en.wikipedia.org/wiki/Wikipedia_Styletips.html]
[en.wikipedia.org/wiki/Wikipedia_Tools.html]
[en.wikipedia.org/wiki/Wikipedia_Dashboard.html]
[en.wikipedia.org/wiki/Wikipedia_Noticeboards.html]
[en.wikipedia.org/wiki/Wikipedia_Essay_directory.html]
[en.wikipedia.org/wiki/Wikipedia_Editor's_index_to_Wikipedia.html]
[en.wikipedia.org/wiki/Wikipedia_Department_directory.html]
[en.wikipedia.org/wiki/Wikipedia_Maintenance.html]
[en.wikipedia.org/wiki/Wikipedia_WikiProject_Council/Directory.html]
[en.wikipedia.org/wiki/Help_Wikitext.html]
[en.wikipedia.org/wiki/Help_HTML_in_wikitext.html]
[en.wikipedia.org/wiki/Wikipedia_Template_index.html]
[en.wikipedia.org/wiki/Wikipedia_Wikipedia_abbreviations.html]
[en.wikipedia.org/wiki/Wikipedia_Edit_summary_legend.html]
[en.wikipedia.org/wiki/Wikipedia_Glossary.html]
[en.wikipedia.org/wiki/Wikipedia_Shortcut_index.html]
[en.wikipedia.org/wiki/Help_Searching.html]
[en.wikipedia.org/wiki/Help_Category.html]
[en.wikipedia.org/wiki/Category_Wikipedia_directories.html]
[en.wikipedia.org/wiki/Category_Wikipedia_contents.html]
[en.wikipedia.org/wiki/Category_Wikipedia_navigation.html]
[en.wikipedia.org/wiki/Category_Wikipedia_semi-protected_project_pages.html]
[en.wikipedia.org/wiki/Wikipedia_Contents.html]
[en.wikipedia.org/wiki/Category_Wikipedia_move-protected_project_pages.html]
[en.wikipedia.org/wiki/Portal_talk_Current_events.html]
[en.wikipedia.org/wiki/Special_WhatLinksHere/Portal_Current_events.html]
[en.wikipedia.org/wiki/Special_RecentChangesLinked/Portal_Current_events.html]
[en.wikipedia.org/wiki/Portal_Current_events/Edit_instructions.html]
[upload.wikimedia.org/wikipedia/en/thumb/4/44/Full-protection-shackle.svg/20px-Full-protection-shackle.svg.png]
[en.wikipedia.org/wiki/File_Darkgreen_flag_waving.html]
[upload.wikimedia.org/wikipedia/commons/thumb/d/d1/Darkgreen_flag_waving.svg/40px-Darkgreen_flag_waving.svg.png]
[en.wikipedia.org/wiki/Special_PrefixIndex/Portal_Current_events/index.html]
[en.wikipedia.org/wiki/Wikipedia_CAREFUL.html]
[en.wikipedia.org/wiki/Wikipedia_ASSISTED.html]
[en.wikipedia.org/wiki/Template_Portal_maintenance_status.html]
[en.wikipedia.org/wiki/File_Ambox_globe_Asia_Australia.html]
[upload.wikimedia.org/wikipedia/commons/thumb/0/0b/Ambox_globe_Asia_Australia.svg/40px-Ambox_globe_Asia_Australia.svg.png]
[en.wikipedia.org/wiki/Portal_Current_events/Sports.html]
[en.wikipedia.org/wiki/Wikipedia_Top_25_Report.html]
[en.wikipedia.org/wiki/Red_Sea_crisis.html]
[en.wikipedia.org/wiki/Israel_Defense_Forces.html]
[en.wikipedia.org/wiki/Mw-data_TemplateStyles_r1248507241.b1a.delayed]
[en.wikipedia.org/wiki/Kashmir_conflict.html]
[en.wikipedia.org/wiki/2025_India–Pakistan_border_skirmishes.html]
[en.wikipedia.org/wiki/Indian_Army.html]
[en.wikipedia.org/wiki/Pakistan_Armed_Forces.html]
[en.wikipedia.org/wiki/Gunshot.html]
[en.wikipedia.org/wiki/Line_of_Control.html]
[en.wikipedia.org/wiki/2025_India–Pakistan_diplomatic_crisis.html]
[en.wikipedia.org/wiki/India.html]
[en.wikipedia.org/wiki/Kashmir.html]
[en.wikipedia.org/wiki/Israeli_blockade_of_the_Gaza_Strip.html]
[en.wikipedia.org/wiki/Gaza_Strip_famine.html]
[en.wikipedia.org/wiki/World_Food_Programme.html]
[en.wikipedia.org/wiki/Gaza_Strip.html]
[en.wikipedia.org/wiki/Israel.html]
[en.wikipedia.org/wiki/Humanitarian_aid.html]
[en.wikipedia.org/wiki/Palestinians.html]
[en.wikipedia.org/wiki/Starvation.html]
[en.wikipedia.org/wiki/Famine.html]
[en.wikipedia.org/wiki/United_Nations.html]
[en.wikipedia.org/wiki/United_Nations_Office_for_the_Coordination_of_Humanitarian_Affairs.html]
[en.wikipedia.org/wiki/Attacks_in_Russia_during_the_Russian_invasion_of_Ukraine.html]
[en.wikipedia.org/wiki/Lieutenant_general.html]
[en.wikipedia.org/wiki/Yaroslav_Moskalik.html]
[en.wikipedia.org/wiki/Main_Operational_Directorate_of_the_General_Staff_of_the_Russian_Armed_Forces.html]
[en.wikipedia.org/wiki/General_Staff_of_the_Armed_Forces_of_the_Russian_Federation.html]
[en.wikipedia.org/wiki/Russian_Armed_Forces.html]
[en.wikipedia.org/wiki/Assassination.html]
[en.wikipedia.org/wiki/Car_bomb.html]
[en.wikipedia.org/wiki/Balashikha.html]
[en.wikipedia.org/wiki/Moscow_Oblast.html]
[en.wikipedia.org/wiki/Russia.html]
[en.wikipedia.org/wiki/Camerlengo_of_the_Holy_Roman_Church.html]
[en.wikipedia.org/wiki/Kevin_Farrell.html]
[en.wikipedia.org/wiki/St.html]
[en.wikipedia.org/wiki/Vatican_City.html]
[en.wikipedia.org/wiki/German_economic_crisis_(2022–present).html]
[en.wikipedia.org/wiki/Germany.html]
[en.wikipedia.org/wiki/Federal_Government_of_Germany.html]
[en.wikipedia.org/wiki/Economic_growth.html]
[en.wikipedia.org/wiki/Deutsche_Bundesbank.html]
[en.wikipedia.org/wiki/Recession.html]
[en.wikipedia.org/wiki/Federal_Ministry_for_Economic_Affairs_and_Climate_Action.html]
[en.wikipedia.org/wiki/Robert_Habeck.html]
[en.wikipedia.org/wiki/U.S.html]
[en.wikipedia.org/wiki/Donald_Trump.html]
[en.wikipedia.org/wiki/Liberation_Day_tariffs.html]
[en.wikipedia.org/wiki/Financial_crisis.html]
[en.wikipedia.org/wiki/Royal_Thai_Police.html]
[en.wikipedia.org/wiki/Viking_Air.html]
[en.wikipedia.org/wiki/De_Havilland_Canada_DHC-6_Twin_Otter.html]
[en.wikipedia.org/wiki/Police_aviation.html]
[en.wikipedia.org/wiki/Parachuting.html]
[en.wikipedia.org/wiki/Hua_Hin_Airport.html]
[en.wikipedia.org/wiki/Prachuap_Khiri_Khan.html]
[en.wikipedia.org/wiki/Thailand.html]
[en.wikipedia.org/wiki/Richter_scale.html]
[en.wikipedia.org/wiki/Earthquake.html]
[en.wikipedia.org/wiki/Esmeraldas,_Ecuador.html]
[en.wikipedia.org/wiki/Ecuador.html]
[en.wikipedia.org/wiki/Brazil.html]
[en.wikipedia.org/wiki/President_of_Brazil.html]
[en.wikipedia.org/wiki/Fernando_Collor_de_Mello.html]
[en.wikipedia.org/wiki/Corruption.html]
[en.wikipedia.org/wiki/Supreme_Federal_Court.html]
[en.wikipedia.org/wiki/Alexandre_de_Moraes.html]
[en.wikipedia.org/wiki/Wisconsin_circuit_courts.html]
[en.wikipedia.org/wiki/Hannah_Dugan.html]
[en.wikipedia.org/wiki/United_States.html]
[en.wikipedia.org/wiki/Federal_law_enforcement_in_the_United_States.html]
[en.wikipedia.org/wiki/Obstruction_of_justice.html]
[en.wikipedia.org/wiki/Illegal_immigration_to_the_United_States.html]
[en.wikipedia.org/wiki/Israeli–Palestinian_conflict.html]
[en.wikipedia.org/wiki/Israeli_invasion_of_the_Gaza_Strip.html]
[en.wikipedia.org/wiki/Airstrike.html]
[en.wikipedia.org/wiki/Nuseirat_refugee_camp.html]
[en.wikipedia.org/wiki/Israeli_settler_violence.html]
[en.wikipedia.org/wiki/Israeli_settlers.html]
[en.wikipedia.org/wiki/West_Bank.html]
[en.wikipedia.org/wiki/Kyiv_strikes_(2022–present).html]
[en.wikipedia.org/wiki/April_2025_Russian_attack_on_Kyiv.html]
[en.wikipedia.org/wiki/Attacks_on_civilians_in_the_Russian_invasion_of_Ukraine.html]
[en.wikipedia.org/wiki/Hwasong-11A.html]
[en.wikipedia.org/wiki/Ballistic_missile.html]
[en.wikipedia.org/wiki/Kyiv.html]
[en.wikipedia.org/wiki/Ukraine.html]
[en.wikipedia.org/wiki/Somali_Civil_War_(2009–present).html]
[en.wikipedia.org/wiki/2025_Shabelle_offensive.html]
[en.wikipedia.org/wiki/Al-Shabaab_(militant_group).html]
[en.wikipedia.org/wiki/Military_base.html]
[en.wikipedia.org/wiki/Middle_Shabelle.html]
[en.wikipedia.org/wiki/Somalia.html]
[en.wikipedia.org/wiki/Somali_clans.html]
[en.wikipedia.org/wiki/Islamist_insurgency_in_the_Sahel.html]
[en.wikipedia.org/wiki/Politics_of_Benin.html]
[en.wikipedia.org/wiki/Benin_Armed_Forces.html]
[en.wikipedia.org/wiki/Jama'at_Nasr_al-Islam_wal_Muslimin.html]
[en.wikipedia.org/wiki/Benin.html]
[en.wikipedia.org/wiki/Dump_truck.html]
[en.wikipedia.org/wiki/Overhead_power_line.html]
[en.wikipedia.org/wiki/Eden,_North_Carolina.html]
[en.wikipedia.org/wiki/North_Carolina.html]
[en.wikipedia.org/wiki/India–Pakistan_relations.html]
[en.wikipedia.org/wiki/Pakistan.html]
[en.wikipedia.org/wiki/India–Pakistan_border.html]
[en.wikipedia.org/wiki/Airspace.html]
[en.wikipedia.org/wiki/Pahalgam.html]
[en.wikipedia.org/wiki/Government_of_India.html]
[en.wikipedia.org/wiki/Censorship_in_Mexico.html]
[en.wikipedia.org/wiki/Senate_(Mexico).html]
[en.wikipedia.org/wiki/Mexico.html]
[en.wikipedia.org/wiki/President_of_Mexico.html]
[en.wikipedia.org/wiki/Claudia_Sheinbaum.html]
[en.wikipedia.org/wiki/Congress_(Mexico).html]
[en.wikipedia.org/wiki/Highland_Park_parade_shooting.html]
[en.wikipedia.org/wiki/Life_imprisonment.html]
[en.wikipedia.org/wiki/Mass_shooting.html]
[en.wikipedia.org/wiki/Independence_Day_(United_States).html]
[en.wikipedia.org/wiki/Highland_Park,_Illinois.html]
[en.wikipedia.org/wiki/Illinois.html]
[en.wikipedia.org/wiki/Jones_Road_Fire.html]
[en.wikipedia.org/wiki/Arson.html]
[en.wikipedia.org/wiki/Wildfire.html]
[en.wikipedia.org/wiki/Ocean_County,_New_Jersey.html]
[en.wikipedia.org/wiki/New_Jersey.html]
[en.wikipedia.org/wiki/Nantes_school_stabbing.html]
[en.wikipedia.org/wiki/Mass_stabbing.html]
[en.wikipedia.org/wiki/Private_school.html]
[en.wikipedia.org/wiki/Nantes.html]
[en.wikipedia.org/wiki/Pays_de_la_Loire.html]
[en.wikipedia.org/wiki/France.html]
[en.wikipedia.org/wiki/South_Korea.html]
[en.wikipedia.org/wiki/President_of_South_Korea.html]
[en.wikipedia.org/wiki/Moon_Jae-in.html]
[en.wikipedia.org/wiki/Bribery.html]
[en.wikipedia.org/wiki/South_Korean_won.html]
[en.wikipedia.org/wiki/Eastar_Jet.html]
[en.wikipedia.org/wiki/Palestinian_Central_Council.html]
[en.wikipedia.org/wiki/Vice_President_of_the_State_of_Palestine.html]
[en.wikipedia.org/wiki/State_of_Palestine.html]
[en.wikipedia.org/wiki/Chinese_space_program.html]
[en.wikipedia.org/wiki/Shenzhou_20.html]
[en.wikipedia.org/wiki/Spacecraft.html]
[en.wikipedia.org/wiki/Jiuquan_Satellite_Launch_Center.html]
[en.wikipedia.org/wiki/China.html]
[en.wikipedia.org/wiki/China_National_Space_Administration.html]
[en.wikipedia.org/wiki/Space_debris.html]
[en.wikipedia.org/wiki/Tiangong_space_station.html]
[en.wikipedia.org/wiki/Solar_irradiance.html]
[en.wikipedia.org/wiki/Cosmic_ray.html]
[en.wikipedia.org/wiki/Planarian.html]
[en.wikipedia.org/wiki/2025_NFL_draft.html]
[en.wikipedia.org/wiki/American_football.html]
[en.wikipedia.org/wiki/NFL_draft.html]
[en.wikipedia.org/wiki/Lambeau_Field.html]
[en.wikipedia.org/wiki/Green_Bay,_Wisconsin.html]
[en.wikipedia.org/wiki/Wisconsin.html]
[en.wikipedia.org/wiki/Tennessee_Titans.html]
[en.wikipedia.org/wiki/Quarterback.html]
[en.wikipedia.org/wiki/Cam_Ward_(American_football).html]
[en.wikipedia.org/wiki/Miami_Hurricanes_football.html]
[en.wikipedia.org/wiki/Drone_warfare.html]
[en.wikipedia.org/wiki/Marhanets.html]
[en.wikipedia.org/wiki/Dnipropetrovsk_Oblast.html]
[en.wikipedia.org/wiki/2025_Istanbul_earthquake.html]
[en.wikipedia.org/wiki/Epicenter.html]
[en.wikipedia.org/wiki/Sea_of_Marmara.html]
[en.wikipedia.org/wiki/Istanbul.html]
[en.wikipedia.org/wiki/Turkey.html]
[en.wikipedia.org/wiki/2023–2025_global_coral_bleaching_event.html]
[en.wikipedia.org/wiki/International_Coral_Reef_Initiative.html]
[en.wikipedia.org/wiki/Coral_reef.html]
[en.wikipedia.org/wiki/Coral_bleaching.html]
[en.wikipedia.org/wiki/Domus_Sanctae_Marthae.html]
[en.wikipedia.org/wiki/Lying_in_state.html]
[en.wikipedia.org/wiki/Indus_Water_Treaty.html]
[en.wikipedia.org/wiki/High_Commission_of_Pakistan,_New_Delhi.html]
[en.wikipedia.org/wiki/Diplomat.html]
[en.wikipedia.org/wiki/Jordan.html]
[en.wikipedia.org/wiki/Ministry_of_the_Interior_(Jordan).html]
[en.wikipedia.org/wiki/Sunni_Islam.html]
[en.wikipedia.org/wiki/Muslim_Brotherhood.html]
[en.wikipedia.org/wiki/Islamic_Action_Front.html]
[en.wikipedia.org/wiki/Government_of_Jordan.html]
[en.wikipedia.org/wiki/Sabotage.html]
[en.wikipedia.org/wiki/Destabilizing.html]
[en.wikipedia.org/wiki/Israeli_bombing_of_the_Gaza_Strip.html]
[en.wikipedia.org/wiki/Insurgency_in_Jammu_and_Kashmir.html]
[en.wikipedia.org/wiki/Anantnag_district.html]
[en.wikipedia.org/wiki/Zaporizhzhia_strikes_(2022–present).html]
[en.wikipedia.org/wiki/Guided_bomb.html]
[en.wikipedia.org/wiki/Zaporizhzhia.html]
[en.wikipedia.org/wiki/Ivan_Fedorov_(politician).html]
[en.wikipedia.org/wiki/Garden_State_Parkway.html]
[en.wikipedia.org/wiki/Lacey_Township,_New_Jersey.html]
[en.wikipedia.org/wiki/Palestine–Syria_relations.html]
[en.wikipedia.org/wiki/Syria.html]
[en.wikipedia.org/wiki/Palestinian_Islamic_Jihad.html]
[en.wikipedia.org/wiki/Bakery.html]
[en.wikipedia.org/wiki/Antipolo.html]
[en.wikipedia.org/wiki/Rizal_(province).html]
[en.wikipedia.org/wiki/Philippines.html]
[en.wikipedia.org/wiki/Interpol.html]
[en.wikipedia.org/wiki/West_Africa.html]
[en.wikipedia.org/wiki/Togo.html]
[en.wikipedia.org/wiki/Burkina_Faso.html]
[en.wikipedia.org/wiki/Ghana.html]
[en.wikipedia.org/wiki/Human_trafficking.html]
[en.wikipedia.org/wiki/Ivory_Coast.html]
[en.wikipedia.org/wiki/2025_Ivorian_presidential_election.html]
[en.wikipedia.org/wiki/Tidjane_Thiam.html]
[en.wikipedia.org/wiki/President_of_Cote_d'Ivoire.html]
[en.wikipedia.org/wiki/U.S-2.html]
[en.wikipedia.org/wiki/Marco_Rubio.html]
[en.wikipedia.org/wiki/U.S-3.html]
[en.wikipedia.org/wiki/Under_Secretary_of_State_for_Civilian_Security,_Democracy,_and_Human_Rights.html]
[en.wikipedia.org/wiki/2025_Nasir_clashes.html]
[en.wikipedia.org/wiki/South_Sudan_People's_Defence_Forces.html]
[en.wikipedia.org/wiki/Nasir,_South_Sudan.html]
[en.wikipedia.org/wiki/Upper_Nile_State.html]
[en.wikipedia.org/wiki/Nuer_White_Army.html]
[en.wikipedia.org/wiki/Boko_Haram_insurgency.html]
[en.wikipedia.org/wiki/Islamic_State_–_West_Africa_Province.html]
[en.wikipedia.org/wiki/Christians.html]
[en.wikipedia.org/wiki/Nigerian_Armed_Forces.html]
[en.wikipedia.org/wiki/Borno_State.html]
[en.wikipedia.org/wiki/Adamawa_State.html]
[en.wikipedia.org/wiki/Nigeria.html]
[en.wikipedia.org/wiki/ARK_Invest.html]
[en.wikipedia.org/wiki/Asset_management.html]
[en.wikipedia.org/wiki/Solana_(blockchain_platform).html]
[en.wikipedia.org/wiki/Blockchain.html]
[en.wikipedia.org/wiki/Exchange-traded_fund.html]
[en.wikipedia.org/wiki/Canada.html]
[en.wikipedia.org/wiki/Spot_ETF.html]
[en.wikipedia.org/wiki/Cardinal_(Catholic_Church).html]
[en.wikipedia.org/wiki/Easter_Monday.html]
[en.wikipedia.org/wiki/2025_papal_conclave.html]
[en.wikipedia.org/wiki/Papal_conclave.html]
[en.wikipedia.org/wiki/Klaus_Schwab.html]
[en.wikipedia.org/wiki/World_Economic_Forum.html]
[en.wikipedia.org/wiki/2019_El_Paso_Walmart_shooting.html]
[en.wikipedia.org/wiki/Hate_crime.html]
[en.wikipedia.org/wiki/Domestic_terrorism.html]
[en.wikipedia.org/wiki/Walmart.html]
[en.wikipedia.org/wiki/El_Paso,_Texas.html]
[en.wikipedia.org/wiki/Texas.html]
[en.wikipedia.org/wiki/Plea.html]
[en.wikipedia.org/wiki/Capital_punishment.html]
[en.wikipedia.org/wiki/2025_Boston_Marathon.html]
[en.wikipedia.org/wiki/Long-distance_running.html]
[en.wikipedia.org/wiki/Kenya.html]
[en.wikipedia.org/wiki/John_Korir_(runner,_born_1996).html]
[en.wikipedia.org/wiki/Boston_Marathon.html]
[en.wikipedia.org/wiki/Wesley_Korir.html]
[en.wikipedia.org/wiki/2012_Boston_Marathon.html]
[en.wikipedia.org/wiki/Sharon_Lokedi.html]
[en.wikipedia.org/wiki/Buzunesh_Deba.html]
[en.wikipedia.org/wiki/2014_Boston_Marathon.html]
[en.wikipedia.org/wiki/US–UK_airstrikes_on_Yemen.html]
[en.wikipedia.org/wiki/March–April_2025_United_States_attacks_in_Yemen.html]
[en.wikipedia.org/wiki/Houthis.html]
[en.wikipedia.org/wiki/Sanaa.html]
[en.wikipedia.org/wiki/Yemen.html]
[en.wikipedia.org/wiki/Drowning.html]
[en.wikipedia.org/wiki/Australia.html]
[en.wikipedia.org/wiki/Fisherman.html]
[en.wikipedia.org/wiki/Sydney.html]
[en.wikipedia.org/wiki/Occidental_Mindoro.html]
[en.wikipedia.org/wiki/Firefighter.html]
[en.wikipedia.org/wiki/Structure_fire.html]
[en.wikipedia.org/wiki/Jamaica_Estates,_Queens.html]
[en.wikipedia.org/wiki/Queens.html]
[en.wikipedia.org/wiki/New_York_(state).html]
[en.wikipedia.org/wiki/Arson_attack.html]
[en.wikipedia.org/wiki/Flamethrower.html]
[en.wikipedia.org/wiki/Bongcheon-dong.html]
[en.wikipedia.org/wiki/Seoul.html]
[en.wikipedia.org/wiki/Table_tennis.html]
[en.wikipedia.org/wiki/Hugo_Calderano.html]
[en.wikipedia.org/wiki/Lin_Shidong.html]
[en.wikipedia.org/wiki/Table_Tennis_World_Cup.html]
[en.wikipedia.org/wiki/Americas.html]
[en.wikipedia.org/wiki/Portal_Current_events/April_2025.html]
[en.wikipedia.org/wiki/Coordinated_Universal_Time.html]
[en.wikipedia.org/wiki/26_April.html]
[en.wikipedia.org/wiki/Portal_Current_events/March_2025.html]
[en.wikipedia.org/wiki/Portal_Current_events/May_2025.html]
[en.wikipedia.org/wiki/Wikipedia_How_the_Current_events_page_works.html]
[en.wikipedia.org/wiki/Wikipedia_Current_events_noticeboard.html]
[en.wikipedia.org/wiki/Wikipedia_Wikipedia_Signpost.html]
[en.wikipedia.org/wiki/2020–2025_H5N1_outbreak.html]
[en.wikipedia.org/wiki/Opioid_epidemic_in_the_United_States.html]
[en.wikipedia.org/wiki/Canadian_economic_crisis_(2022–present).html]
[en.wikipedia.org/wiki/Chinese_property_sector_crisis_(2020–present).html]
[en.wikipedia.org/wiki/2021–present_United_Kingdom_cost-of-living_crisis.html]
[en.wikipedia.org/wiki/Portal_Current_events.html]
[en.wikipedia.org/wiki/Tariffs_in_the_second_Trump_administration.html]
[en.wikipedia.org/wiki/Talk_Naiad_(moon).html]
[en.wikipedia.org/wiki/Special_WhatLinksHere/Naiad_(moon).html]
[en.wikipedia.org/wiki/China–United_States_trade_war]
[en.wikipedia.org/wiki/Special_RecentChangesLinked/Naiad_(moon).html]
[en.wikipedia.org/wiki/File_Naiad_Voyager.html]
[upload.wikimedia.org/wikipedia/commons/thumb/f/f3/Naiad_Voyager.png/330px-Naiad_Voyager.png]
[en.wikipedia.org/wiki/Voyager_2.html]
[en.wikipedia.org/wiki/List_of_minor_planet_discoverers.html]
[en.wikipedia.org/wiki/Help_IPA/English.html]
[en.wikipedia.org/wiki/Naiads.html]
[en.wikipedia.org/wiki/List_of_adjectivals_and_demonyms_of_astronomical_bodies.html]
[en.wikipedia.org/wiki/Osculating_orbit.html]
[en.wikipedia.org/wiki/Naiad_(moon).html]
[en.wikipedia.org/wiki/Epoch_(astronomy)]
[en.wikipedia.org/wiki/Wikipedia_talk_About.html]
[en.wikipedia.org/wiki/Special_WhatLinksHere/Wikipedia_About.html]
[en.wikipedia.org/wiki/Special_RecentChangesLinked/Wikipedia_About.html]
[en.wikipedia.org/wiki/Wikipedia_INFOPAGES.html]
[en.wikipedia.org/wiki/Wikipedia_Contributing_to_Wikipedia.html]
[en.wikipedia.org/wiki/Wikipedia_Wikipedia_(disambiguation).html]
[en.wikipedia.org/wiki/Jimmy_Wales.html]
[en.wikipedia.org/wiki/Wikipedia_Free_encyclopedia.html]
[en.wikipedia.org/wiki/Wikipedia_Wikipedians.html]
[en.wikipedia.org/wiki/Wikipedia_Purpose.html]
[en.wikipedia.org/wiki/Knowledge.html]
[en.wikipedia.org/wiki/Wikipedia_Wikimedia_Foundation.html]
[en.wikipedia.org/wiki/Help_Editing.html]
[en.wikipedia.org/wiki/Collaborative_writing.html]
[en.wikipedia.org/wiki/Wikipedia_community.html]
[en.wikipedia.org/wiki/Internet_access.html]
[en.wikipedia.org/wiki/Editing.html]
[en.wikipedia.org/wiki/Wikipedia_Disruption.html]
[en.wikipedia.org/wiki/Wikipedia_VAND.html]
[en.wikipedia.org/wiki/Wikipedia_Day.html]
[en.wikipedia.org/wiki/Wikipedia_Size_of_Wikipedia.html]
[en.wikipedia.org/wiki/Website.html]
[en.wikipedia.org/wiki/Special_SiteMatrix.html]
[en.wikipedia.org/wiki/Wikipedia_Five_pillars.html]
[en.wikipedia.org/wiki/Wikipedia_Policies_and_guidelines.html]
[en.wikipedia.org/wiki/Wikipedia_Who_writes_Wikipedia_.html]
[en.wikipedia.org/wiki/Wikipedia_Editing_policy.html]
[en.wikipedia.org/wiki/Wikipedia_Verifiable.html]
[en.wikipedia.org/wiki/Wikipedia_Reliable_sources.html]
[en.wikipedia.org/wiki/Wikipedia_Neutral_point_of_view.html]
[en.wikipedia.org/wiki/Wikipedia_Original_research.html]
[en.wikipedia.org/wiki/Wikipedia_Copyright_violations.html]
[en.wikipedia.org/wiki/Wikipedia_editor.html]
[en.wikipedia.org/wiki/Wikipedia_Watchlist.html]
[en.wikipedia.org/wiki/Wikipedia_Recent_changes_patrol.html]
[en.wikipedia.org/wiki/Wikipedia_NOTPAPER.html]
[en.wikipedia.org/wiki/Wikipedia_Vandalism.html]
[en.wikipedia.org/wiki/Wikipedia_Researching_with_Wikipedia.html]
[en.wikipedia.org/wiki/Wisdom_of_the_crowd.html]
[en.wikipedia.org/wiki/File_Pencil_edit_icon.html]
[upload.wikimedia.org/wikipedia/commons/thumb/3/3d/Pencil_edit_icon.svg/22px-Pencil_edit_icon.svg.png]
[en.wikipedia.org/wiki/Template_Basic_information.html]
[en.wikipedia.org/wiki/Template_talk_Basic_information.html]
[en.wikipedia.org/wiki/Category_Wikipedia_basic_information.html]
[en.wikipedia.org/wiki/Wikipedia_Statistics.html]
[en.wikipedia.org/wiki/Wikipedia_Administration.html]
[en.wikipedia.org/wiki/Wikipedia_FAQ/Index.html]
[en.wikipedia.org/wiki/Wikipedia_Formal_organization.html]
[en.wikipedia.org/wiki/Help_Censorship.html]
[en.wikipedia.org/wiki/Wikipedia_Wikipedia_in_brief.html]
[en.wikipedia.org/wiki/Wikipedia_FAQ/Readers.html]
[en.wikipedia.org/wiki/Help_Student_help.html]
[en.wikipedia.org/wiki/Help_Navigation.html]
[en.wikipedia.org/wiki/Help_Viewing_media.html]
[en.wikipedia.org/wiki/Help_Media.html]
[en.wikipedia.org/wiki/Help_Mobile_access.html]
[en.wikipedia.org/wiki/Wikipedia_Advice_for_parents.html]
[en.wikipedia.org/wiki/Help_Other_languages.html]
[en.wikipedia.org/wiki/Wikipedia_Citing_Wikipedia.html]
[en.wikipedia.org/wiki/Help_Copyright.html]
[en.wikipedia.org/wiki/Help_Getting_started.html]
[en.wikipedia.org/wiki/Wikipedia_The_answer_to_life,_the_universe,_and_everything.html]
[en.wikipedia.org/wiki/Wikipedia_Dos_and_don'ts.html]
[en.wikipedia.org/wiki/Wikipedia_Learning_the_ropes.html]
[en.wikipedia.org/wiki/Wikipedia_Avoiding_common_mistakes.html]
[en.wikipedia.org/wiki/Wikipedia_A_primer_for_newcomers.html]
[en.wikipedia.org/wiki/Wikipedia_Simplified_ruleset.html]
[en.wikipedia.org/wiki/Help_Wikipedia__The_Missing_Manual.html]
[en.wikipedia.org/wiki/Wikipedia_Article_wizard.html]
[en.wikipedia.org/wiki/Wikipedia_Guidance_for_younger_editors.html]
[en.wikipedia.org/wiki/Wikipedia_The_Wikipedia_Adventure.html]
[en.wikipedia.org/wiki/Wikipedia_Why_create_an_account_.html]
[en.wikipedia.org/wiki/Help_Logging_in.html]
[en.wikipedia.org/wiki/Help_Email_confirmation.html]
[en.wikipedia.org/wiki/Help_Edit_toolbar.html]
[en.wikipedia.org/wiki/Help_Edit_conflict.html]
[en.wikipedia.org/wiki/Wikipedia_VisualEditor.html]
[en.wikipedia.org/wiki/Wikipedia_VisualEditor/User_guide.html]
[en.wikipedia.org/wiki/Wikipedia_Manual_of_Style.html]
[en.wikipedia.org/wiki/Wikipedia_Simplified_Manual_of_Style.html]
[en.wikipedia.org/wiki/Wikipedia_Etiquette.html]
[en.wikipedia.org/wiki/Wikipedia_Expectations_and_norms_of_the_Wikipedia_community.html]
[en.wikipedia.org/wiki/Wikipedia_Editorial_oversight_and_control.html]
[en.wikipedia.org/wiki/Wikipedia_Principles.html]
[en.wikipedia.org/wiki/Wikipedia_Ignore_all_rules.html]
[en.wikipedia.org/wiki/Wikipedia_The_rules_are_principles.html]
[en.wikipedia.org/wiki/Wikipedia_Core_content_policies.html]
[en.wikipedia.org/wiki/Wikipedia_Guide_to_appealing_blocks.html]
[en.wikipedia.org/wiki/Wikipedia_What_Wikipedia_is_not.html]
[en.wikipedia.org/wiki/Wikipedia_Questions.html]
[en.wikipedia.org/wiki/Wikipedia_Reference_Desk-2.html]
[en.wikipedia.org/wiki/Wikipedia_Dispute_resolution_requests.html]
[en.wikipedia.org/wiki/Wikipedia_IRC.html]
[en.wikipedia.org/wiki/Wikipedia_IRC/Tutorial.html]
[en.wikipedia.org/wiki/Wikipedia_Contact_us.html]
[en.wikipedia.org/wiki/Wikipedia_Meetup.html]
[en.wikipedia.org/wiki/Wikipedia_WikiProjects.html]
[en.wikipedia.org/wiki/Wikipedia_WikiProject_Council/Guide.html]
[en.wikipedia.org/wiki/Wikipedia_Wikipedia_Signpost/2013-04-01/WikiProject_report.html]
[en.wikipedia.org/wiki/Wikipedia_Village_pump_(policy).html]
[en.wikipedia.org/wiki/Wikipedia_Village_pump_(technical).html]
[en.wikipedia.org/wiki/Wikipedia_Village_pump_(proposals).html]
[en.wikipedia.org/wiki/Wikipedia_Village_pump_(idea_lab).html]
[en.wikipedia.org/wiki/Wikipedia_Village_pump_(WMF).html]
[en.wikipedia.org/wiki/Wikipedia_Village_pump_(miscellaneous).html]
[en.wikipedia.org/wiki/Wikipedia_Task_Center.html]
[en.wikipedia.org/wiki/Wikipedia_Essays.html]
[en.wikipedia.org/wiki/Wikipedia_Open_letters.html]
[en.wikipedia.org/wiki/Wikipedia_Citing_sources.html]
[en.wikipedia.org/wiki/Wikipedia_The_Wikipedia_Library/Research_desk.html]
[en.wikipedia.org/wiki/Wikipedia_The_Wikipedia_Library.html]
[en.wikipedia.org/wiki/Wikipedia_WikiProject_Resource_Exchange/Resource_Request.html]
[en.wikipedia.org/wiki/Wikipedia_The_Wikipedia_Library/Free_resources.html]
[en.wikipedia.org/wiki/Wikipedia_WikiProject_Resource_Exchange.html]
[en.wikipedia.org/wiki/Wikipedia_WikiProject_Resource_Exchange/Shared_Resources.html]
[en.wikipedia.org/wiki/Help_Find_sources.html]
[en.wikipedia.org/wiki/Wikipedia_Combining_sources.html]
[en.wikipedia.org/wiki/Help_Referencing_for_beginners.html]
[en.wikipedia.org/wiki/Help_Citations_quick_reference.html]
[en.wikipedia.org/wiki/Help_Citation_Style_1.html]
[en.wikipedia.org/wiki/Wikipedia_Citation_templates.html]
[en.wikipedia.org/wiki/Help_Footnotes.html]
[en.wikipedia.org/wiki/Help_References_and_page_numbers.html]
[en.wikipedia.org/wiki/Help_Cite_errors.html]
[en.wikipedia.org/wiki/Category_Wikipedia_how-to.html]
[en.wikipedia.org/wiki/Category_Wikipedia_information_pages.html]
[en.wikipedia.org/wiki/Help_Infobox.html]
[en.wikipedia.org/wiki/Wikipedia_Essays_in_a_nutshell/Article_writing.html]
[en.wikipedia.org/wiki/Wikipedia_Article_development.html]
[en.wikipedia.org/wiki/Wikipedia_Writing_better_articles.html]
[en.wikipedia.org/wiki/Help_Files.html]
[en.wikipedia.org/wiki/Wikipedia_Images.html]
[en.wikipedia.org/wiki/Help_Creation_and_usage_of_media_files.html]
[en.wikipedia.org/wiki/Wikipedia_Uploading_images.html]
[en.wikipedia.org/wiki/Wikipedia_Guide_to_image_deletion.html]
[en.wikipedia.org/wiki/Help_User_contributions.html]
[en.wikipedia.org/wiki/Help_Diff.html]
[en.wikipedia.org/wiki/Wikipedia_Namespace.html]
[en.wikipedia.org/wiki/Wikipedia_Guide_to_deletion.html]
[en.wikipedia.org/wiki/Wikipedia_Merging.html]
[en.wikipedia.org/wiki/Help_How_to_move_a_page.html]
[en.wikipedia.org/wiki/Wikipedia_Requested_moves.html]
[en.wikipedia.org/wiki/Help_Redirect.html]
[en.wikipedia.org/wiki/Help_Reverting.html]
[en.wikipedia.org/wiki/Help_Simple_guide_to_vandalism_cleanup.html]
[en.wikipedia.org/wiki/Help_Talk_pages.html]
[en.wikipedia.org/wiki/Help_Archiving_a_talk_page.html]
[en.wikipedia.org/wiki/Help_Cheatsheet.html]
[en.wikipedia.org/wiki/Help_Columns.html]
[en.wikipedia.org/wiki/Help_List.html]
[en.wikipedia.org/wiki/Help_Magic_words.html]
[en.wikipedia.org/wiki/Help_Magic_words_for_beginners.html]
[en.wikipedia.org/wiki/Help_Section.html]
[en.wikipedia.org/wiki/Help_Sound_file_markup.html]
[en.wikipedia.org/wiki/Help_Special_characters.html]
[en.wikipedia.org/wiki/Help_Table.html]
[en.wikipedia.org/wiki/Help_Template.html]
[en.wikipedia.org/wiki/Wikipedia_Template_documentation.html]
[en.wikipedia.org/wiki/Wikipedia_Substitution.html]
[en.wikipedia.org/wiki/Wikipedia_Transclusion.html]
[en.wikipedia.org/wiki/Help_Visual_file_markup.html]
[en.wikipedia.org/wiki/Help_Pictures.html]
[en.wikipedia.org/wiki/Wikipedia_About.html]
[en.wikipedia.org/wiki/Help_Link.html]
[en.wikipedia.org/wiki/Help_talk_Contents.html]
[en.wikipedia.org/wiki/Special_WhatLinksHere/Help_Contents.html]
[en.wikipedia.org/wiki/Special_RecentChangesLinked/Help_Contents.html]
[upload.wikimedia.org/wikipedia/commons/thumb/e/eb/QA_icon.svg/40px-QA_icon.svg.png]
[upload.wikimedia.org/wikipedia/commons/thumb/c/c4/OOjs_UI_icon_article-ltr.svg/20px-OOjs_UI_icon_article-ltr.svg.png]
[upload.wikimedia.org/wikipedia/commons/thumb/8/8a/OOjs_UI_icon_edit-ltr.svg/20px-OOjs_UI_icon_edit-ltr.svg.png]
[en.wikipedia.org/wiki/Wikipedia_SMOS.html]
[en.wikipedia.org/wiki/Wikipedia_Be_bold.html]
[en.wikipedia.org/wiki/Help_Introduction_to_referencing/1.html]
[en.wikipedia.org/wiki/Wikipedia_Conflict_of_interest.html]
[en.wikipedia.org/wiki/Wikipedia_Sandbox.html]
[en.wikipedia.org/wiki/Special_MyPage/sandbox.html]
[upload.wikimedia.org/wikipedia/commons/thumb/9/97/OOjs_UI_icon_bell.svg/20px-OOjs_UI_icon_bell.svg.png]
[en.wikipedia.org/wiki/Wikipedia_Biographies_of_living_persons/Help.html]
[en.wikipedia.org/wiki/Wikipedia_Talk_page_guidelines.html]
[en.wikipedia.org/wiki/Wikipedia_Contact_us_-_Readers.html]
[en.wikipedia.org/wiki/Wikipedia_Contact_us_-_Subjects.html]
[upload.wikimedia.org/wikipedia/commons/thumb/0/06/OOjs_UI_icon_add.svg/20px-OOjs_UI_icon_add.svg.png]
[en.wikipedia.org/wiki/Wikipedia_Your_first_article.html]
[en.wikipedia.org/wiki/Help_Introduction_to_uploading_images/1.html]
[en.wikipedia.org/wiki/Wikipedia_File_Upload_Wizard-2.html]
[upload.wikimedia.org/wikipedia/commons/thumb/6/69/OOjs_UI_icon_help.svg/20px-OOjs_UI_icon_help.svg.png]
[en.wikipedia.org/wiki/Wikipedia_IRC_help_disclaimer.html]
[upload.wikimedia.org/wikipedia/commons/thumb/6/60/OOjs_UI_icon_references-ltr.svg/20px-OOjs_UI_icon_references-ltr.svg.png]
[upload.wikimedia.org/wikipedia/commons/thumb/b/b2/OOjs_UI_icon_listBullet-ltr.svg/20px-OOjs_UI_icon_listBullet-ltr.svg.png]
[en.wikipedia.org/wiki/Wikipedia_Directory.html]
[en.wikipedia.org/wiki/Help_Menu/Navigating_Wikipedia.html]
[en.wikipedia.org/wiki/Help_Menu/Joining_Wikipedia.html]
[en.wikipedia.org/wiki/Help_Menu/Editing_Wikipedia.html]
[en.wikipedia.org/wiki/Help_Menu/Links.html]
[en.wikipedia.org/wiki/Help_Menu/Images_and_media.html]
[en.wikipedia.org/wiki/Help_Menu/Tracking_changes.html]
[en.wikipedia.org/wiki/Help_Menu/Policies_and_guidelines.html]
[en.wikipedia.org/wiki/Help_Menu/Asking_questions.html]
[en.wikipedia.org/wiki/Help_Menu/The_Wikipedia_community.html]
[en.wikipedia.org/wiki/Help_Menu/Resources_and_lists.html]
[en.wikipedia.org/wiki/Help_Menu/Account_settings_and_maintenance.html]
[en.wikipedia.org/wiki/Help_Menu/Technical_information.html]
[en.wikipedia.org/wiki/Help_Menu/Site_map.html]
[upload.wikimedia.org/wikipedia/commons/thumb/a/a5/OOjs_UI_icon_lightbulb.svg/20px-OOjs_UI_icon_lightbulb.svg.png]
[en.wikipedia.org/wiki/Wikipedia_Changing_username/Simple.html]
[en.wikipedia.org/wiki/Special_ListUsers.html]
[en.wikipedia.org/wiki/Wikipedia_Changing_username/Usurpations.html]
[en.wikipedia.org/wiki/Wikipedia_Tip_of_the_day/April_17.html]
[en.wikipedia.org/wiki/Wikipedia_Tip_of_the_day/April_19.html]
[en.wikipedia.org/wiki/Mw-data_TemplateStyles_r1034237262.d2e.delayed]
[en.wikipedia.org/wiki/Wikipedia_Changing_username.html]
[en.wikipedia.org/wiki/Wikipedia_Username_policy.html]
[en.wikipedia.org/wiki/Wikipedia_Wikipedia_tipster.html]
[en.wikipedia.org/wiki/Template_Totd.html]
[upload.wikimedia.org/wikipedia/commons/thumb/d/de/OOjs_UI_icon_search-ltr.svg/20px-OOjs_UI_icon_search-ltr.svg.png]
[en.wikipedia.org/wiki/Wikipedia_Help_desk/Archives.html]
[en.wikipedia.org/wiki/Category_Help.html]
[en.wikipedia.org/wiki/Help_Contents.html]
[en.wikipedia.org/wiki/Category_Wikipedia_help_contents.html]
[en.wikipedia.org/wiki/Help_talk_Introduction.html]
[en.wikipedia.org/wiki/Special_WhatLinksHere/Help_Introduction.html]
[en.wikipedia.org/wiki/Special_RecentChangesLinked/Help_Introduction.html]
[en.wikipedia.org/wiki/Help_Introduction_to_policies_and_guidelines/1.html]
[en.wikipedia.org/wiki/Help_Introduction_to_editing_with_Wiki_Markup/1.html]
[upload.wikimedia.org/wikipedia/commons/thumb/b/bb/Source_editor_logo.svg/250px-Source_editor_logo.svg.png]
[en.wikipedia.org/wiki/Help_Introduction_to_referencing_with_Wiki_Markup/1.html]
[en.wikipedia.org/wiki/Help_Introduction_to_images_with_Wiki_Markup/1.html]
[en.wikipedia.org/wiki/Help_Introduction_to_tables_with_Wiki_Markup/1.html]
[en.wikipedia.org/wiki/Help_Introduction_to_editing_with_VisualEditor/1.html]
[upload.wikimedia.org/wikipedia/commons/thumb/1/12/VisualEditor-logo.svg/250px-VisualEditor-logo.svg.png]
[en.wikipedia.org/wiki/Help_VisualEditor.html]
[en.wikipedia.org/wiki/Help_Introduction_to_referencing_with_VisualEditor/1.html]
[en.wikipedia.org/wiki/Help_Introduction_to_images_with_VisualEditor/1.html]
[en.wikipedia.org/wiki/Help_Introduction_to_tables_with_VisualEditor/1.html]
[en.wikipedia.org/wiki/Help_Introduction_to_talk_pages/1.html]
[en.wikipedia.org/wiki/Help_Introduction_to_navigating_Wikipedia/1.html]
[en.wikipedia.org/wiki/Help_Introduction_to_the_Manual_of_Style.html]
[en.wikipedia.org/wiki/Help_Introduction/Conclusion.html]
[en.wikipedia.org/wiki/Help_Introduction/All.html]
[en.wikipedia.org/wiki/Wikipedia_Training/For_students.html]
[en.wikipedia.org/wiki/Help_Introduction.html]
[en.wikipedia.org/wiki/Category_Wikipedia_quick_introductions.html]
[en.wikipedia.org/wiki/Wikipedia_talk_Community_portal.html]
[en.wikipedia.org/wiki/Special_WhatLinksHere/Wikipedia_Community_portal.html]
[en.wikipedia.org/wiki/Special_RecentChangesLinked/Wikipedia_Community_portal.html]
[en.wikipedia.org/wiki/Wikipedia_Discord.html]
[upload.wikimedia.org/wikipedia/commons/thumb/7/72/Torchlight_help_icon.svg/60px-Torchlight_help_icon.svg.png]
[upload.wikimedia.org/wikipedia/commons/thumb/f/f9/WP_teahouse_logo.png/60px-WP_teahouse_logo.png]
[upload.wikimedia.org/wikipedia/commons/thumb/6/62/Nuvola_apps_edu_phi.svg/60px-Nuvola_apps_edu_phi.svg.png]
[upload.wikimedia.org/wikipedia/commons/thumb/b/bd/WikiProject_Council_with_transparent_background.svg/60px-WikiProject_Council_with_transparent_background.svg.png]
[en.wikipedia.org/wiki/Wikipedia_Dispute_resolution.html]
[upload.wikimedia.org/wikipedia/commons/thumb/0/08/Medcab.svg/60px-Medcab.svg.png]
[upload.wikimedia.org/wikipedia/commons/thumb/f/f9/Edit-find-replace.svg/45px-Edit-find-replace.svg.png]
[en.wikipedia.org/wiki/Wikipedia_Village_pump_(all).html]
[upload.wikimedia.org/wikipedia/commons/thumb/1/11/Preferences-system.svg/45px-Preferences-system.svg.png]
[upload.wikimedia.org/wikipedia/commons/thumb/e/e7/Dialog-information_on.svg/45px-Dialog-information_on.svg.png]
[upload.wikimedia.org/wikipedia/commons/thumb/0/05/Tools-hammer.svg/45px-Tools-hammer.svg.png]
[upload.wikimedia.org/wikipedia/commons/thumb/8/8b/Wikimedia-logo_black.svg/60px-Wikimedia-logo_black.svg.png]
[upload.wikimedia.org/wikipedia/commons/thumb/4/44/Help-browser.svg/45px-Help-browser.svg.png]
[en.wikipedia.org/wiki/Help_Transclusion.html]
[en.wikipedia.org/wiki/Wikipedia_Community_bulletin_board.html]
[en.wikipedia.org/wiki/File_Ambox_notice.html]
[upload.wikimedia.org/wikipedia/commons/thumb/c/c8/Ambox_notice.png/20px-Ambox_notice.png]
[en.wikipedia.org/wiki/Mw-data_TemplateStyles_r1238436933.d75.delayed]
[upload.wikimedia.org/wikipedia/en/thumb/1/1d/Information_icon4.svg/40px-Information_icon4.svg.png]
[en.wikipedia.org/wiki/Wikipedia_Wikiproject.html]
[en.wikipedia.org/wiki/Wikipedia_Goings-on.html]
[en.wikipedia.org/wiki/Wikipedia_Meetups.html]
[en.wikipedia.org/wiki/Wikipedia_Wikipedia_in_the_media.html]
[en.wikipedia.org/wiki/Wikipedia_Mailing_lists.html]
[en.wikipedia.org/wiki/Wikipedia_The_Core_Contest.html]
[en.wikipedia.org/wiki/Wikipedia_The_Core_Contest/Entries.html]
[en.wikipedia.org/wiki/Wikipedia_WikiProject_Military_history/Contest.html]
[en.wikipedia.org/wiki/Wikipedia_WikiProject_Guild_of_Copy_Editors/Backlog_elimination_drives/May_2025.html]
[en.wikipedia.org/wiki/Wikipedia_WikiProject_Guild_of_Copy_Editors.html]
[en.wikipedia.org/wiki/Template_Copy_edit.html]
[en.wikipedia.org/wiki/Template_Awkward.html]
[en.wikipedia.org/wiki/Template_Copy_edit_section.html]
[en.wikipedia.org/wiki/Template_Inappropriate_person.html]
[en.wikipedia.org/wiki/Template_Copy_edit_inline.html]
[en.wikipedia.org/wiki/Wikipedia_GOCE/REQ.html]
[en.wikipedia.org/wiki/Wikipedia_WikiProject_Women_in_Red.html]
[en.wikipedia.org/wiki/Wikipedia_WikiProject_Women_in_Red/Meetup/332.html]
[en.wikipedia.org/wiki/Wikipedia_WikiProject_Women_in_Red/Meetup/333.html]
[en.wikipedia.org/wiki/Wikipedia_WikiProject_Women_in_Red/Meetup/334.html]
[en.wikipedia.org/wiki/Wikipedia_WikiProject_Women_in_Red/Meetup/335.html]
[en.wikipedia.org/wiki/Wikipedia_WikiProject_Women_in_Red/Meetup/336.html]
[en.wikipedia.org/wiki/Wikipedia_WikiProject_Women_in_Red/Meetup/326.html]
[en.wikipedia.org/wiki/Wikipedia_WikiProject_Women_in_Red/Meetup/327.html]
[en.wikipedia.org/wiki/Wikipedia_WikiProject_Women_in_Red/Meetup/337.html]
[en.wikipedia.org/wiki/Wikipedia_WikiProject_Women_in_Red/Meetup/338.html]
[en.wikipedia.org/wiki/Wikipedia_WikiProject_Women_in_Red/Ideas.html]
[en.wikipedia.org/wiki/Wikipedia_Meetup/Christchurch/38.html]
[en.wikipedia.org/wiki/Wikipedia_Meetup/Minnesota/April_2025_Minnesota_User_Group_Meeting.html]
[en.wikipedia.org/wiki/Wikipedia_Meetup/Adelaide/Meetup_24.html]
[en.wikipedia.org/wiki/Wikipedia_Meetup/Perth/88.html]
[en.wikipedia.org/wiki/Wikipedia_Meetup/Seattle.html]
[en.wikipedia.org/wiki/Wikipedia_Meetup/LA/Wildfire_Edit-a-thon_at_Pasadena_Heritage.html]
[en.wikipedia.org/wiki/Wikipedia_Meetup/Singapore_20.html]
[en.wikipedia.org/wiki/Wikipedia_Meetup/San_Diego/April_2025.html]
[en.wikipedia.org/wiki/Wikipedia_Meetup/Exeter/3.html]
[en.wikipedia.org/wiki/Wikipedia_Meetup/San_Diego/3_May_2025.html]
[en.wikipedia.org/wiki/Wikipedia_Meetup/San_Francisco.html]
[en.wikipedia.org/wiki/Wikipedia_Meetup/San_Diego/10_May_2025.html]
[en.wikipedia.org/wiki/Wikipedia_Meetup/Los_Angeles/Santa_Monica_Airport_2025.html]
[en.wikipedia.org/wiki/Wikipedia_Meetup/US_Mountain_West/2025-05-13.html]
[en.wikipedia.org/wiki/Wikipedia_WikiCon_Aotearoa/Christchurch_2025.html]
[en.wikipedia.org/wiki/Wikipedia_WikiProject-2.html]
[en.wikipedia.org/wiki/Wikipedia_Wikipedia_Signpost/Newsroom/WikiProject_desk.html]
[en.wikipedia.org/wiki/Wikipedia_WikiProject_Christianity.html]
[en.wikipedia.org/wiki/Wikipedia_WikiProject_Christianity/Members.html]
[en.wikipedia.org/wiki/User_Sheriff_U3.html]
[en.wikipedia.org/wiki/User_talk_Sheriff_U3.html]
[en.wikipedia.org/wiki/Special_Contributions/Sheriff_U3.html]
[en.wikipedia.org/wiki/Wikipedia_WikiProject_Outlines.html]
[en.wikipedia.org/wiki/Outline_of_San_Diego.html]
[en.wikipedia.org/wiki/Outline_of_Leeds.html]
[en.wikipedia.org/wiki/Outline_of_Glasgow.html]
[en.wikipedia.org/wiki/Outline_of_caves.html]
[en.wikipedia.org/wiki/Outline_of_the_Russo-Ukrainian_War.html]
[en.wikipedia.org/wiki/Outline_of_extraterrestrial_life.html]
[en.wikipedia.org/wiki/User_The_Transhumanist.html]
[en.wikipedia.org/wiki/Wikipedia_WikiProject_Unreferenced_articles.html]
[en.wikipedia.org/wiki/Category_Articles_lacking_sources.html]
[en.wikipedia.org/wiki/User_Mrfoogles.html]
[en.wikipedia.org/wiki/User_talk_Mrfoogles.html]
[en.wikipedia.org/wiki/Wikipedia_Tech_news.html]
[en.wikipedia.org/wiki/Special_LintErrors/empty-heading.html]
[upload.wikimedia.org/wikipedia/commons/thumb/1/1a/Octicons-sync.svg/20px-Octicons-sync.svg.png]
[en.wikipedia.org/wiki/Wikipedia_Requests_for_comment.html]
[en.wikipedia.org/wiki/Wikipedia_Requests_for_comment/Biographies.html]
[en.wikipedia.org/wiki/Wikipedia_Requests_for_comment/Economy,_trade,_and_companies.html]
[en.wikipedia.org/wiki/Wikipedia_Requests_for_comment/History_and_geography.html]
[en.wikipedia.org/wiki/Wikipedia_Requests_for_comment/Language_and_linguistics.html]
[en.wikipedia.org/wiki/Wikipedia_Requests_for_comment/Media,_the_arts,_and_architecture.html]
[en.wikipedia.org/wiki/Wikipedia_Requests_for_comment/Politics,_government,_and_law.html]
[en.wikipedia.org/wiki/Wikipedia_Requests_for_comment/Religion_and_philosophy.html]
[en.wikipedia.org/wiki/Wikipedia_Requests_for_comment/Maths,_science,_and_technology.html]
[en.wikipedia.org/wiki/Wikipedia_Requests_for_comment/Society,_sports,_and_culture.html]
[en.wikipedia.org/wiki/Wikipedia_Requests_for_comment/Wikipedia_policies_and_guidelines.html]
[en.wikipedia.org/wiki/Wikipedia_Requests_for_comment/Wikipedia_style_and_naming.html]
[en.wikipedia.org/wiki/Wikipedia_Requests_for_comment/WikiProjects_and_collaborations.html]
[en.wikipedia.org/wiki/Wikipedia_Requests_for_comment/Wikipedia_technical_issues_and_templates.html]
[en.wikipedia.org/wiki/Wikipedia_Requests_for_comment/Wikipedia_proposals.html]
[en.wikipedia.org/wiki/Wikipedia_Requests_for_comment/Unsorted.html]
[en.wikipedia.org/wiki/Wikipedia_New_pages_patrol/Backlog_drives/May_2025.html]
[en.wikipedia.org/wiki/Wikipedia_talk_Speedy_keep.html]
[en.wikipedia.org/wiki/Wikipedia_talk_Citing_sources.html]
[upload.wikimedia.org/wikipedia/commons/thumb/0/02/Signpost2.svg/250px-Signpost2.svg.png]
[en.wikipedia.org/wiki/Wikipedia_Wikipedia_Signpost/Archives/2025-04-09.html]
[en.wikipedia.org/wiki/Wikipedia_Wikipedia_Signpost/2025-04-09/Special_report.html]
[en.wikipedia.org/wiki/Wikipedia_Wikipedia_Signpost/2025-04-09/In_focus.html]
[en.wikipedia.org/wiki/Wikipedia_Wikipedia_Signpost/2025-04-09/In_the_media.html]
[en.wikipedia.org/wiki/Wikipedia_Wikipedia_Signpost/2025-04-09/News_and_notes.html]
[en.wikipedia.org/wiki/Wikipedia_Wikipedia_Signpost/2025-04-09/Op-ed.html]
[en.wikipedia.org/wiki/Wikipedia_Wikipedia_Signpost/2025-04-09/Opinion.html]
[en.wikipedia.org/wiki/Wikipedia_Wikipedia_Signpost/2025-04-09/Debriefing.html]
[en.wikipedia.org/wiki/Wikipedia_Wikipedia_Signpost/2025-04-09/Obituary.html]
[en.wikipedia.org/wiki/Wikipedia_Wikipedia_Signpost/2025-04-09/Traffic_report.html]
[en.wikipedia.org/wiki/Wikipedia_Wikipedia_Signpost/2025-04-09/News_from_Diff.html]
[en.wikipedia.org/wiki/Wikipedia_Wikipedia_Signpost/2025-04-09/Comix.html]
[en.wikipedia.org/wiki/Wikipedia_Wikipedia_Signpost/Single.html]
[en.wikipedia.org/wiki/Wikipedia_Wikipedia_Signpost/About.html]
[en.wikipedia.org/wiki/Wikipedia_Wikipedia_Signpost/Subscribe.html]
[en.wikipedia.org/wiki/Wikipedia_Wikipedia_Signpost/Newsroom/Suggestions.html]
[en.wikipedia.org/wiki/Wikipedia_Wikipedia_Signpost/Archives.html]
[en.wikipedia.org/wiki/Category_Wikipedia_articles_needing_copy_edit.html]
[en.wikipedia.org/wiki/Wikipedia_Basic_copyediting.html]
[en.wikipedia.org/wiki/Gianluca_Matarrese.html]
[en.wikipedia.org/wiki/Human_skin_color.html]
[en.wikipedia.org/wiki/Deportation_of_the_Terek_Cossacks.html]
[en.wikipedia.org/wiki/Category_All_articles_with_too_few_wikilinks.html]
[en.wikipedia.org/wiki/Bandy_World_Championship_Y-21.html]
[en.wikipedia.org/wiki/Tewor_District.html]
[en.wikipedia.org/wiki/Calysta.html]
[en.wikipedia.org/wiki/Healthcare_in_Hertfordshire.html]
[en.wikipedia.org/wiki/Unicode_font.html]
[en.wikipedia.org/wiki/Category_Wikipedia_articles_in_need_of_updating.html]
[en.wikipedia.org/wiki/Wikipedia_As_of.html]
[en.wikipedia.org/wiki/Benjamin_Roberts_(colonial_administrator).html]
[en.wikipedia.org/wiki/Tim_Foy.html]
[en.wikipedia.org/wiki/Emile_Gumbs.html]
[en.wikipedia.org/wiki/Idalia_Gumbs.html]
[en.wikipedia.org/wiki/Andrew_George_(diplomat).html]
[en.wikipedia.org/wiki/Category_All_stub_articles.html]
[en.wikipedia.org/wiki/YFK-International_Kashmir_Lobby_Group.html]
[en.wikipedia.org/wiki/Michael_Levy,_Baron_Levy.html]
[en.wikipedia.org/wiki/Ann_Jillian.html]
[en.wikipedia.org/wiki/Moriche_oriole.html]
[en.wikipedia.org/wiki/Bogeyman.html]
[en.wikipedia.org/wiki/Category_Wikipedia_articles_needing_factual_verification.html]
[en.wikipedia.org/wiki/List_of_South_Australian_commercial_icons.html]
[en.wikipedia.org/wiki/Aneutronic_fusion.html]
[en.wikipedia.org/wiki/Bromley_Cross_railway_station.html]
[en.wikipedia.org/wiki/Oldsmobile_Cutlass.html]
[en.wikipedia.org/wiki/List_of_sovereign_states_by_date_of_formation.html]
[en.wikipedia.org/wiki/Category_Articles_that_may_contain_original_research.html]
[en.wikipedia.org/wiki/Wikipedia_No_original_research.html]
[en.wikipedia.org/wiki/1879–80_in_English_football.html]
[en.wikipedia.org/wiki/West_End_High_School_(Birmingham,_Alabama).html]
[en.wikipedia.org/wiki/Cleveland,_Minneapolis.html]
[en.wikipedia.org/wiki/Poster_artist.html]
[en.wikipedia.org/wiki/Nimber.html]
[en.wikipedia.org/wiki/Category_Wikipedia_introduction_cleanup.html]
[en.wikipedia.org/wiki/Pretoria_Central_Prison.html]
[en.wikipedia.org/wiki/Prince_of_Wales_on_the_Rideau.html]
[en.wikipedia.org/wiki/Patparganj.html]
[en.wikipedia.org/wiki/Provatura.html]
[en.wikipedia.org/wiki/Peruvian_Union_University.html]
[en.wikipedia.org/wiki/Category_Wikipedia_requested_images.html]
[en.wikipedia.org/wiki/Keitai–Kinmei_Civil_War.html]
[en.wikipedia.org/wiki/Palazzo_di_Spagna.html]
[en.wikipedia.org/wiki/Julia_Wieniawa.html]
[en.wikipedia.org/wiki/Otto_Adolf_Weismann_von_Weißenstein.html]
[en.wikipedia.org/wiki/Álvaro_Uribe.html]
[en.wikipedia.org/wiki/Category_All_Wikipedia_articles_needing_cleanup_after_translation.html]
[en.wikipedia.org/wiki/Wikipedia_Pages_needing_translation_into_English.html]
[en.wikipedia.org/wiki/Wikipedia_Systemic_bias.html]
[en.wikipedia.org/wiki/Category_Lists_of_popular_pages_by_WikiProject.html]
[en.wikipedia.org/wiki/User_DataflowBot/output/Popular_low_quality_articles_(id-2).html]
[en.wikipedia.org/wiki/Wikipedia_Community_portal/Open_tasks.html]
[en.wikipedia.org/wiki/Wikipedia_Articles_for_improvement.html]
[en.wikipedia.org/wiki/Stuffed_toy.html]
[en.wikipedia.org/wiki/Honshu.html]
[en.wikipedia.org/wiki/Plate_(dishware).html]
[en.wikipedia.org/wiki/Jack_Black.html]
[en.wikipedia.org/wiki/Wikipedia_Backlog.html]
[en.wikipedia.org/wiki/Category_Files_with_poor_sources.html]
[en.wikipedia.org/wiki/Mw-data_TemplateStyles_r1246091330.e20.delayed]
[en.wikipedia.org/wiki/Special_NewPagesFeed.html]
[en.wikipedia.org/wiki/Special_NewFiles.html]
[en.wikipedia.org/wiki/File_Featured_article_star.html]
[upload.wikimedia.org/wikipedia/commons/thumb/b/bc/Featured_article_star.svg/20px-Featured_article_star.svg.png]
[en.wikipedia.org/wiki/Grace_Coolidge.html]
[en.wikipedia.org/wiki/1924–25_Gillingham_F.C.html]
[en.wikipedia.org/wiki/Zeng_Laishun.html]
[en.wikipedia.org/wiki/Constans_II_(son_of_Constantine_III).html]
[en.wikipedia.org/wiki/Dusky_dolphin.html]
[en.wikipedia.org/wiki/Christopher_Lekapenos.html]
[en.wikipedia.org/wiki/The_Diamond_Smugglers.html]
[en.wikipedia.org/wiki/Hurra-yi_Khuttali.html]
[en.wikipedia.org/wiki/Henry_de_Hinuber.html]
[en.wikipedia.org/wiki/London_Monster.html]
[en.wikipedia.org/wiki/Scanners_(collection).html]
[en.wikipedia.org/wiki/Johann_Reinhold_Forster.html]
[en.wikipedia.org/wiki/Scott_Carpenter.html]
[en.wikipedia.org/wiki/Metrosideros_bartlettii.html]
[en.wikipedia.org/wiki/Veiqia.html]
[en.wikipedia.org/wiki/File_Cscr-featuredtopic.html]
[upload.wikimedia.org/wikipedia/commons/thumb/5/5e/Cscr-featuredtopic.svg/20px-Cscr-featuredtopic.svg.png]
[en.wikipedia.org/wiki/Wikipedia_Featured_topics/Line_of_Duty.html]
[en.wikipedia.org/wiki/Wikipedia_Featured_topics/Overview_of_SZA.html]
[en.wikipedia.org/wiki/Wikipedia_Featured_topics/Green_Bay_Packers_players.html]
[en.wikipedia.org/wiki/Wikipedia_Featured_topics/History_of_the_National_Hockey_League.html]
[en.wikipedia.org/wiki/Wikipedia_Featured_topics/Peter_Capaldi.html]
[en.wikipedia.org/wiki/Wikipedia_Featured_topics/Detroit_Lions_draft_history.html]
[en.wikipedia.org/wiki/Wikipedia_Featured_topics/Jake_Gyllenhaal.html]
[en.wikipedia.org/wiki/Wikipedia_Featured_topics/Green_Bay_Packers_draft_history.html]
[en.wikipedia.org/wiki/Wikipedia_Featured_topics/Overview_of_Rachelle_Ann_Go.html]
[en.wikipedia.org/wiki/Wikipedia_Featured_topics/Bruno_Mars.html]
[en.wikipedia.org/wiki/Wikipedia_Featured_topics/Overview_of_Ben&Ben.html]
[en.wikipedia.org/wiki/Wikipedia_Featured_topics/Primates.html]
[en.wikipedia.org/wiki/Wikipedia_Featured_topics/Jupiter.html]
[en.wikipedia.org/wiki/Wikipedia_Featured_topics/Overview_of_Angeline_Quinto.html]
[en.wikipedia.org/wiki/List_of_Seventeen_live_performances.html]
[en.wikipedia.org/wiki/ICC_Future_Tours_Programme.html]
[en.wikipedia.org/wiki/List_of_Tacoma_Defiance_seasons.html]
[en.wikipedia.org/wiki/List_of_historic_places_in_Mackenzie_District.html]
[en.wikipedia.org/wiki/List_of_natalids.html]
[en.wikipedia.org/wiki/List_of_Hot_Adult_Contemporary_number_ones_of_1988.html]
[en.wikipedia.org/wiki/List_of_phyllostomids.html]
[en.wikipedia.org/wiki/List_of_Hot_Adult_Contemporary_number_ones_of_1989.html]
[en.wikipedia.org/wiki/50th_Academy_Awards.html]
[en.wikipedia.org/wiki/U.S-4.html]
[en.wikipedia.org/wiki/List_of_World_Heritage_Sites_in_Belgium.html]
[en.wikipedia.org/wiki/List_of_Philadelphia_Eagles_seasons.html]
[en.wikipedia.org/wiki/List_of_awards_and_nominations_received_by_Kristen_Bell.html]
[en.wikipedia.org/wiki/List_of_accolades_received_by_Green_Book.html]
[en.wikipedia.org/wiki/Wikipedia_Community_portal.html]
[en.wikipedia.org/wiki/Special_RecentChanges.html]
[en.wikipedia.org/wiki/Wikipedia_File_upload_wizard.html]
[en.wikipedia.org/wiki/Special_SpecialPages.html]
[en.wikipedia.org/wiki/Special_Search.html]
[en.wikipedia.org/wiki/Special_MyContributions.html]
[en.wikipedia.org/wiki/Special_MyTalk.html]
[en.wikipedia.org/wiki/Special_WhatLinksHere/File_Composite_trapezoidal_rule_illustration.html]
[en.wikipedia.org/w/index8a17.html]
[en.wikipedia.org/w/indexc1b7.html]
[en.wikipedia.org/wiki/Public_domain.html]
[en.wikipedia.org/wiki/User_Oleg_Alexandrov.html]
[en.wikipedia.org/wiki/Category_Numerical_analysis.html]
