[matplotlib.org/stable/index.html]
[backblue.gif]
[fade.gif]
[index.html]
[matplotlib.org/stable/_static/styles/themee6c2.css]
[matplotlib.org/stable/_static/styles/bootstrape6c2.css]
[matplotlib.org/stable/_static/styles/pydata-sphinx-themee6c2.css]
[matplotlib.org/stable/_static/vendor/fontawesome/6.5.2/css/all.mine6c2.css]
[matplotlib.org/stable/_static/vendor/fontawesome/6.5.2/webfonts/fa-solid-900.woff2]
[matplotlib.org/stable/_static/vendor/fontawesome/6.5.2/webfonts/fa-brands-400.woff2]
[matplotlib.org/stable/_static/vendor/fontawesome/6.5.2/webfonts/fa-regular-400.woff2]
[matplotlib.org/stable/_static/pygmentsa9e1.css]
[matplotlib.org/stable/_static/css/style5a03.css]
[matplotlib.org/stable/_static/graphviz5804.css]
[matplotlib.org/stable/_static/plot_directive.css]
[matplotlib.org/stable/_static/copybutton3129.css]
[matplotlib.org/stable/_static/sg_gallerycf45.css]
[matplotlib.org/stable/_static/sg_gallery-binderc545.css]
[matplotlib.org/stable/_static/sg_gallery-dataframeaa3e.css]
[matplotlib.org/stable/_static/sg_gallery-rendered-html5e57.css]
[matplotlib.org/stable/_static/sphinx-design.min7991.css]
[matplotlib.org/stable/_static/mpl855f.css]
[matplotlib.org/stable/_static/scripts/bootstrape6c2.js]
[matplotlib.org/stable/_static/scripts/pydata-sphinx-themee6c2.js]
[matplotlib.org/stable/_static/documentation_optionsc4f3.js]
[matplotlib.org/stable/_static/vendor/fontawesome/6.5.2/js/all.mine6c2.js]
[matplotlib.org/stable/_static/doctoolsb5e9.js]
[matplotlib.org/stable/_static/sphinx_highlight7f57.js]
[matplotlib.org/stable/_static/clipboard.min4664.js]
[matplotlib.org/stable/_static/copybutton88ca.js]
[matplotlib.org/stable/_static/design-tabs62df.js]
[views.scientific-python.org/js/script.js]
[matplotlib.org/stable/index-2.html]
[matplotlib.org/stable/_static/opensearch.xml]
[matplotlib.org/stable/_static/favicon.ico]
[matplotlib.org/stable/search.html]
[matplotlib.org/stable/install/index.html]
[matplotlib.org/stable/_static/logo_light.svg]
[matplotlib.org/stable/plot_types/index.html]
[matplotlib.org/stable/users/index.html]
[matplotlib.org/stable/tutorials/index.html]
[matplotlib.org/stable/gallery/index.html]
[matplotlib.org/stable/api/index.html]
[matplotlib.org/stable/users/release_notes.html]
[matplotlib.org/stable/_static/mpl_cheatsheet1.png]
[matplotlib.org/stable/users/explain/quick_start.html]
[matplotlib.org/stable/users/faq.html]
[matplotlib.org/stable/api/figure_api.html]
[matplotlib.org/stable/api/axes_api.html]
[matplotlib.org/stable/api/_as_gen/matplotlib.pyplot.figure.html]
[matplotlib.org/stable/api/_as_gen/matplotlib.pyplot.subplots.html]
[matplotlib.org/stable/api/_as_gen/matplotlib.pyplot.subplot_mosaic.html]
[matplotlib.org/stable/users/resources/index.html]
[matplotlib.org/stable/project/index.html]
[matplotlib.org/stable/project/mission.html]
[matplotlib.org/stable/project/history.html]
[matplotlib.org/stable/project/code_of_conduct.html]
[matplotlib.org/stable/project/citing.html]
[matplotlib.org/stable/project/license.html]
[matplotlib.org/stable/project/credits.html]
[matplotlib.org/stable/index.html]
[matplotlib.org/cdn-cgi/scripts/7d0fa10a/cloudflare-static/rocket-loader.min.js]
[matplotlib.org/stable/_static/styles/themee6c2.css]
[matplotlib.org/stable/_static/styles/bootstrape6c2.css]
[matplotlib.org/stable/_static/styles/pydata-sphinx-themee6c2.css]
[matplotlib.org/stable/_static/basic.css]
[matplotlib.org/stable/_static/vendor/fontawesome/6.5.2/webfonts/fa-brands-400.ttf]
[matplotlib.org/stable/_static/vendor/fontawesome/6.5.2/webfonts/fa-regular-400.ttf]
[matplotlib.org/stable/_static/vendor/fontawesome/6.5.2/webfonts/fa-solid-900.ttf]
[matplotlib.org/stable/_static/vendor/fontawesome/6.5.2/webfonts/fa-v4compatibility.woff2]
[matplotlib.org/stable/_static/vendor/fontawesome/6.5.2/css/all.mine6c2.css]
[matplotlib.org/stable/_static/pygmentsa9e1.css]
[matplotlib.org/stable/_static/css/style5a03.css]
[matplotlib.org/stable/_static/graphviz5804.css]
[matplotlib.org/stable/_static/plot_directive.css]
[matplotlib.org/stable/_static/copybutton3129.css]
[matplotlib.org/stable/_static/sg_gallerycf45.css]
[matplotlib.org/stable/_static/sg_gallery-binderc545.css]
[matplotlib.org/stable/_static/sg_gallery-dataframeaa3e.css]
[matplotlib.org/stable/_static/sg_gallery-rendered-html5e57.css]
[matplotlib.org/stable/_static/sphinx-design.min7991.css]
[matplotlib.org/stable/_static/mpl855f.css]
[matplotlib.org/stable/_static/vendor/fontawesome/6.5.2/webfonts/fa-v4compatibility.ttf]
[matplotlib.org/stable/index-2.html]
[matplotlib.org/stable/_static/searchtools.js]
[matplotlib.org/stable/_static/language_data.js]
[matplotlib.org/stable/search.html]
[matplotlib.org/stable/install/environment_variables_faq.html]
[matplotlib.org/stable/users/explain/figure/index.html]
[matplotlib.org/stable/users/explain/figure/figure_intro.html]
[matplotlib.org/stable/users/explain/figure/backends.html]
[matplotlib.org/stable/users/explain/figure/api_interfaces.html]
[matplotlib.org/stable/users/explain/figure/interactive.html]
[matplotlib.org/stable/users/explain/figure/interactive_guide.html]
[matplotlib.org/stable/users/explain/figure/event_handling.html]
[matplotlib.org/stable/users/explain/figure/writing_a_backend_pyplot_interface.html]
[matplotlib.org/stable/users/explain/axes/index.html]
[matplotlib.org/stable/users/explain/axes/axes_intro.html]
[matplotlib.org/stable/searchindex.js]
[matplotlib.org/stable/users/explain/axes/arranging_axes.html]
[matplotlib.org/stable/users/explain/axes/colorbar_placement.html]
[matplotlib.org/stable/users/explain/axes/autoscale.html]
[matplotlib.org/stable/users/explain/axes/axes_scales.html]
[matplotlib.org/stable/users/explain/axes/axes_ticks.html]
[matplotlib.org/stable/users/explain/axes/axes_units.html]
[matplotlib.org/stable/users/explain/axes/legend_guide.html]
[matplotlib.org/stable/users/explain/axes/mosaic.html]
[matplotlib.org/stable/users/explain/axes/constrainedlayout_guide.html]
[matplotlib.org/stable/users/explain/axes/tight_layout_guide.html]
[matplotlib.org/stable/users/explain/artists/index.html]
[matplotlib.org/stable/users/explain/artists/artist_intro.html]
[matplotlib.org/stable/users/explain/artists/color_cycle.html]
[matplotlib.org/stable/users/explain/artists/performance.html]
[matplotlib.org/stable/users/explain/artists/paths.html]
[matplotlib.org/stable/users/explain/artists/patheffects_guide.html]
[matplotlib.org/stable/users/explain/artists/imshow_extent.html]
[matplotlib.org/stable/users/explain/artists/transforms_tutorial.html]
[matplotlib.org/stable/users/explain/customizing.html]
[matplotlib.org/stable/users/explain/colors/index.html]
[matplotlib.org/stable/users/explain/colors/colors.html]
[matplotlib.org/stable/users/explain/colors/colorbar_only.html]
[matplotlib.org/stable/users/explain/colors/colormap-manipulation.html]
[matplotlib.org/stable/users/explain/colors/colormapnorms.html]
[matplotlib.org/stable/users/explain/colors/colormaps.html]
[matplotlib.org/stable/users/explain/text/index.html]
[matplotlib.org/stable/users/explain/text/text_intro.html]
[matplotlib.org/stable/users/explain/text/text_props.html]
[matplotlib.org/stable/users/explain/text/annotations.html]
[matplotlib.org/stable/users/explain/text/fonts.html]
[matplotlib.org/stable/users/explain/text/mathtext.html]
[matplotlib.org/stable/users/explain/text/pgf.html]
[matplotlib.org/stable/users/explain/text/usetex.html]
[matplotlib.org/stable/users/explain/animations/index.html]
[matplotlib.org/stable/users/explain/animations/animations.html]
[matplotlib.org/stable/users/explain/animations/blitting.html]
[matplotlib.org/stable/users/explain/toolkits/index.html]
[matplotlib.org/stable/users/explain/toolkits/axisartist.html]
[matplotlib.org/stable/users/explain/toolkits/axes_grid.html]
[matplotlib.org/stable/users/explain/toolkits/mplot3d.html]
[matplotlib.org/stable/users/getting_started/index.html]
[matplotlib.org/stable/install/dependencies.html]
[matplotlib.org/stable/install/index.html]
[matplotlib.org/stable/api/matplotlib_configuration_api.html]
[matplotlib.org/home/mdboom/Art/logo-text.png]
[matplotlib.org/stable/_static/logo_light.svg]
[cdn.jsdelivr.net/npm/mathjax@3/es5/tex-mml-chtml.js]
[matplotlib.org/stable/plot_types/basic/index.html]
[matplotlib.org/stable/tutorials/artists.html]
[matplotlib.org/stable/plot_types/basic/plot.html]
[matplotlib.org/stable/plot_types/basic/scatter_plot.html]
[matplotlib.org/stable/plot_types/basic/bar.html]
[matplotlib.org/stable/plot_types/basic/stem.html]
[matplotlib.org/stable/plot_types/basic/fill_between.html]
[matplotlib.org/stable/plot_types/basic/stackplot.html]
[matplotlib.org/stable/plot_types/basic/stairs.html]
[matplotlib.org/stable/plot_types/stats/index.html]
[matplotlib.org/stable/plot_types/stats/hist_plot.html]
[matplotlib.org/stable/plot_types/stats/boxplot_plot.html]
[matplotlib.org/stable/plot_types/stats/errorbar_plot.html]
[matplotlib.org/stable/plot_types/stats/violin.html]
[matplotlib.org/stable/plot_types/stats/eventplot.html]
[matplotlib.org/stable/plot_types/stats/hist2d.html]
[matplotlib.org/stable/plot_types/stats/hexbin.html]
[matplotlib.org/stable/plot_types/stats/pie.html]
[matplotlib.org/stable/plot_types/stats/ecdf.html]
[matplotlib.org/stable/plot_types/arrays/index.html]
[matplotlib.org/stable/plot_types/arrays/imshow.html]
[matplotlib.org/stable/plot_types/arrays/pcolormesh.html]
[matplotlib.org/stable/plot_types/arrays/contour.html]
[matplotlib.org/stable/plot_types/arrays/contourf.html]
[matplotlib.org/stable/plot_types/arrays/barbs.html]
[matplotlib.org/stable/plot_types/arrays/quiver.html]
[matplotlib.org/stable/plot_types/arrays/streamplot.html]
[matplotlib.org/stable/plot_types/unstructured/index.html]
[matplotlib.org/stable/plot_types/unstructured/tricontour.html]
[matplotlib.org/stable/plot_types/unstructured/tricontourf.html]
[matplotlib.org/stable/plot_types/unstructured/tripcolor.html]
[matplotlib.org/stable/plot_types/unstructured/triplot.html]
[matplotlib.org/stable/plot_types/3D/index.html]
[matplotlib.org/stable/plot_types/3D/bar3d_simple.html]
[matplotlib.org/stable/plot_types/3D/fill_between3d_simple.html]
[matplotlib.org/stable/plot_types/3D/plot3d_simple.html]
[matplotlib.org/stable/plot_types/3D/quiver3d_simple.html]
[matplotlib.org/stable/plot_types/3D/scatter3d_simple.html]
[matplotlib.org/stable/plot_types/3D/stem3d.html]
[matplotlib.org/stable/plot_types/3D/surface3d_simple.html]
[matplotlib.org/stable/plot_types/3D/trisurf3d_simple.html]
[matplotlib.org/stable/plot_types/3D/voxels_simple.html]
[matplotlib.org/stable/plot_types/3D/wire3d_simple.html]
[matplotlib.org/stable/_images/sphx_glr_plot_thumb.png]
[matplotlib.org/stable/_images/sphx_glr_scatter_plot_thumb.png]
[matplotlib.org/stable/_images/sphx_glr_bar_thumb.png]
[matplotlib.org/stable/_images/sphx_glr_stem_thumb.png]
[matplotlib.org/stable/_images/sphx_glr_fill_between_thumb.png]
[matplotlib.org/stable/_images/sphx_glr_stackplot_thumb.png]
[matplotlib.org/stable/_images/sphx_glr_stairs_thumb.png]
[matplotlib.org/stable/_images/sphx_glr_hist_plot_thumb.png]
[matplotlib.org/stable/_images/sphx_glr_boxplot_plot_thumb.png]
[matplotlib.org/stable/_images/sphx_glr_errorbar_plot_thumb.png]
[matplotlib.org/stable/_images/sphx_glr_violin_thumb.png]
[matplotlib.org/stable/_images/sphx_glr_eventplot_thumb.png]
[matplotlib.org/stable/_images/sphx_glr_hist2d_thumb.png]
[matplotlib.org/stable/_images/sphx_glr_hexbin_thumb.png]
[matplotlib.org/stable/_images/sphx_glr_pie_thumb.png]
[matplotlib.org/stable/_images/sphx_glr_ecdf_thumb.png]
[matplotlib.org/stable/_images/sphx_glr_imshow_thumb.png]
[matplotlib.org/stable/_images/sphx_glr_pcolormesh_thumb.png]
[matplotlib.org/stable/_images/sphx_glr_contour_thumb.png]
[matplotlib.org/stable/_images/sphx_glr_contourf_thumb.png]
[matplotlib.org/stable/_images/sphx_glr_barbs_thumb.png]
[matplotlib.org/stable/_images/sphx_glr_quiver_thumb.png]
[matplotlib.org/stable/_images/sphx_glr_streamplot_thumb.png]
[matplotlib.org/stable/_images/sphx_glr_tricontour_thumb.png]
[matplotlib.org/stable/_images/sphx_glr_tricontourf_thumb.png]
[matplotlib.org/stable/_images/sphx_glr_tripcolor_thumb.png]
[matplotlib.org/stable/_images/sphx_glr_triplot_thumb.png]
[matplotlib.org/stable/api/toolkits/mplot3d.html]
[matplotlib.org/stable/_images/sphx_glr_bar3d_simple_thumb.png]
[matplotlib.org/stable/_images/sphx_glr_fill_between3d_simple_thumb.png]
[matplotlib.org/stable/_images/sphx_glr_plot3d_simple_thumb.png]
[matplotlib.org/stable/_images/sphx_glr_quiver3d_simple_thumb.png]
[matplotlib.org/stable/_images/sphx_glr_scatter3d_simple_thumb.png]
[matplotlib.org/stable/_images/sphx_glr_stem3d_thumb.png]
[matplotlib.org/stable/_images/sphx_glr_surface3d_simple_thumb.png]
[matplotlib.org/stable/_images/sphx_glr_trisurf3d_simple_thumb.png]
[matplotlib.org/stable/_images/sphx_glr_voxels_simple_thumb.png]
[matplotlib.org/stable/_images/sphx_glr_wire3d_simple_thumb.png]
[matplotlib.org/stable/_downloads/ea73be0751ffd403489ec6af7a17ed2c/plot_types_python.zip]
[matplotlib.org/stable/_downloads/4e1270d363927f553fd952d7a2603176/plot_types_jupyter.zip]
[matplotlib.org/stable/plot_types/index.html]
[matplotlib.org/stable/users/index.html]
[matplotlib.org/stable/tutorials/pyplot.html]
[matplotlib.org/stable/tutorials/images.html]
[matplotlib.org/stable/tutorials/lifecycle.html]
[matplotlib.org/stable/_images/sphx_glr_pyplot_thumb.png]
[matplotlib.org/stable/_images/sphx_glr_images_thumb.png]
[matplotlib.org/stable/_images/sphx_glr_lifecycle_thumb.png]
[matplotlib.org/stable/_images/sphx_glr_artists_thumb.png]
[matplotlib.org/stable/_downloads/315c4c52fb68082a731b192d944e2ede/tutorials_python.zip]
[matplotlib.org/stable/_downloads/a5659940aa3f8f568547d47752a43172/tutorials_jupyter.zip]
[matplotlib.org/stable/tutorials/index.html]
[matplotlib.org/stable/gallery/lines_bars_and_markers/index.html]
[matplotlib.org/stable/gallery/lines_bars_and_markers/axline.html]
[matplotlib.org/stable/gallery/lines_bars_and_markers/bar_colors.html]
[matplotlib.org/stable/gallery/lines_bars_and_markers/bar_label_demo.html]
[matplotlib.org/stable/gallery/lines_bars_and_markers/bar_stacked.html]
[matplotlib.org/stable/gallery/lines_bars_and_markers/barchart.html]
[matplotlib.org/stable/gallery/lines_bars_and_markers/barh.html]
[matplotlib.org/stable/gallery/lines_bars_and_markers/broken_barh.html]
[matplotlib.org/stable/gallery/lines_bars_and_markers/capstyle.html]
[matplotlib.org/stable/gallery/lines_bars_and_markers/categorical_variables.html]
[matplotlib.org/stable/gallery/lines_bars_and_markers/cohere.html]
[matplotlib.org/stable/gallery/lines_bars_and_markers/csd_demo.html]
[matplotlib.org/stable/gallery/lines_bars_and_markers/curve_error_band.html]
[matplotlib.org/stable/gallery/lines_bars_and_markers/errorbar_limits_simple.html]
[matplotlib.org/stable/gallery/lines_bars_and_markers/errorbar_subsample.html]
[matplotlib.org/stable/gallery/lines_bars_and_markers/eventcollection_demo.html]
[matplotlib.org/stable/gallery/lines_bars_and_markers/eventplot_demo.html]
[matplotlib.org/stable/gallery/lines_bars_and_markers/fill.html]
[matplotlib.org/stable/gallery/lines_bars_and_markers/fill_between_alpha.html]
[matplotlib.org/stable/gallery/lines_bars_and_markers/fill_between_demo.html]
[matplotlib.org/stable/gallery/lines_bars_and_markers/fill_betweenx_demo.html]
[matplotlib.org/stable/gallery/lines_bars_and_markers/gradient_bar.html]
[matplotlib.org/stable/gallery/lines_bars_and_markers/hat_graph.html]
[matplotlib.org/stable/gallery/lines_bars_and_markers/horizontal_barchart_distribution.html]
[matplotlib.org/stable/gallery/lines_bars_and_markers/joinstyle.html]
[matplotlib.org/stable/gallery/lines_bars_and_markers/line_demo_dash_control.html]
[matplotlib.org/stable/gallery/lines_bars_and_markers/lines_with_ticks_demo.html]
[matplotlib.org/stable/gallery/lines_bars_and_markers/linestyles.html]
[matplotlib.org/stable/gallery/lines_bars_and_markers/marker_reference.html]
[matplotlib.org/stable/gallery/lines_bars_and_markers/markevery_demo.html]
[matplotlib.org/stable/gallery/lines_bars_and_markers/masked_demo.html]
[matplotlib.org/stable/gallery/lines_bars_and_markers/multicolored_line.html]
[matplotlib.org/stable/gallery/lines_bars_and_markers/multivariate_marker_plot.html]
[matplotlib.org/stable/gallery/lines_bars_and_markers/psd_demo.html]
[matplotlib.org/stable/gallery/lines_bars_and_markers/scatter_demo2.html]
[matplotlib.org/stable/gallery/lines_bars_and_markers/scatter_hist.html]
[matplotlib.org/stable/gallery/lines_bars_and_markers/scatter_masked.html]
[matplotlib.org/stable/gallery/lines_bars_and_markers/scatter_star_poly.html]
[matplotlib.org/stable/gallery/lines_bars_and_markers/scatter_with_legend.html]
[matplotlib.org/stable/gallery/lines_bars_and_markers/simple_plot.html]
[matplotlib.org/stable/gallery/lines_bars_and_markers/span_regions.html]
[matplotlib.org/stable/gallery/lines_bars_and_markers/spectrum_demo.html]
[matplotlib.org/stable/gallery/lines_bars_and_markers/stackplot_demo.html]
[matplotlib.org/stable/gallery/lines_bars_and_markers/stairs_demo.html]
[matplotlib.org/stable/gallery/lines_bars_and_markers/stem_plot.html]
[matplotlib.org/stable/gallery/lines_bars_and_markers/step_demo.html]
[matplotlib.org/stable/gallery/lines_bars_and_markers/timeline.html]
[matplotlib.org/stable/gallery/lines_bars_and_markers/vline_hline_demo.html]
[matplotlib.org/stable/gallery/lines_bars_and_markers/xcorr_acorr_demo.html]
[matplotlib.org/stable/gallery/images_contours_and_fields/index.html]
[matplotlib.org/stable/gallery/images_contours_and_fields/affine_image.html]
[matplotlib.org/stable/gallery/images_contours_and_fields/barb_demo.html]
[matplotlib.org/stable/gallery/images_contours_and_fields/barcode_demo.html]
[matplotlib.org/stable/gallery/images_contours_and_fields/colormap_interactive_adjustment.html]
[matplotlib.org/stable/gallery/images_contours_and_fields/colormap_normalizations.html]
[matplotlib.org/stable/gallery/images_contours_and_fields/colormap_normalizations_symlognorm.html]
[matplotlib.org/stable/gallery/images_contours_and_fields/contour_corner_mask.html]
[matplotlib.org/stable/gallery/images_contours_and_fields/contour_demo.html]
[matplotlib.org/stable/gallery/images_contours_and_fields/contour_image.html]
[matplotlib.org/stable/gallery/images_contours_and_fields/contour_label_demo.html]
[matplotlib.org/stable/gallery/images_contours_and_fields/contourf_demo.html]
[matplotlib.org/stable/gallery/images_contours_and_fields/contourf_hatching.html]
[matplotlib.org/stable/gallery/images_contours_and_fields/contourf_log.html]
[matplotlib.org/stable/gallery/images_contours_and_fields/contours_in_optimization_demo.html]
[matplotlib.org/stable/gallery/images_contours_and_fields/demo_bboximage.html]
[matplotlib.org/stable/gallery/images_contours_and_fields/figimage_demo.html]
[matplotlib.org/stable/gallery/images_contours_and_fields/image_annotated_heatmap.html]
[matplotlib.org/stable/gallery/images_contours_and_fields/image_antialiasing.html]
[matplotlib.org/stable/gallery/images_contours_and_fields/image_clip_path.html]
[matplotlib.org/stable/gallery/images_contours_and_fields/image_demo.html]
[matplotlib.org/stable/gallery/images_contours_and_fields/image_masked.html]
[matplotlib.org/stable/gallery/images_contours_and_fields/image_nonuniform.html]
[matplotlib.org/stable/gallery/images_contours_and_fields/image_transparency_blend.html]
[matplotlib.org/stable/gallery/images_contours_and_fields/image_zcoord.html]
[matplotlib.org/stable/gallery/images_contours_and_fields/interpolation_methods.html]
[matplotlib.org/stable/gallery/images_contours_and_fields/irregulardatagrid.html]
[matplotlib.org/stable/gallery/images_contours_and_fields/layer_images.html]
[matplotlib.org/stable/gallery/images_contours_and_fields/matshow.html]
[matplotlib.org/stable/gallery/images_contours_and_fields/multi_image.html]
[matplotlib.org/stable/gallery/images_contours_and_fields/pcolor_demo.html]
[matplotlib.org/stable/gallery/images_contours_and_fields/pcolormesh_grids.html]
[matplotlib.org/stable/gallery/images_contours_and_fields/pcolormesh_levels.html]
[matplotlib.org/stable/gallery/images_contours_and_fields/plot_streamplot.html]
[matplotlib.org/stable/gallery/images_contours_and_fields/quadmesh_demo.html]
[matplotlib.org/stable/gallery/images_contours_and_fields/quiver_demo.html]
[matplotlib.org/stable/gallery/images_contours_and_fields/quiver_simple_demo.html]
[matplotlib.org/stable/gallery/images_contours_and_fields/shading_example.html]
[matplotlib.org/stable/gallery/images_contours_and_fields/specgram_demo.html]
[matplotlib.org/stable/gallery/images_contours_and_fields/spy_demos.html]
[matplotlib.org/stable/gallery/images_contours_and_fields/tricontour_demo.html]
[matplotlib.org/stable/gallery/images_contours_and_fields/tricontour_smooth_delaunay.html]
[matplotlib.org/stable/gallery/images_contours_and_fields/tricontour_smooth_user.html]
[matplotlib.org/stable/gallery/images_contours_and_fields/trigradient_demo.html]
[matplotlib.org/stable/gallery/images_contours_and_fields/triinterp_demo.html]
[matplotlib.org/stable/gallery/images_contours_and_fields/tripcolor_demo.html]
[matplotlib.org/stable/gallery/images_contours_and_fields/triplot_demo.html]
[matplotlib.org/stable/gallery/images_contours_and_fields/watermark_image.html]
[matplotlib.org/stable/gallery/subplots_axes_and_figures/index.html]
[matplotlib.org/stable/gallery/subplots_axes_and_figures/align_labels_demo.html]
[matplotlib.org/stable/gallery/subplots_axes_and_figures/auto_subplots_adjust.html]
[matplotlib.org/stable/gallery/subplots_axes_and_figures/axes_box_aspect.html]
[matplotlib.org/stable/gallery/subplots_axes_and_figures/axes_demo.html]
[matplotlib.org/stable/gallery/subplots_axes_and_figures/axes_margins.html]
[matplotlib.org/stable/gallery/subplots_axes_and_figures/axes_props.html]
[matplotlib.org/stable/gallery/subplots_axes_and_figures/axes_zoom_effect.html]
[matplotlib.org/stable/gallery/subplots_axes_and_figures/axhspan_demo.html]
[matplotlib.org/stable/gallery/subplots_axes_and_figures/axis_equal_demo.html]
[matplotlib.org/stable/gallery/subplots_axes_and_figures/axis_labels_demo.html]
[matplotlib.org/stable/gallery/subplots_axes_and_figures/broken_axis.html]
[matplotlib.org/stable/gallery/subplots_axes_and_figures/custom_figure_class.html]
[matplotlib.org/stable/gallery/subplots_axes_and_figures/demo_constrained_layout.html]
[matplotlib.org/stable/gallery/subplots_axes_and_figures/demo_tight_layout.html]
[matplotlib.org/stable/gallery/subplots_axes_and_figures/fahrenheit_celsius_scales.html]
[matplotlib.org/stable/gallery/subplots_axes_and_figures/figure_size_units.html]
[matplotlib.org/stable/gallery/subplots_axes_and_figures/figure_title.html]
[matplotlib.org/stable/gallery/subplots_axes_and_figures/ganged_plots.html]
[matplotlib.org/stable/gallery/subplots_axes_and_figures/geo_demo.html]
[matplotlib.org/stable/gallery/subplots_axes_and_figures/gridspec_and_subplots.html]
[matplotlib.org/stable/gallery/subplots_axes_and_figures/gridspec_customization.html]
[matplotlib.org/stable/gallery/subplots_axes_and_figures/gridspec_multicolumn.html]
[matplotlib.org/stable/gallery/subplots_axes_and_figures/gridspec_nested.html]
[matplotlib.org/stable/gallery/subplots_axes_and_figures/invert_axes.html]
[matplotlib.org/stable/gallery/subplots_axes_and_figures/multiple_figs_demo.html]
[matplotlib.org/stable/gallery/subplots_axes_and_figures/secondary_axis.html]
[matplotlib.org/stable/gallery/subplots_axes_and_figures/share_axis_lims_views.html]
[matplotlib.org/stable/gallery/subplots_axes_and_figures/shared_axis_demo.html]
[matplotlib.org/stable/gallery/subplots_axes_and_figures/subfigures.html]
[matplotlib.org/stable/gallery/subplots_axes_and_figures/subplot.html]
[matplotlib.org/stable/gallery/subplots_axes_and_figures/subplot2grid.html]
[matplotlib.org/stable/gallery/subplots_axes_and_figures/subplots_adjust.html]
[matplotlib.org/stable/gallery/subplots_axes_and_figures/subplots_demo.html]
[matplotlib.org/stable/gallery/subplots_axes_and_figures/zoom_inset_axes.html]
[matplotlib.org/stable/gallery/subplots_axes_and_figures/two_scales.html]
[matplotlib.org/stable/gallery/statistics/index.html]
[matplotlib.org/stable/gallery/statistics/boxplot.html]
[matplotlib.org/stable/gallery/statistics/boxplot_color.html]
[matplotlib.org/stable/gallery/statistics/boxplot_demo.html]
[matplotlib.org/stable/gallery/statistics/boxplot_vs_violin.html]
[matplotlib.org/stable/gallery/statistics/bxp.html]
[matplotlib.org/stable/gallery/statistics/confidence_ellipse.html]
[matplotlib.org/stable/gallery/statistics/customized_violin.html]
[matplotlib.org/stable/gallery/statistics/errorbar.html]
[matplotlib.org/stable/gallery/statistics/errorbar_features.html]
[matplotlib.org/stable/gallery/statistics/errorbar_limits.html]
[matplotlib.org/stable/gallery/statistics/errorbars_and_boxes.html]
[matplotlib.org/stable/gallery/statistics/hexbin_demo.html]
[matplotlib.org/stable/gallery/statistics/hist.html]
[matplotlib.org/stable/gallery/statistics/histogram_bihistogram.html]
[matplotlib.org/stable/gallery/statistics/histogram_cumulative.html]
[matplotlib.org/stable/gallery/statistics/histogram_histtypes.html]
[matplotlib.org/stable/gallery/statistics/histogram_multihist.html]
[matplotlib.org/stable/gallery/statistics/histogram_normalization.html]
[matplotlib.org/stable/gallery/statistics/multiple_histograms_side_by_side.html]
[matplotlib.org/stable/gallery/statistics/time_series_histogram.html]
[matplotlib.org/stable/gallery/statistics/violinplot.html]
[matplotlib.org/stable/gallery/pie_and_polar_charts/index.html]
[matplotlib.org/stable/gallery/pie_and_polar_charts/pie_features.html]
[matplotlib.org/stable/gallery/pie_and_polar_charts/bar_of_pie.html]
[matplotlib.org/stable/gallery/pie_and_polar_charts/nested_pie.html]
[matplotlib.org/stable/gallery/pie_and_polar_charts/pie_and_donut_labels.html]
[matplotlib.org/stable/gallery/pie_and_polar_charts/polar_bar.html]
[matplotlib.org/stable/gallery/pie_and_polar_charts/polar_demo.html]
[matplotlib.org/stable/gallery/pie_and_polar_charts/polar_error_caps.html]
[matplotlib.org/stable/gallery/pie_and_polar_charts/polar_legend.html]
[matplotlib.org/stable/gallery/pie_and_polar_charts/polar_scatter.html]
[matplotlib.org/stable/gallery/text_labels_and_annotations/index.html]
[matplotlib.org/stable/gallery/text_labels_and_annotations/accented_text.html]
[matplotlib.org/stable/gallery/text_labels_and_annotations/align_ylabels.html]
[matplotlib.org/stable/gallery/text_labels_and_annotations/angle_annotation.html]
[matplotlib.org/stable/gallery/text_labels_and_annotations/angles_on_bracket_arrows.html]
[matplotlib.org/stable/gallery/text_labels_and_annotations/annotate_transform.html]
[matplotlib.org/stable/gallery/text_labels_and_annotations/annotation_basic.html]
[matplotlib.org/stable/gallery/text_labels_and_annotations/annotation_demo.html]
[matplotlib.org/stable/gallery/text_labels_and_annotations/annotation_polar.html]
[matplotlib.org/stable/gallery/text_labels_and_annotations/arrow_demo.html]
[matplotlib.org/stable/gallery/text_labels_and_annotations/autowrap.html]
[matplotlib.org/stable/gallery/text_labels_and_annotations/custom_legends.html]
[matplotlib.org/stable/gallery/text_labels_and_annotations/date.html]
[matplotlib.org/stable/gallery/text_labels_and_annotations/demo_annotation_box.html]
[matplotlib.org/stable/gallery/text_labels_and_annotations/demo_text_path.html]
[matplotlib.org/stable/gallery/text_labels_and_annotations/demo_text_rotation_mode.html]
[matplotlib.org/stable/gallery/text_labels_and_annotations/dfrac_demo.html]
[matplotlib.org/stable/gallery/text_labels_and_annotations/engineering_formatter.html]
[matplotlib.org/stable/gallery/text_labels_and_annotations/fancyarrow_demo.html]
[matplotlib.org/stable/gallery/text_labels_and_annotations/fancytextbox_demo.html]
[matplotlib.org/stable/gallery/text_labels_and_annotations/figlegend_demo.html]
[matplotlib.org/stable/gallery/text_labels_and_annotations/font_family_rc.html]
[matplotlib.org/stable/gallery/text_labels_and_annotations/font_file.html]
[matplotlib.org/stable/gallery/text_labels_and_annotations/font_table.html]
[matplotlib.org/stable/gallery/text_labels_and_annotations/fonts_demo.html]
[matplotlib.org/stable/gallery/text_labels_and_annotations/fonts_demo_kw.html]
[matplotlib.org/stable/gallery/text_labels_and_annotations/label_subplots.html]
[matplotlib.org/stable/gallery/text_labels_and_annotations/legend.html]
[matplotlib.org/stable/gallery/text_labels_and_annotations/legend_demo.html]
[matplotlib.org/stable/gallery/text_labels_and_annotations/line_with_text.html]
[matplotlib.org/stable/gallery/text_labels_and_annotations/mathtext_asarray.html]
[matplotlib.org/stable/gallery/text_labels_and_annotations/mathtext_demo.html]
[matplotlib.org/stable/gallery/text_labels_and_annotations/mathtext_examples.html]
[matplotlib.org/stable/gallery/text_labels_and_annotations/mathtext_fontfamily_example.html]
[matplotlib.org/stable/gallery/text_labels_and_annotations/multiline.html]
[matplotlib.org/stable/gallery/text_labels_and_annotations/placing_text_boxes.html]
[matplotlib.org/stable/gallery/text_labels_and_annotations/rainbow_text.html]
[matplotlib.org/stable/gallery/text_labels_and_annotations/stix_fonts_demo.html]
[matplotlib.org/stable/gallery/text_labels_and_annotations/tex_demo.html]
[matplotlib.org/stable/gallery/text_labels_and_annotations/text_alignment.html]
[matplotlib.org/stable/gallery/text_labels_and_annotations/text_commands.html]
[matplotlib.org/stable/gallery/text_labels_and_annotations/text_fontdict.html]
[matplotlib.org/stable/gallery/text_labels_and_annotations/text_rotation_relative_to_line.html]
[matplotlib.org/stable/gallery/text_labels_and_annotations/titles_demo.html]
[matplotlib.org/stable/gallery/text_labels_and_annotations/unicode_minus.html]
[matplotlib.org/stable/gallery/text_labels_and_annotations/usetex_baseline_test.html]
[matplotlib.org/stable/gallery/text_labels_and_annotations/usetex_fonteffects.html]
[matplotlib.org/stable/gallery/text_labels_and_annotations/watermark_text.html]
[matplotlib.org/stable/gallery/color/index.html]
[matplotlib.org/stable/gallery/color/color_demo.html]
[matplotlib.org/stable/gallery/color/color_by_yvalue.html]
[matplotlib.org/stable/gallery/color/color_cycle_default.html]
[matplotlib.org/stable/gallery/color/color_sequences.html]
[matplotlib.org/stable/gallery/color/colorbar_basics.html]
[matplotlib.org/stable/gallery/color/colormap_reference.html]
[matplotlib.org/stable/gallery/color/custom_cmap.html]
[matplotlib.org/stable/gallery/color/individual_colors_from_cmap.html]
[matplotlib.org/stable/gallery/color/named_colors.html]
[matplotlib.org/stable/gallery/color/set_alpha.html]
[matplotlib.org/stable/gallery/shapes_and_collections/index.html]
[matplotlib.org/stable/gallery/shapes_and_collections/arrow_guide.html]
[matplotlib.org/stable/gallery/shapes_and_collections/artist_reference.html]
[matplotlib.org/stable/gallery/shapes_and_collections/collections.html]
[matplotlib.org/stable/gallery/shapes_and_collections/compound_path.html]
[matplotlib.org/stable/gallery/shapes_and_collections/dolphin.html]
[matplotlib.org/stable/gallery/shapes_and_collections/donut.html]
[matplotlib.org/stable/gallery/shapes_and_collections/ellipse_arrow.html]
[matplotlib.org/stable/gallery/shapes_and_collections/ellipse_collection.html]
[matplotlib.org/stable/gallery/shapes_and_collections/ellipse_demo.html]
[matplotlib.org/stable/gallery/shapes_and_collections/fancybox_demo.html]
[matplotlib.org/stable/gallery/shapes_and_collections/hatch_demo.html]
[matplotlib.org/stable/gallery/shapes_and_collections/hatch_style_reference.html]
[matplotlib.org/stable/gallery/shapes_and_collections/line_collection.html]
[matplotlib.org/stable/gallery/shapes_and_collections/patch_collection.html]
[matplotlib.org/stable/gallery/shapes_and_collections/path_patch.html]
[matplotlib.org/stable/gallery/shapes_and_collections/quad_bezier.html]
[matplotlib.org/stable/gallery/shapes_and_collections/scatter.html]
[matplotlib.org/stable/gallery/style_sheets/index.html]
[matplotlib.org/stable/gallery/style_sheets/bmh.html]
[matplotlib.org/stable/gallery/style_sheets/dark_background.html]
[matplotlib.org/stable/gallery/style_sheets/fivethirtyeight.html]
[matplotlib.org/stable/gallery/style_sheets/ggplot.html]
[matplotlib.org/stable/gallery/style_sheets/grayscale.html]
[matplotlib.org/stable/gallery/style_sheets/petroff10.html]
[matplotlib.org/stable/gallery/style_sheets/plot_solarizedlight2.html]
[matplotlib.org/stable/gallery/style_sheets/style_sheets_reference.html]
[matplotlib.org/stable/gallery/pyplots/index.html]
[matplotlib.org/stable/gallery/pyplots/pyplot_simple.html]
[matplotlib.org/stable/gallery/pyplots/pyplot_text.html]
[matplotlib.org/stable/gallery/pyplots/pyplot_three.html]
[matplotlib.org/stable/gallery/pyplots/pyplot_two_subplots.html]
[matplotlib.org/stable/gallery/axes_grid1/index.html]
[matplotlib.org/stable/gallery/axes_grid1/demo_anchored_direction_arrows.html]
[matplotlib.org/stable/gallery/axes_grid1/demo_axes_divider.html]
[matplotlib.org/stable/gallery/axes_grid1/demo_axes_grid.html]
[matplotlib.org/stable/gallery/axes_grid1/demo_axes_grid2.html]
[matplotlib.org/stable/gallery/axes_grid1/demo_axes_hbox_divider.html]
[matplotlib.org/stable/gallery/axes_grid1/demo_axes_rgb.html]
[matplotlib.org/stable/gallery/axes_grid1/demo_colorbar_with_axes_divider.html]
[matplotlib.org/stable/gallery/axes_grid1/demo_colorbar_with_inset_locator.html]
[matplotlib.org/stable/gallery/axes_grid1/demo_edge_colorbar.html]
[matplotlib.org/stable/gallery/axes_grid1/demo_fixed_size_axes.html]
[matplotlib.org/stable/gallery/axes_grid1/demo_imagegrid_aspect.html]
[matplotlib.org/stable/gallery/axes_grid1/inset_locator_demo.html]
[matplotlib.org/stable/gallery/axes_grid1/inset_locator_demo2.html]
[matplotlib.org/stable/gallery/axes_grid1/make_room_for_ylabel_using_axesgrid.html]
[matplotlib.org/stable/gallery/axes_grid1/parasite_simple.html]
[matplotlib.org/stable/gallery/axes_grid1/parasite_simple2.html]
[matplotlib.org/stable/gallery/axes_grid1/scatter_hist_locatable_axes.html]
[matplotlib.org/stable/gallery/axes_grid1/simple_anchored_artists.html]
[matplotlib.org/stable/gallery/axes_grid1/simple_axes_divider1.html]
[matplotlib.org/stable/gallery/axes_grid1/simple_axes_divider3.html]
[matplotlib.org/stable/gallery/axes_grid1/simple_axesgrid.html]
[matplotlib.org/stable/gallery/axes_grid1/simple_axesgrid2.html]
[matplotlib.org/stable/gallery/axes_grid1/simple_axisline4.html]
[matplotlib.org/stable/gallery/axisartist/index.html]
[matplotlib.org/stable/gallery/axisartist/axis_direction.html]
[matplotlib.org/stable/gallery/axisartist/demo_axis_direction.html]
[matplotlib.org/stable/gallery/axisartist/demo_axisline_style.html]
[matplotlib.org/stable/gallery/axisartist/demo_curvelinear_grid.html]
[matplotlib.org/stable/gallery/axisartist/demo_curvelinear_grid2.html]
[matplotlib.org/stable/gallery/axisartist/demo_floating_axes.html]
[matplotlib.org/stable/gallery/axisartist/demo_floating_axis.html]
[matplotlib.org/stable/gallery/axisartist/demo_parasite_axes.html]
[matplotlib.org/stable/gallery/axisartist/demo_parasite_axes2.html]
[matplotlib.org/stable/gallery/axisartist/demo_ticklabel_alignment.html]
[matplotlib.org/stable/gallery/axisartist/demo_ticklabel_direction.html]
[matplotlib.org/stable/gallery/axisartist/simple_axis_direction01.html]
[matplotlib.org/stable/gallery/axisartist/simple_axis_direction03.html]
[matplotlib.org/stable/gallery/axisartist/simple_axis_pad.html]
[matplotlib.org/stable/gallery/axisartist/simple_axisartist1.html]
[matplotlib.org/stable/gallery/axisartist/simple_axisline.html]
[matplotlib.org/stable/gallery/axisartist/simple_axisline3.html]
[matplotlib.org/stable/gallery/showcase/index.html]
[matplotlib.org/stable/gallery/showcase/anatomy.html]
[matplotlib.org/stable/gallery/showcase/firefox.html]
[matplotlib.org/stable/gallery/showcase/integral.html]
[matplotlib.org/stable/gallery/showcase/mandelbrot.html]
[matplotlib.org/stable/gallery/showcase/pan_zoom_overlap.html]
[matplotlib.org/stable/gallery/showcase/stock_prices.html]
[matplotlib.org/stable/gallery/showcase/xkcd.html]
[matplotlib.org/stable/gallery/animation/index.html]
[matplotlib.org/stable/gallery/animation/animate_decay.html]
[matplotlib.org/stable/gallery/animation/animated_histogram.html]
[matplotlib.org/stable/gallery/animation/animation_demo.html]
[matplotlib.org/stable/gallery/animation/bayes_update.html]
[matplotlib.org/stable/gallery/animation/double_pendulum.html]
[matplotlib.org/stable/gallery/animation/dynamic_image.html]
[matplotlib.org/stable/gallery/animation/multiple_axes.html]
[matplotlib.org/stable/gallery/animation/pause_resume.html]
[matplotlib.org/stable/gallery/animation/rain.html]
[matplotlib.org/stable/gallery/animation/frame_grabbing_sgskip.html]
[matplotlib.org/stable/gallery/animation/random_walk.html]
[matplotlib.org/stable/gallery/animation/simple_anim.html]
[matplotlib.org/stable/gallery/animation/simple_scatter.html]
[matplotlib.org/stable/gallery/animation/strip_chart.html]
[matplotlib.org/stable/gallery/animation/unchained.html]
[matplotlib.org/stable/gallery/event_handling/index.html]
[matplotlib.org/stable/gallery/event_handling/close_event.html]
[matplotlib.org/stable/gallery/event_handling/coords_demo.html]
[matplotlib.org/stable/gallery/event_handling/cursor_demo.html]
[matplotlib.org/stable/gallery/event_handling/data_browser.html]
[matplotlib.org/stable/gallery/event_handling/figure_axes_enter_leave.html]
[matplotlib.org/stable/gallery/event_handling/ginput_manual_clabel_sgskip.html]
[matplotlib.org/stable/gallery/event_handling/image_slices_viewer.html]
[matplotlib.org/stable/gallery/event_handling/keypress_demo.html]
[matplotlib.org/stable/gallery/event_handling/lasso_demo.html]
[matplotlib.org/stable/gallery/event_handling/legend_picking.html]
[matplotlib.org/stable/gallery/event_handling/looking_glass.html]
[matplotlib.org/stable/gallery/event_handling/path_editor.html]
[matplotlib.org/stable/gallery/event_handling/pick_event_demo.html]
[matplotlib.org/stable/gallery/event_handling/pick_event_demo2.html]
[matplotlib.org/stable/gallery/event_handling/poly_editor.html]
[matplotlib.org/stable/gallery/event_handling/pong_sgskip.html]
[matplotlib.org/stable/gallery/event_handling/resample.html]
[matplotlib.org/stable/gallery/event_handling/timers.html]
[matplotlib.org/stable/gallery/event_handling/trifinder_event_demo.html]
[matplotlib.org/stable/gallery/event_handling/viewlims.html]
[matplotlib.org/stable/gallery/event_handling/zoom_window.html]
[matplotlib.org/stable/gallery/misc/index.html]
[matplotlib.org/stable/gallery/misc/anchored_artists.html]
[matplotlib.org/stable/gallery/misc/bbox_intersect.html]
[matplotlib.org/stable/gallery/misc/contour_manual.html]
[matplotlib.org/stable/gallery/misc/coords_report.html]
[matplotlib.org/stable/gallery/misc/custom_projection.html]
[matplotlib.org/stable/gallery/misc/customize_rc.html]
[matplotlib.org/stable/gallery/misc/demo_agg_filter.html]
[matplotlib.org/stable/gallery/misc/demo_ribbon_box.html]
[matplotlib.org/stable/gallery/misc/fig_x.html]
[matplotlib.org/stable/gallery/misc/fill_spiral.html]
[matplotlib.org/stable/gallery/misc/findobj_demo.html]
[matplotlib.org/stable/gallery/misc/font_indexing.html]
[matplotlib.org/stable/gallery/misc/ftface_props.html]
[matplotlib.org/stable/gallery/misc/histogram_path.html]
[matplotlib.org/stable/gallery/misc/hyperlinks_sgskip.html]
[matplotlib.org/stable/gallery/misc/image_thumbnail_sgskip.html]
[matplotlib.org/stable/gallery/misc/keyword_plotting.html]
[matplotlib.org/stable/gallery/misc/logos2.html]
[matplotlib.org/stable/gallery/misc/multipage_pdf.html]
[matplotlib.org/stable/gallery/misc/multiprocess_sgskip.html]
[matplotlib.org/stable/gallery/misc/packed_bubbles.html]
[matplotlib.org/stable/gallery/misc/patheffect_demo.html]
[matplotlib.org/stable/gallery/misc/print_stdout_sgskip.html]
[matplotlib.org/stable/gallery/misc/rasterization_demo.html]
[matplotlib.org/stable/gallery/misc/set_and_get.html]
[matplotlib.org/stable/gallery/misc/svg_filter_line.html]
[matplotlib.org/stable/gallery/misc/svg_filter_pie.html]
[matplotlib.org/stable/gallery/misc/table_demo.html]
[matplotlib.org/stable/gallery/misc/tickedstroke_demo.html]
[matplotlib.org/stable/gallery/misc/transoffset.html]
[matplotlib.org/stable/gallery/misc/zorder_demo.html]
[matplotlib.org/stable/gallery/mplot3d/index.html]
[matplotlib.org/stable/gallery/mplot3d/2dcollections3d.html]
[matplotlib.org/stable/gallery/mplot3d/3d_bars.html]
[matplotlib.org/stable/gallery/mplot3d/axlim_clip.html]
[matplotlib.org/stable/gallery/mplot3d/bars3d.html]
[matplotlib.org/stable/gallery/mplot3d/box3d.html]
[matplotlib.org/stable/gallery/mplot3d/contour3d.html]
[matplotlib.org/stable/gallery/mplot3d/contour3d_2.html]
[matplotlib.org/stable/gallery/mplot3d/contour3d_3.html]
[matplotlib.org/stable/gallery/mplot3d/contourf3d.html]
[matplotlib.org/stable/gallery/mplot3d/contourf3d_2.html]
[matplotlib.org/stable/gallery/mplot3d/custom_shaded_3d_surface.html]
[matplotlib.org/stable/gallery/mplot3d/errorbar3d.html]
[matplotlib.org/stable/gallery/mplot3d/fillbetween3d.html]
[matplotlib.org/stable/gallery/mplot3d/fillunder3d.html]
[matplotlib.org/stable/gallery/mplot3d/hist3d.html]
[matplotlib.org/stable/gallery/mplot3d/imshow3d.html]
[matplotlib.org/stable/gallery/mplot3d/intersecting_planes.html]
[matplotlib.org/stable/gallery/mplot3d/lines3d.html]
[matplotlib.org/stable/gallery/mplot3d/lorenz_attractor.html]
[matplotlib.org/stable/gallery/mplot3d/mixed_subplots.html]
[matplotlib.org/stable/gallery/mplot3d/offset.html]
[matplotlib.org/stable/gallery/mplot3d/pathpatch3d.html]
[matplotlib.org/stable/gallery/mplot3d/polys3d.html]
[matplotlib.org/stable/gallery/mplot3d/projections.html]
[matplotlib.org/stable/gallery/mplot3d/quiver3d.html]
[matplotlib.org/stable/gallery/mplot3d/rotate_axes3d_sgskip.html]
[matplotlib.org/stable/gallery/mplot3d/scatter3d.html]
[matplotlib.org/stable/gallery/mplot3d/stem3d_demo.html]
[matplotlib.org/stable/gallery/mplot3d/subplot3d.html]
[matplotlib.org/stable/gallery/mplot3d/surface3d.html]
[matplotlib.org/stable/gallery/mplot3d/surface3d_2.html]
[matplotlib.org/stable/gallery/mplot3d/surface3d_3.html]
[matplotlib.org/stable/gallery/mplot3d/surface3d_radial.html]
[matplotlib.org/stable/gallery/mplot3d/text3d.html]
[matplotlib.org/stable/gallery/mplot3d/tricontour3d.html]
[matplotlib.org/stable/gallery/mplot3d/tricontourf3d.html]
[matplotlib.org/stable/gallery/mplot3d/trisurf3d.html]
[matplotlib.org/stable/gallery/mplot3d/trisurf3d_2.html]
[matplotlib.org/stable/gallery/mplot3d/view_planes_3d.html]
[matplotlib.org/stable/gallery/mplot3d/voxels.html]
[matplotlib.org/stable/gallery/mplot3d/voxels_numpy_logo.html]
[matplotlib.org/stable/gallery/mplot3d/voxels_rgb.html]
[matplotlib.org/stable/gallery/mplot3d/voxels_torus.html]
[matplotlib.org/stable/gallery/mplot3d/wire3d.html]
[matplotlib.org/stable/gallery/mplot3d/wire3d_animation_sgskip.html]
[matplotlib.org/stable/gallery/mplot3d/wire3d_zero_stride.html]
[matplotlib.org/stable/gallery/scales/index.html]
[matplotlib.org/stable/gallery/scales/scales.html]
[matplotlib.org/stable/gallery/scales/asinh_demo.html]
[matplotlib.org/stable/gallery/scales/aspect_loglog.html]
[matplotlib.org/stable/gallery/scales/custom_scale.html]
[matplotlib.org/stable/gallery/scales/log_demo.html]
[matplotlib.org/stable/gallery/scales/logit_demo.html]
[matplotlib.org/stable/gallery/scales/power_norm.html]
[matplotlib.org/stable/gallery/scales/symlog_demo.html]
[matplotlib.org/stable/gallery/specialty_plots/index.html]
[matplotlib.org/stable/gallery/specialty_plots/advanced_hillshading.html]
[matplotlib.org/stable/gallery/specialty_plots/anscombe.html]
[matplotlib.org/stable/gallery/specialty_plots/hinton_demo.html]
[matplotlib.org/stable/gallery/specialty_plots/ishikawa_diagram.html]
[matplotlib.org/stable/gallery/specialty_plots/leftventricle_bullseye.html]
[matplotlib.org/stable/gallery/specialty_plots/mri_with_eeg.html]
[matplotlib.org/stable/gallery/specialty_plots/radar_chart.html]
[matplotlib.org/stable/gallery/specialty_plots/sankey_basics.html]
[matplotlib.org/stable/gallery/specialty_plots/sankey_links.html]
[matplotlib.org/stable/gallery/specialty_plots/sankey_rankine.html]
[matplotlib.org/stable/gallery/specialty_plots/skewt.html]
[matplotlib.org/stable/gallery/specialty_plots/topographic_hillshading.html]
[matplotlib.org/stable/gallery/spines/index.html]
[matplotlib.org/stable/gallery/spines/spines.html]
[matplotlib.org/stable/gallery/spines/spine_placement_demo.html]
[matplotlib.org/stable/gallery/spines/spines_dropped.html]
[matplotlib.org/stable/gallery/spines/multiple_yaxis_with_spines.html]
[matplotlib.org/stable/gallery/spines/centered_spines_with_arrows.html]
[matplotlib.org/stable/gallery/ticks/index.html]
[matplotlib.org/stable/gallery/ticks/auto_ticks.html]
[matplotlib.org/stable/gallery/ticks/centered_ticklabels.html]
[matplotlib.org/stable/gallery/ticks/colorbar_tick_labelling_demo.html]
[matplotlib.org/stable/gallery/ticks/custom_ticker1.html]
[matplotlib.org/stable/gallery/ticks/date_concise_formatter.html]
[matplotlib.org/stable/gallery/ticks/date_demo_convert.html]
[matplotlib.org/stable/gallery/ticks/date_demo_rrule.html]
[matplotlib.org/stable/gallery/ticks/date_formatters_locators.html]
[matplotlib.org/stable/gallery/ticks/date_index_formatter.html]
[matplotlib.org/stable/gallery/ticks/date_precision_and_epochs.html]
[matplotlib.org/stable/gallery/ticks/dollar_ticks.html]
[matplotlib.org/stable/gallery/ticks/engformatter_offset.html]
[matplotlib.org/stable/gallery/ticks/fig_axes_customize_simple.html]
[matplotlib.org/stable/gallery/ticks/major_minor_demo.html]
[matplotlib.org/stable/gallery/ticks/multilevel_ticks.html]
[matplotlib.org/stable/gallery/ticks/scalarformatter.html]
[matplotlib.org/stable/gallery/ticks/tick-formatters.html]
[matplotlib.org/stable/gallery/ticks/tick-locators.html]
[matplotlib.org/stable/gallery/ticks/tick_label_right.html]
[matplotlib.org/stable/gallery/ticks/tick_labels_from_values.html]
[matplotlib.org/stable/gallery/ticks/tick_xlabel_top.html]
[matplotlib.org/stable/gallery/ticks/ticklabels_rotation.html]
[matplotlib.org/stable/gallery/ticks/ticks_too_many.html]
[matplotlib.org/stable/gallery/units/index.html]
[matplotlib.org/stable/gallery/units/annotate_with_units.html]
[matplotlib.org/stable/gallery/units/artist_tests.html]
[matplotlib.org/stable/gallery/units/bar_demo2.html]
[matplotlib.org/stable/gallery/units/bar_unit_demo.html]
[matplotlib.org/stable/gallery/units/ellipse_with_units.html]
[matplotlib.org/stable/gallery/units/basic_units.html]
[matplotlib.org/stable/gallery/units/evans_test.html]
[matplotlib.org/stable/gallery/units/radian_demo.html]
[matplotlib.org/stable/gallery/units/units_sample.html]
[matplotlib.org/stable/gallery/units/units_scatter.html]
[matplotlib.org/stable/gallery/user_interfaces/canvasagg.html]
[matplotlib.org/stable/gallery/user_interfaces/index.html]
[matplotlib.org/stable/gallery/user_interfaces/embedding_in_gtk3_panzoom_sgskip.html]
[matplotlib.org/stable/gallery/user_interfaces/embedding_in_gtk3_sgskip.html]
[matplotlib.org/stable/gallery/user_interfaces/embedding_in_gtk4_panzoom_sgskip.html]
[matplotlib.org/stable/gallery/user_interfaces/embedding_in_gtk4_sgskip.html]
[matplotlib.org/stable/gallery/user_interfaces/embedding_in_qt_sgskip.html]
[matplotlib.org/stable/gallery/user_interfaces/embedding_in_tk_sgskip.html]
[matplotlib.org/stable/gallery/user_interfaces/embedding_in_wx2_sgskip.html]
[matplotlib.org/stable/gallery/user_interfaces/embedding_in_wx3_sgskip.html]
[matplotlib.org/stable/gallery/user_interfaces/embedding_in_wx4_sgskip.html]
[matplotlib.org/stable/gallery/user_interfaces/embedding_in_wx5_sgskip.html]
[matplotlib.org/stable/gallery/user_interfaces/embedding_webagg_sgskip.html]
[matplotlib.org/stable/gallery/user_interfaces/fourier_demo_wx_sgskip.html]
[matplotlib.org/stable/gallery/user_interfaces/gtk3_spreadsheet_sgskip.html]
[matplotlib.org/stable/gallery/user_interfaces/gtk4_spreadsheet_sgskip.html]
[matplotlib.org/stable/gallery/user_interfaces/mathtext_wx_sgskip.html]
[matplotlib.org/stable/gallery/user_interfaces/mpl_with_glade3_sgskip.html]
[matplotlib.org/stable/gallery/user_interfaces/mplcvd.html]
[matplotlib.org/stable/gallery/user_interfaces/pylab_with_gtk3_sgskip.html]
[matplotlib.org/stable/gallery/user_interfaces/pylab_with_gtk4_sgskip.html]
[matplotlib.org/stable/gallery/user_interfaces/svg_histogram_sgskip.html]
[matplotlib.org/stable/gallery/user_interfaces/svg_tooltip_sgskip.html]
[matplotlib.org/stable/gallery/user_interfaces/toolmanager_sgskip.html]
[matplotlib.org/stable/gallery/user_interfaces/web_application_server_sgskip.html]
[matplotlib.org/stable/gallery/user_interfaces/wxcursor_demo_sgskip.html]
[matplotlib.org/stable/gallery/widgets/index.html]
[matplotlib.org/stable/gallery/widgets/annotated_cursor.html]
[matplotlib.org/stable/gallery/widgets/buttons.html]
[matplotlib.org/stable/gallery/widgets/cursor.html]
[matplotlib.org/stable/gallery/widgets/lasso_selector_demo_sgskip.html]
[matplotlib.org/stable/gallery/widgets/menu.html]
[matplotlib.org/stable/gallery/widgets/check_buttons.html]
[matplotlib.org/stable/gallery/widgets/mouse_cursor.html]
[matplotlib.org/stable/gallery/widgets/polygon_selector_demo.html]
[matplotlib.org/stable/gallery/widgets/multicursor.html]
[matplotlib.org/stable/gallery/widgets/polygon_selector_simple.html]
[matplotlib.org/stable/gallery/widgets/range_slider.html]
[matplotlib.org/stable/gallery/widgets/radio_buttons.html]
[matplotlib.org/stable/gallery/widgets/rectangle_selector.html]
[matplotlib.org/stable/gallery/widgets/slider_snap_demo.html]
[matplotlib.org/stable/gallery/widgets/slider_demo.html]
[matplotlib.org/stable/gallery/widgets/span_selector.html]
[matplotlib.org/stable/gallery/widgets/textbox.html]
[matplotlib.org/stable/gallery/userdemo/index.html]
[matplotlib.org/stable/gallery/userdemo/demo_gridspec06.html]
[matplotlib.org/stable/gallery/userdemo/simple_legend01.html]
[matplotlib.org/stable/gallery/userdemo/simple_legend02.html]
[matplotlib.org/stable/_tags/tagsindex.html]
[matplotlib.org/stable/_images/sphx_glr_axline_thumb.png]
[matplotlib.org/stable/_images/sphx_glr_bar_colors_thumb.png]
[matplotlib.org/stable/_images/sphx_glr_bar_label_demo_thumb.png]
[matplotlib.org/stable/_images/sphx_glr_bar_stacked_thumb.png]
[matplotlib.org/stable/_images/sphx_glr_barchart_thumb.png]
[matplotlib.org/stable/_images/sphx_glr_barh_thumb.png]
[matplotlib.org/stable/_images/sphx_glr_broken_barh_thumb.png]
[matplotlib.org/stable/_images/sphx_glr_capstyle_thumb.png]
[matplotlib.org/stable/_images/sphx_glr_categorical_variables_thumb.png]
[matplotlib.org/stable/_images/sphx_glr_cohere_thumb.png]
[matplotlib.org/stable/_images/sphx_glr_csd_demo_thumb.png]
[matplotlib.org/stable/_images/sphx_glr_curve_error_band_thumb.png]
[matplotlib.org/stable/_images/sphx_glr_errorbar_limits_simple_thumb.png]
[matplotlib.org/stable/_images/sphx_glr_errorbar_subsample_thumb.png]
[matplotlib.org/stable/_images/sphx_glr_eventcollection_demo_thumb.png]
[matplotlib.org/stable/_images/sphx_glr_eventplot_demo_thumb.png]
[matplotlib.org/stable/_images/sphx_glr_fill_thumb.png]
[matplotlib.org/stable/_images/sphx_glr_fill_between_alpha_thumb.png]
[matplotlib.org/stable/_images/sphx_glr_fill_between_demo_thumb.png]
[matplotlib.org/stable/_images/sphx_glr_fill_betweenx_demo_thumb.png]
[matplotlib.org/stable/_images/sphx_glr_gradient_bar_thumb.png]
[matplotlib.org/stable/_images/sphx_glr_hat_graph_thumb.png]
[matplotlib.org/stable/_images/sphx_glr_horizontal_barchart_distribution_thumb.png]
[matplotlib.org/stable/_images/sphx_glr_joinstyle_thumb.png]
[matplotlib.org/stable/_images/sphx_glr_line_demo_dash_control_thumb.png]
[matplotlib.org/stable/_images/sphx_glr_lines_with_ticks_demo_thumb.png]
[matplotlib.org/stable/_images/sphx_glr_linestyles_thumb.png]
[matplotlib.org/stable/_images/sphx_glr_marker_reference_thumb.png]
[matplotlib.org/stable/_images/sphx_glr_markevery_demo_thumb.png]
[matplotlib.org/stable/_images/sphx_glr_masked_demo_thumb.png]
[matplotlib.org/stable/_images/sphx_glr_multicolored_line_thumb.png]
[matplotlib.org/stable/_images/sphx_glr_multivariate_marker_plot_thumb.png]
[matplotlib.org/stable/_images/sphx_glr_psd_demo_thumb.png]
[matplotlib.org/stable/_images/sphx_glr_scatter_demo2_thumb.png]
[matplotlib.org/stable/_images/sphx_glr_scatter_hist_thumb.png]
[matplotlib.org/stable/_images/sphx_glr_scatter_masked_thumb.png]
[matplotlib.org/stable/_images/sphx_glr_scatter_star_poly_thumb.png]
[matplotlib.org/stable/_images/sphx_glr_scatter_with_legend_thumb.png]
[matplotlib.org/stable/_images/sphx_glr_simple_plot_thumb.png]
[matplotlib.org/stable/_images/sphx_glr_span_regions_thumb.png]
[matplotlib.org/stable/_images/sphx_glr_spectrum_demo_thumb.png]
[matplotlib.org/stable/_images/sphx_glr_stackplot_demo_thumb.png]
[matplotlib.org/stable/_images/sphx_glr_stairs_demo_thumb.png]
[matplotlib.org/stable/_images/sphx_glr_stem_plot_thumb.png]
[matplotlib.org/stable/_images/sphx_glr_step_demo_thumb.png]
[matplotlib.org/stable/_images/sphx_glr_timeline_thumb.png]
[matplotlib.org/stable/_images/sphx_glr_vline_hline_demo_thumb.png]
[matplotlib.org/stable/_images/sphx_glr_xcorr_acorr_demo_thumb.png]
[matplotlib.org/stable/_images/sphx_glr_affine_image_thumb.png]
[matplotlib.org/stable/_images/sphx_glr_barb_demo_thumb.png]
[matplotlib.org/stable/_images/sphx_glr_barcode_demo_thumb.png]
[matplotlib.org/stable/_images/sphx_glr_colormap_interactive_adjustment_thumb.png]
[matplotlib.org/stable/_images/sphx_glr_colormap_normalizations_thumb.png]
[matplotlib.org/stable/_images/sphx_glr_colormap_normalizations_symlognorm_thumb.png]
[matplotlib.org/stable/_images/sphx_glr_contour_corner_mask_thumb.png]
[matplotlib.org/stable/_images/sphx_glr_contour_demo_thumb.png]
[matplotlib.org/stable/_images/sphx_glr_contour_image_thumb.png]
[matplotlib.org/stable/_images/sphx_glr_contour_label_demo_thumb.png]
[matplotlib.org/stable/_images/sphx_glr_contourf_demo_thumb.png]
[matplotlib.org/stable/_images/sphx_glr_contourf_hatching_thumb.png]
[matplotlib.org/stable/_images/sphx_glr_contourf_log_thumb.png]
[matplotlib.org/stable/_images/sphx_glr_contours_in_optimization_demo_thumb.png]
[matplotlib.org/stable/_images/sphx_glr_demo_bboximage_thumb.png]
[matplotlib.org/stable/_images/sphx_glr_figimage_demo_thumb.png]
[matplotlib.org/stable/_images/sphx_glr_image_annotated_heatmap_thumb.png]
[matplotlib.org/stable/_images/sphx_glr_image_antialiasing_thumb.png]
[matplotlib.org/stable/_images/sphx_glr_image_clip_path_thumb.png]
[matplotlib.org/stable/_images/sphx_glr_image_demo_thumb.png]
[matplotlib.org/stable/_images/sphx_glr_image_masked_thumb.png]
[matplotlib.org/stable/_images/sphx_glr_image_nonuniform_thumb.png]
[matplotlib.org/stable/_images/sphx_glr_image_transparency_blend_thumb.png]
[matplotlib.org/stable/_images/sphx_glr_image_zcoord_thumb.png]
[matplotlib.org/stable/_images/sphx_glr_interpolation_methods_thumb.png]
[matplotlib.org/stable/_images/sphx_glr_irregulardatagrid_thumb.png]
[matplotlib.org/stable/_images/sphx_glr_layer_images_thumb.png]
[matplotlib.org/stable/_images/sphx_glr_matshow_thumb.png]
[matplotlib.org/stable/_images/sphx_glr_multi_image_thumb.png]
[matplotlib.org/stable/_images/sphx_glr_pcolor_demo_thumb.png]
[matplotlib.org/stable/_images/sphx_glr_pcolormesh_grids_thumb.png]
[matplotlib.org/stable/_images/sphx_glr_pcolormesh_levels_thumb.png]
[matplotlib.org/stable/_images/sphx_glr_plot_streamplot_thumb.png]
[matplotlib.org/stable/_images/sphx_glr_quadmesh_demo_thumb.png]
[matplotlib.org/stable/_images/sphx_glr_quiver_demo_thumb.png]
[matplotlib.org/stable/_images/sphx_glr_quiver_simple_demo_thumb.png]
[matplotlib.org/stable/_images/sphx_glr_shading_example_thumb.png]
[matplotlib.org/stable/_images/sphx_glr_specgram_demo_thumb.png]
[matplotlib.org/stable/_images/sphx_glr_spy_demos_thumb.png]
[matplotlib.org/stable/_images/sphx_glr_tricontour_demo_thumb.png]
[matplotlib.org/stable/_images/sphx_glr_tricontour_smooth_delaunay_thumb.png]
[matplotlib.org/stable/_images/sphx_glr_tricontour_smooth_user_thumb.png]
[matplotlib.org/stable/_images/sphx_glr_trigradient_demo_thumb.png]
[matplotlib.org/stable/_images/sphx_glr_triinterp_demo_thumb.png]
[matplotlib.org/stable/_images/sphx_glr_tripcolor_demo_thumb.png]
[matplotlib.org/stable/_images/sphx_glr_triplot_demo_thumb.png]
[matplotlib.org/stable/_images/sphx_glr_watermark_image_thumb.png]
[matplotlib.org/stable/_images/sphx_glr_align_labels_demo_thumb.png]
[matplotlib.org/stable/_images/sphx_glr_auto_subplots_adjust_thumb.png]
[matplotlib.org/stable/_images/sphx_glr_axes_box_aspect_thumb.png]
[matplotlib.org/stable/_images/sphx_glr_axes_demo_thumb.png]
[matplotlib.org/stable/_images/sphx_glr_axes_margins_thumb.png]
[matplotlib.org/stable/_images/sphx_glr_axes_props_thumb.png]
[matplotlib.org/stable/_images/sphx_glr_axes_zoom_effect_thumb.png]
[matplotlib.org/stable/_images/sphx_glr_axhspan_demo_thumb.png]
[matplotlib.org/stable/_images/sphx_glr_axis_equal_demo_thumb.png]
[matplotlib.org/stable/_images/sphx_glr_axis_labels_demo_thumb.png]
[matplotlib.org/stable/_images/sphx_glr_broken_axis_thumb.png]
[matplotlib.org/stable/_images/sphx_glr_custom_figure_class_thumb.png]
[matplotlib.org/stable/_images/sphx_glr_demo_constrained_layout_thumb.png]
[matplotlib.org/stable/_images/sphx_glr_demo_tight_layout_thumb.png]
[matplotlib.org/stable/_images/sphx_glr_fahrenheit_celsius_scales_thumb.png]
[matplotlib.org/stable/_images/sphx_glr_figure_size_units_thumb.png]
[matplotlib.org/stable/_images/sphx_glr_figure_title_thumb.png]
[matplotlib.org/stable/_images/sphx_glr_ganged_plots_thumb.png]
[matplotlib.org/stable/_images/sphx_glr_geo_demo_thumb.png]
[matplotlib.org/stable/_images/sphx_glr_gridspec_and_subplots_thumb.png]
[matplotlib.org/stable/_images/sphx_glr_gridspec_customization_thumb.png]
[matplotlib.org/stable/_images/sphx_glr_gridspec_multicolumn_thumb.png]
[matplotlib.org/stable/_images/sphx_glr_gridspec_nested_thumb.png]
[matplotlib.org/stable/_images/sphx_glr_invert_axes_thumb.png]
[matplotlib.org/stable/_images/sphx_glr_multiple_figs_demo_thumb.png]
[matplotlib.org/stable/_images/sphx_glr_secondary_axis_thumb.png]
[matplotlib.org/stable/_images/sphx_glr_share_axis_lims_views_thumb.png]
[matplotlib.org/stable/_images/sphx_glr_shared_axis_demo_thumb.png]
[matplotlib.org/stable/_images/sphx_glr_subfigures_thumb.png]
[matplotlib.org/stable/_images/sphx_glr_subplot_thumb.png]
[matplotlib.org/stable/_images/sphx_glr_subplot2grid_thumb.png]
[matplotlib.org/stable/_images/sphx_glr_subplots_adjust_thumb.png]
[matplotlib.org/stable/_images/sphx_glr_subplots_demo_thumb.png]
[matplotlib.org/stable/_images/sphx_glr_two_scales_thumb.png]
[matplotlib.org/stable/_images/sphx_glr_zoom_inset_axes_thumb.png]
[matplotlib.org/stable/_images/sphx_glr_boxplot_thumb.png]
[matplotlib.org/stable/_images/sphx_glr_boxplot_color_thumb.png]
[matplotlib.org/stable/_images/sphx_glr_boxplot_demo_thumb.png]
[matplotlib.org/stable/_images/sphx_glr_boxplot_vs_violin_thumb.png]
[matplotlib.org/stable/_images/sphx_glr_bxp_thumb.png]
[matplotlib.org/stable/_images/sphx_glr_confidence_ellipse_thumb.png]
[matplotlib.org/stable/_images/sphx_glr_customized_violin_thumb.png]
[matplotlib.org/stable/_images/sphx_glr_errorbar_thumb.png]
[matplotlib.org/stable/_images/sphx_glr_errorbar_features_thumb.png]
[matplotlib.org/stable/_images/sphx_glr_errorbar_limits_thumb.png]
[matplotlib.org/stable/_images/sphx_glr_errorbars_and_boxes_thumb.png]
[matplotlib.org/stable/_images/sphx_glr_hexbin_demo_thumb.png]
[matplotlib.org/stable/_images/sphx_glr_hist_thumb.png]
[matplotlib.org/stable/_images/sphx_glr_histogram_bihistogram_thumb.png]
[matplotlib.org/stable/_images/sphx_glr_histogram_cumulative_thumb.png]
[matplotlib.org/stable/_images/sphx_glr_histogram_histtypes_thumb.png]
[matplotlib.org/stable/_images/sphx_glr_histogram_multihist_thumb.png]
[matplotlib.org/stable/_images/sphx_glr_histogram_normalization_thumb.png]
[matplotlib.org/stable/_images/sphx_glr_multiple_histograms_side_by_side_thumb.png]
[matplotlib.org/stable/_images/sphx_glr_time_series_histogram_thumb.png]
[matplotlib.org/stable/_images/sphx_glr_violinplot_thumb.png]
[matplotlib.org/stable/_images/sphx_glr_pie_features_thumb.png]
[matplotlib.org/stable/_images/sphx_glr_bar_of_pie_thumb.png]
[matplotlib.org/stable/_images/sphx_glr_nested_pie_thumb.png]
[matplotlib.org/stable/_images/sphx_glr_pie_and_donut_labels_thumb.png]
[matplotlib.org/stable/_images/sphx_glr_polar_bar_thumb.png]
[matplotlib.org/stable/_images/sphx_glr_polar_demo_thumb.png]
[matplotlib.org/stable/_images/sphx_glr_polar_error_caps_thumb.png]
[matplotlib.org/stable/_images/sphx_glr_polar_legend_thumb.png]
[matplotlib.org/stable/_images/sphx_glr_polar_scatter_thumb.png]
[matplotlib.org/stable/_images/sphx_glr_accented_text_thumb.png]
[matplotlib.org/stable/_images/sphx_glr_align_ylabels_thumb.png]
[matplotlib.org/stable/_images/sphx_glr_angle_annotation_thumb.png]
[matplotlib.org/stable/_images/sphx_glr_angles_on_bracket_arrows_thumb.png]
[matplotlib.org/stable/_images/sphx_glr_annotate_transform_thumb.png]
[matplotlib.org/stable/_images/sphx_glr_annotation_basic_thumb.png]
[matplotlib.org/stable/_images/sphx_glr_annotation_demo_thumb.png]
[matplotlib.org/stable/_images/sphx_glr_annotation_polar_thumb.png]
[matplotlib.org/stable/_images/sphx_glr_arrow_demo_thumb.png]
[matplotlib.org/stable/_images/sphx_glr_autowrap_thumb.png]
[matplotlib.org/stable/_images/sphx_glr_custom_legends_thumb.png]
[matplotlib.org/stable/_images/sphx_glr_date_thumb.png]
[matplotlib.org/stable/_images/sphx_glr_demo_annotation_box_thumb.png]
[matplotlib.org/stable/_images/sphx_glr_demo_text_path_thumb.png]
[matplotlib.org/stable/_images/sphx_glr_demo_text_rotation_mode_thumb.png]
[matplotlib.org/stable/_images/sphx_glr_dfrac_demo_thumb.png]
[matplotlib.org/stable/_images/sphx_glr_engineering_formatter_thumb.png]
[matplotlib.org/stable/_images/sphx_glr_fancyarrow_demo_thumb.png]
[matplotlib.org/stable/_images/sphx_glr_fancytextbox_demo_thumb.png]
[matplotlib.org/stable/_images/sphx_glr_figlegend_demo_thumb.png]
[matplotlib.org/stable/_images/sphx_glr_font_family_rc_thumb.png]
[matplotlib.org/stable/_images/sphx_glr_font_file_thumb.png]
[matplotlib.org/stable/_images/sphx_glr_font_table_thumb.png]
[matplotlib.org/stable/_images/sphx_glr_fonts_demo_thumb.png]
[matplotlib.org/stable/_images/sphx_glr_fonts_demo_kw_thumb.png]
[matplotlib.org/stable/_images/sphx_glr_label_subplots_thumb.png]
[matplotlib.org/stable/_images/sphx_glr_legend_thumb.png]
[matplotlib.org/stable/_images/sphx_glr_legend_demo_thumb.png]
[matplotlib.org/stable/_images/sphx_glr_line_with_text_thumb.png]
[matplotlib.org/stable/_images/sphx_glr_mathtext_asarray_thumb.png]
[matplotlib.org/stable/_images/sphx_glr_mathtext_demo_thumb.png]
[matplotlib.org/stable/_images/sphx_glr_mathtext_examples_thumb.png]
[matplotlib.org/stable/_images/sphx_glr_mathtext_fontfamily_example_thumb.png]
[matplotlib.org/stable/_images/sphx_glr_multiline_thumb.png]
[matplotlib.org/stable/_images/sphx_glr_placing_text_boxes_thumb.png]
[matplotlib.org/stable/_images/sphx_glr_rainbow_text_thumb.png]
[matplotlib.org/stable/_images/sphx_glr_stix_fonts_demo_thumb.png]
[matplotlib.org/stable/_images/sphx_glr_tex_demo_thumb.png]
[matplotlib.org/stable/_images/sphx_glr_text_alignment_thumb.png]
[matplotlib.org/stable/_images/sphx_glr_text_commands_thumb.png]
[matplotlib.org/stable/_images/sphx_glr_text_fontdict_thumb.png]
[matplotlib.org/stable/_images/sphx_glr_text_rotation_relative_to_line_thumb.png]
[matplotlib.org/stable/_images/sphx_glr_titles_demo_thumb.png]
[matplotlib.org/stable/_images/sphx_glr_unicode_minus_thumb.png]
[matplotlib.org/stable/_images/sphx_glr_usetex_baseline_test_thumb.png]
[matplotlib.org/stable/_images/sphx_glr_usetex_fonteffects_thumb.png]
[matplotlib.org/stable/_images/sphx_glr_watermark_text_thumb.png]
[matplotlib.org/stable/_images/sphx_glr_color_demo_thumb.png]
[matplotlib.org/stable/_images/sphx_glr_color_by_yvalue_thumb.png]
[matplotlib.org/stable/_images/sphx_glr_color_cycle_default_thumb.png]
[matplotlib.org/stable/_images/sphx_glr_color_sequences_thumb.png]
[matplotlib.org/stable/_images/sphx_glr_colorbar_basics_thumb.png]
[matplotlib.org/stable/_images/sphx_glr_colormap_reference_thumb.png]
[matplotlib.org/stable/_images/sphx_glr_custom_cmap_thumb.png]
[matplotlib.org/stable/_images/sphx_glr_individual_colors_from_cmap_thumb.png]
[matplotlib.org/stable/_images/sphx_glr_named_colors_thumb.png]
[matplotlib.org/stable/_images/sphx_glr_set_alpha_thumb.png]
[matplotlib.org/stable/_images/sphx_glr_arrow_guide_thumb.png]
[matplotlib.org/stable/_images/sphx_glr_artist_reference_thumb.png]
[matplotlib.org/stable/_images/sphx_glr_collections_thumb.png]
[matplotlib.org/stable/_images/sphx_glr_compound_path_thumb.png]
[matplotlib.org/stable/_images/sphx_glr_dolphin_thumb.png]
[matplotlib.org/stable/_images/sphx_glr_donut_thumb.png]
[matplotlib.org/stable/_images/sphx_glr_ellipse_arrow_thumb.png]
[matplotlib.org/stable/_images/sphx_glr_ellipse_collection_thumb.png]
[matplotlib.org/stable/_images/sphx_glr_ellipse_demo_thumb.png]
[matplotlib.org/stable/_images/sphx_glr_fancybox_demo_thumb.png]
[matplotlib.org/stable/_images/sphx_glr_hatch_demo_thumb.png]
[matplotlib.org/stable/_images/sphx_glr_hatch_style_reference_thumb.png]
[matplotlib.org/stable/_images/sphx_glr_line_collection_thumb.png]
[matplotlib.org/stable/_images/sphx_glr_patch_collection_thumb.png]
[matplotlib.org/stable/_images/sphx_glr_path_patch_thumb.png]
[matplotlib.org/stable/_images/sphx_glr_quad_bezier_thumb.png]
[matplotlib.org/stable/_images/sphx_glr_scatter_thumb.png]
[matplotlib.org/stable/_images/sphx_glr_bmh_thumb.png]
[matplotlib.org/stable/_images/sphx_glr_dark_background_thumb.png]
[matplotlib.org/stable/_images/sphx_glr_fivethirtyeight_thumb.png]
[matplotlib.org/stable/_images/sphx_glr_ggplot_thumb.png]
[matplotlib.org/stable/_images/sphx_glr_grayscale_thumb.png]
[matplotlib.org/stable/_images/sphx_glr_petroff10_thumb.png]
[matplotlib.org/stable/_images/sphx_glr_plot_solarizedlight2_thumb.png]
[matplotlib.org/stable/_images/sphx_glr_style_sheets_reference_thumb.png]
[matplotlib.org/stable/_images/sphx_glr_pyplot_simple_thumb.png]
[matplotlib.org/stable/_images/sphx_glr_pyplot_text_thumb.png]
[matplotlib.org/stable/_images/sphx_glr_pyplot_three_thumb.png]
[matplotlib.org/stable/_images/sphx_glr_pyplot_two_subplots_thumb.png]
[matplotlib.org/stable/_images/sphx_glr_demo_anchored_direction_arrows_thumb.png]
[matplotlib.org/stable/_images/sphx_glr_demo_axes_divider_thumb.png]
[matplotlib.org/stable/_images/sphx_glr_demo_axes_grid_thumb.png]
[matplotlib.org/stable/_images/sphx_glr_demo_axes_grid2_thumb.png]
[matplotlib.org/stable/_images/sphx_glr_demo_axes_hbox_divider_thumb.png]
[matplotlib.org/stable/_images/sphx_glr_demo_axes_rgb_thumb.png]
[matplotlib.org/stable/_images/sphx_glr_demo_colorbar_with_axes_divider_thumb.png]
[matplotlib.org/stable/_images/sphx_glr_demo_colorbar_with_inset_locator_thumb.png]
[matplotlib.org/stable/_images/sphx_glr_demo_edge_colorbar_thumb.png]
[matplotlib.org/stable/_images/sphx_glr_demo_fixed_size_axes_thumb.png]
[matplotlib.org/stable/_images/sphx_glr_demo_imagegrid_aspect_thumb.png]
[matplotlib.org/stable/_images/sphx_glr_inset_locator_demo_thumb.png]
[matplotlib.org/stable/_images/sphx_glr_inset_locator_demo2_thumb.png]
[matplotlib.org/stable/_images/sphx_glr_make_room_for_ylabel_using_axesgrid_thumb.png]
[matplotlib.org/stable/_images/sphx_glr_parasite_simple_thumb.png]
[matplotlib.org/stable/_images/sphx_glr_parasite_simple2_thumb.png]
[matplotlib.org/stable/_images/sphx_glr_scatter_hist_locatable_axes_thumb.png]
[matplotlib.org/stable/_images/sphx_glr_simple_anchored_artists_thumb.png]
[matplotlib.org/stable/_images/sphx_glr_simple_axes_divider1_thumb.png]
[matplotlib.org/stable/_images/sphx_glr_simple_axes_divider3_thumb.png]
[matplotlib.org/stable/_images/sphx_glr_simple_axesgrid_thumb.png]
[matplotlib.org/stable/_images/sphx_glr_simple_axesgrid2_thumb.png]
[matplotlib.org/stable/_images/sphx_glr_simple_axisline4_thumb.png]
[matplotlib.org/stable/_images/sphx_glr_axis_direction_thumb.png]
[matplotlib.org/stable/_images/sphx_glr_demo_axis_direction_thumb.png]
[matplotlib.org/stable/_images/sphx_glr_demo_axisline_style_thumb.png]
[matplotlib.org/stable/_images/sphx_glr_demo_curvelinear_grid_thumb.png]
[matplotlib.org/stable/_images/sphx_glr_demo_curvelinear_grid2_thumb.png]
[matplotlib.org/stable/_images/sphx_glr_demo_floating_axes_thumb.png]
[matplotlib.org/stable/_images/sphx_glr_demo_floating_axis_thumb.png]
[matplotlib.org/stable/_images/sphx_glr_demo_parasite_axes_thumb.png]
[matplotlib.org/stable/_images/sphx_glr_demo_parasite_axes2_thumb.png]
[matplotlib.org/stable/_images/sphx_glr_demo_ticklabel_alignment_thumb.png]
[matplotlib.org/stable/_images/sphx_glr_demo_ticklabel_direction_thumb.png]
[matplotlib.org/stable/_images/sphx_glr_simple_axis_direction01_thumb.png]
[matplotlib.org/stable/_images/sphx_glr_simple_axis_direction03_thumb.png]
[matplotlib.org/stable/_images/sphx_glr_simple_axis_pad_thumb.png]
[matplotlib.org/stable/_images/sphx_glr_simple_axisartist1_thumb.png]
[matplotlib.org/stable/_images/sphx_glr_simple_axisline_thumb.png]
[matplotlib.org/stable/_images/sphx_glr_simple_axisline3_thumb.png]
[matplotlib.org/stable/_images/sphx_glr_anatomy_thumb.png]
[matplotlib.org/stable/_images/sphx_glr_firefox_thumb.png]
[matplotlib.org/stable/_images/sphx_glr_integral_thumb.png]
[matplotlib.org/stable/_images/sphx_glr_mandelbrot_thumb.png]
[matplotlib.org/stable/_images/sphx_glr_pan_zoom_overlap_thumb.png]
[matplotlib.org/stable/_images/sphx_glr_stock_prices_thumb.png]
[matplotlib.org/stable/_images/sphx_glr_xkcd_thumb.png]
[matplotlib.org/stable/_images/sphx_glr_animate_decay_thumb.gif]
[matplotlib.org/stable/_images/sphx_glr_animated_histogram_thumb.gif]
[matplotlib.org/stable/_images/sphx_glr_animation_demo_thumb.png]
[matplotlib.org/stable/_images/sphx_glr_bayes_update_thumb.gif]
[matplotlib.org/stable/_images/sphx_glr_double_pendulum_thumb.gif]
[matplotlib.org/stable/_images/sphx_glr_dynamic_image_thumb.gif]
[matplotlib.org/stable/_images/sphx_glr_frame_grabbing_sgskip_thumb.png]
[matplotlib.org/stable/_images/sphx_glr_multiple_axes_thumb.gif]
[matplotlib.org/stable/_images/sphx_glr_pause_resume_thumb.png]
[matplotlib.org/stable/_images/sphx_glr_rain_thumb.gif]
[matplotlib.org/stable/_images/sphx_glr_random_walk_thumb.gif]
[matplotlib.org/stable/_images/sphx_glr_simple_anim_thumb.gif]
[matplotlib.org/stable/_images/sphx_glr_simple_scatter_thumb.gif]
[matplotlib.org/stable/_images/sphx_glr_strip_chart_thumb.gif]
[matplotlib.org/stable/_images/sphx_glr_unchained_thumb.gif]
[matplotlib.org/stable/_images/sphx_glr_close_event_thumb.png]
[matplotlib.org/stable/_images/sphx_glr_coords_demo_thumb.png]
[matplotlib.org/stable/_images/sphx_glr_cursor_demo_thumb.png]
[matplotlib.org/stable/_images/sphx_glr_data_browser_thumb.png]
[matplotlib.org/stable/_images/sphx_glr_figure_axes_enter_leave_thumb.png]
[matplotlib.org/stable/_images/sphx_glr_ginput_manual_clabel_sgskip_thumb.png]
[matplotlib.org/stable/_images/sphx_glr_image_slices_viewer_thumb.png]
[matplotlib.org/stable/_images/sphx_glr_keypress_demo_thumb.png]
[matplotlib.org/stable/_images/sphx_glr_lasso_demo_thumb.png]
[matplotlib.org/stable/_images/sphx_glr_legend_picking_thumb.png]
[matplotlib.org/stable/_images/sphx_glr_looking_glass_thumb.png]
[matplotlib.org/stable/_images/sphx_glr_path_editor_thumb.png]
[matplotlib.org/stable/_images/sphx_glr_pick_event_demo_thumb.png]
[matplotlib.org/stable/_images/sphx_glr_pick_event_demo2_thumb.png]
[matplotlib.org/stable/_images/sphx_glr_poly_editor_thumb.png]
[matplotlib.org/stable/_images/sphx_glr_pong_sgskip_thumb.png]
[matplotlib.org/stable/_images/sphx_glr_resample_thumb.png]
[matplotlib.org/stable/_images/sphx_glr_timers_thumb.png]
[matplotlib.org/stable/_images/sphx_glr_trifinder_event_demo_thumb.png]
[matplotlib.org/stable/_images/sphx_glr_viewlims_thumb.png]
[matplotlib.org/stable/_images/sphx_glr_zoom_window_thumb.png]
[matplotlib.org/stable/_images/sphx_glr_anchored_artists_thumb.png]
[matplotlib.org/stable/_images/sphx_glr_bbox_intersect_thumb.png]
[matplotlib.org/stable/_images/sphx_glr_contour_manual_thumb.png]
[matplotlib.org/stable/_images/sphx_glr_coords_report_thumb.png]
[matplotlib.org/stable/_images/sphx_glr_custom_projection_thumb.png]
[matplotlib.org/stable/_images/sphx_glr_customize_rc_thumb.png]
[matplotlib.org/stable/_images/sphx_glr_demo_agg_filter_thumb.png]
[matplotlib.org/stable/_images/sphx_glr_demo_ribbon_box_thumb.png]
[matplotlib.org/stable/_images/sphx_glr_fig_x_thumb.png]
[matplotlib.org/stable/_images/sphx_glr_fill_spiral_thumb.png]
[matplotlib.org/stable/_images/sphx_glr_findobj_demo_thumb.png]
[matplotlib.org/stable/_images/sphx_glr_font_indexing_thumb.png]
[matplotlib.org/stable/_images/sphx_glr_ftface_props_thumb.png]
[matplotlib.org/stable/_images/sphx_glr_histogram_path_thumb.png]
[matplotlib.org/stable/_images/sphx_glr_hyperlinks_sgskip_thumb.png]
[matplotlib.org/stable/_images/sphx_glr_image_thumbnail_sgskip_thumb.png]
[matplotlib.org/stable/_images/sphx_glr_keyword_plotting_thumb.png]
[matplotlib.org/stable/_images/sphx_glr_logos2_thumb.png]
[matplotlib.org/stable/_images/sphx_glr_multipage_pdf_thumb.png]
[matplotlib.org/stable/_images/sphx_glr_multiprocess_sgskip_thumb.png]
[matplotlib.org/stable/_images/sphx_glr_packed_bubbles_thumb.png]
[matplotlib.org/stable/_images/sphx_glr_patheffect_demo_thumb.png]
[matplotlib.org/stable/_images/sphx_glr_print_stdout_sgskip_thumb.png]
[matplotlib.org/stable/_images/sphx_glr_rasterization_demo_thumb.png]
[matplotlib.org/stable/_images/sphx_glr_set_and_get_thumb.png]
[matplotlib.org/stable/_images/sphx_glr_svg_filter_line_thumb.png]
[matplotlib.org/stable/_images/sphx_glr_svg_filter_pie_thumb.png]
[matplotlib.org/stable/_images/sphx_glr_table_demo_thumb.png]
[matplotlib.org/stable/_images/sphx_glr_tickedstroke_demo_thumb.png]
[matplotlib.org/stable/_images/sphx_glr_transoffset_thumb.png]
[matplotlib.org/stable/_images/sphx_glr_zorder_demo_thumb.png]
[matplotlib.org/stable/_images/sphx_glr_2dcollections3d_thumb.png]
[matplotlib.org/stable/_images/sphx_glr_3d_bars_thumb.png]
[matplotlib.org/stable/_images/sphx_glr_axlim_clip_thumb.png]
[matplotlib.org/stable/_images/sphx_glr_bars3d_thumb.png]
[matplotlib.org/stable/_images/sphx_glr_box3d_thumb.png]
[matplotlib.org/stable/_images/sphx_glr_contour3d_thumb.png]
[matplotlib.org/stable/_images/sphx_glr_contour3d_2_thumb.png]
[matplotlib.org/stable/_images/sphx_glr_contour3d_3_thumb.png]
[matplotlib.org/stable/_images/sphx_glr_contourf3d_thumb.png]
[matplotlib.org/stable/_images/sphx_glr_contourf3d_2_thumb.png]
[matplotlib.org/stable/_images/sphx_glr_custom_shaded_3d_surface_thumb.png]
[matplotlib.org/stable/_images/sphx_glr_errorbar3d_thumb.png]
[matplotlib.org/stable/_images/sphx_glr_fillbetween3d_thumb.png]
[matplotlib.org/stable/_images/sphx_glr_fillunder3d_thumb.png]
[matplotlib.org/stable/_images/sphx_glr_hist3d_thumb.png]
[matplotlib.org/stable/_images/sphx_glr_imshow3d_thumb.png]
[matplotlib.org/stable/_images/sphx_glr_intersecting_planes_thumb.png]
[matplotlib.org/stable/_images/sphx_glr_lines3d_thumb.png]
[matplotlib.org/stable/_images/sphx_glr_lorenz_attractor_thumb.png]
[matplotlib.org/stable/_images/sphx_glr_mixed_subplots_thumb.png]
[matplotlib.org/stable/_images/sphx_glr_offset_thumb.png]
[matplotlib.org/stable/_images/sphx_glr_pathpatch3d_thumb.png]
[matplotlib.org/stable/_images/sphx_glr_polys3d_thumb.png]
[matplotlib.org/stable/_images/sphx_glr_projections_thumb.png]
[matplotlib.org/stable/_images/sphx_glr_quiver3d_thumb.png]
[matplotlib.org/stable/_images/sphx_glr_rotate_axes3d_sgskip_thumb.png]
[matplotlib.org/stable/_images/sphx_glr_scatter3d_thumb.png]
[matplotlib.org/stable/_images/sphx_glr_stem3d_demo_thumb.png]
[matplotlib.org/stable/_images/sphx_glr_subplot3d_thumb.png]
[matplotlib.org/stable/_images/sphx_glr_surface3d_thumb.png]
[matplotlib.org/stable/_images/sphx_glr_surface3d_2_thumb.png]
[matplotlib.org/stable/_images/sphx_glr_surface3d_3_thumb.png]
[matplotlib.org/stable/_images/sphx_glr_surface3d_radial_thumb.png]
[matplotlib.org/stable/_images/sphx_glr_text3d_thumb.png]
[matplotlib.org/stable/_images/sphx_glr_tricontour3d_thumb.png]
[matplotlib.org/stable/_images/sphx_glr_tricontourf3d_thumb.png]
[matplotlib.org/stable/_images/sphx_glr_trisurf3d_thumb.png]
[matplotlib.org/stable/_images/sphx_glr_trisurf3d_2_thumb.png]
[matplotlib.org/stable/_images/sphx_glr_view_planes_3d_thumb.png]
[matplotlib.org/stable/_images/sphx_glr_voxels_thumb.png]
[matplotlib.org/stable/_images/sphx_glr_voxels_numpy_logo_thumb.png]
[matplotlib.org/stable/_images/sphx_glr_voxels_rgb_thumb.png]
[matplotlib.org/stable/_images/sphx_glr_voxels_torus_thumb.png]
[matplotlib.org/stable/_images/sphx_glr_wire3d_thumb.png]
[matplotlib.org/stable/_images/sphx_glr_wire3d_animation_sgskip_thumb.png]
[matplotlib.org/stable/_images/sphx_glr_wire3d_zero_stride_thumb.png]
[matplotlib.org/stable/_images/sphx_glr_scales_thumb.png]
[matplotlib.org/stable/_images/sphx_glr_asinh_demo_thumb.png]
[matplotlib.org/stable/_images/sphx_glr_aspect_loglog_thumb.png]
[matplotlib.org/stable/_images/sphx_glr_custom_scale_thumb.png]
[matplotlib.org/stable/_images/sphx_glr_log_demo_thumb.png]
[matplotlib.org/stable/_images/sphx_glr_logit_demo_thumb.png]
[matplotlib.org/stable/_images/sphx_glr_power_norm_thumb.png]
[matplotlib.org/stable/_images/sphx_glr_symlog_demo_thumb.png]
[matplotlib.org/stable/_images/sphx_glr_advanced_hillshading_thumb.png]
[matplotlib.org/stable/_images/sphx_glr_anscombe_thumb.png]
[matplotlib.org/stable/_images/sphx_glr_hinton_demo_thumb.png]
[matplotlib.org/stable/_images/sphx_glr_ishikawa_diagram_thumb.png]
[matplotlib.org/stable/_images/sphx_glr_leftventricle_bullseye_thumb.png]
[matplotlib.org/stable/_images/sphx_glr_mri_with_eeg_thumb.png]
[matplotlib.org/stable/_images/sphx_glr_radar_chart_thumb.png]
[matplotlib.org/stable/_images/sphx_glr_sankey_basics_thumb.png]
[matplotlib.org/stable/_images/sphx_glr_sankey_links_thumb.png]
[matplotlib.org/stable/_images/sphx_glr_sankey_rankine_thumb.png]
[matplotlib.org/stable/_images/sphx_glr_skewt_thumb.png]
[matplotlib.org/stable/_images/sphx_glr_topographic_hillshading_thumb.png]
[matplotlib.org/stable/_images/sphx_glr_spines_thumb.png]
[matplotlib.org/stable/_images/sphx_glr_spine_placement_demo_thumb.png]
[matplotlib.org/stable/_images/sphx_glr_spines_dropped_thumb.png]
[matplotlib.org/stable/_images/sphx_glr_multiple_yaxis_with_spines_thumb.png]
[matplotlib.org/stable/_images/sphx_glr_centered_spines_with_arrows_thumb.png]
[matplotlib.org/stable/_images/sphx_glr_auto_ticks_thumb.png]
[matplotlib.org/stable/_images/sphx_glr_centered_ticklabels_thumb.png]
[matplotlib.org/stable/_images/sphx_glr_colorbar_tick_labelling_demo_thumb.png]
[matplotlib.org/stable/_images/sphx_glr_custom_ticker1_thumb.png]
[matplotlib.org/stable/_images/sphx_glr_date_concise_formatter_thumb.png]
[matplotlib.org/stable/_images/sphx_glr_date_demo_convert_thumb.png]
[matplotlib.org/stable/_images/sphx_glr_date_demo_rrule_thumb.png]
[matplotlib.org/stable/_images/sphx_glr_date_formatters_locators_thumb.png]
[matplotlib.org/stable/_images/sphx_glr_date_index_formatter_thumb.png]
[matplotlib.org/stable/_images/sphx_glr_date_precision_and_epochs_thumb.png]
[matplotlib.org/stable/_images/sphx_glr_dollar_ticks_thumb.png]
[matplotlib.org/stable/_images/sphx_glr_engformatter_offset_thumb.png]
[matplotlib.org/stable/_images/sphx_glr_fig_axes_customize_simple_thumb.png]
[matplotlib.org/stable/_images/sphx_glr_major_minor_demo_thumb.png]
[matplotlib.org/stable/_images/sphx_glr_multilevel_ticks_thumb.png]
[matplotlib.org/stable/_images/sphx_glr_scalarformatter_thumb.png]
[matplotlib.org/stable/_images/sphx_glr_tick-formatters_thumb.png]
[matplotlib.org/stable/_images/sphx_glr_tick-locators_thumb.png]
[matplotlib.org/stable/_images/sphx_glr_tick_label_right_thumb.png]
[matplotlib.org/stable/_images/sphx_glr_tick_labels_from_values_thumb.png]
[matplotlib.org/stable/_images/sphx_glr_tick_xlabel_top_thumb.png]
[matplotlib.org/stable/_images/sphx_glr_ticklabels_rotation_thumb.png]
[matplotlib.org/stable/_images/sphx_glr_ticks_too_many_thumb.png]
[matplotlib.org/stable/_images/sphx_glr_annotate_with_units_thumb.png]
[matplotlib.org/stable/_images/sphx_glr_artist_tests_thumb.png]
[matplotlib.org/stable/_images/sphx_glr_bar_demo2_thumb.png]
[matplotlib.org/stable/_images/sphx_glr_bar_unit_demo_thumb.png]
[matplotlib.org/stable/_images/sphx_glr_basic_units_thumb.png]
[matplotlib.org/stable/_images/sphx_glr_ellipse_with_units_thumb.png]
[matplotlib.org/stable/_images/sphx_glr_evans_test_thumb.png]
[matplotlib.org/stable/_images/sphx_glr_radian_demo_thumb.png]
[matplotlib.org/stable/_images/sphx_glr_units_sample_thumb.png]
[matplotlib.org/stable/_images/sphx_glr_units_scatter_thumb.png]
[matplotlib.org/stable/_images/sphx_glr_canvasagg_thumb.png]
[matplotlib.org/stable/_images/sphx_glr_embedding_in_gtk3_panzoom_sgskip_thumb.png]
[matplotlib.org/stable/_images/sphx_glr_embedding_in_gtk3_sgskip_thumb.png]
[matplotlib.org/stable/_images/sphx_glr_embedding_in_gtk4_panzoom_sgskip_thumb.png]
[matplotlib.org/stable/_images/sphx_glr_embedding_in_gtk4_sgskip_thumb.png]
[matplotlib.org/stable/_images/sphx_glr_embedding_in_qt_sgskip_thumb.png]
[matplotlib.org/stable/_images/sphx_glr_embedding_in_tk_sgskip_thumb.png]
[matplotlib.org/stable/_images/sphx_glr_embedding_in_wx2_sgskip_thumb.png]
[matplotlib.org/stable/_images/sphx_glr_embedding_in_wx3_sgskip_thumb.png]
[matplotlib.org/stable/_images/sphx_glr_embedding_in_wx4_sgskip_thumb.png]
[matplotlib.org/stable/_images/sphx_glr_embedding_in_wx5_sgskip_thumb.png]
[matplotlib.org/stable/_images/sphx_glr_embedding_webagg_sgskip_thumb.png]
[matplotlib.org/stable/_images/sphx_glr_fourier_demo_wx_sgskip_thumb.png]
[matplotlib.org/stable/_images/sphx_glr_gtk3_spreadsheet_sgskip_thumb.png]
[matplotlib.org/stable/_images/sphx_glr_gtk4_spreadsheet_sgskip_thumb.png]
[matplotlib.org/stable/_images/sphx_glr_mathtext_wx_sgskip_thumb.png]
[matplotlib.org/stable/_images/sphx_glr_mpl_with_glade3_sgskip_thumb.png]
[matplotlib.org/stable/_images/sphx_glr_mplcvd_thumb.png]
[matplotlib.org/stable/_images/sphx_glr_pylab_with_gtk3_sgskip_thumb.png]
[matplotlib.org/stable/_images/sphx_glr_pylab_with_gtk4_sgskip_thumb.png]
[matplotlib.org/stable/_images/sphx_glr_svg_histogram_sgskip_thumb.png]
[matplotlib.org/stable/_images/sphx_glr_svg_tooltip_sgskip_thumb.png]
[matplotlib.org/stable/_images/sphx_glr_toolmanager_sgskip_thumb.png]
[matplotlib.org/stable/_images/sphx_glr_web_application_server_sgskip_thumb.png]
[matplotlib.org/stable/_images/sphx_glr_wxcursor_demo_sgskip_thumb.png]
[matplotlib.org/stable/_images/sphx_glr_annotated_cursor_thumb.png]
[matplotlib.org/stable/_images/sphx_glr_buttons_thumb.png]
[matplotlib.org/stable/_images/sphx_glr_check_buttons_thumb.png]
[matplotlib.org/stable/_images/sphx_glr_cursor_thumb.png]
[matplotlib.org/stable/_images/sphx_glr_lasso_selector_demo_sgskip_thumb.png]
[matplotlib.org/stable/_images/sphx_glr_menu_thumb.png]
[matplotlib.org/stable/_images/sphx_glr_mouse_cursor_thumb.png]
[matplotlib.org/stable/_images/sphx_glr_multicursor_thumb.png]
[matplotlib.org/stable/_images/sphx_glr_polygon_selector_demo_thumb.png]
[matplotlib.org/stable/_images/sphx_glr_polygon_selector_simple_thumb.png]
[matplotlib.org/stable/_images/sphx_glr_radio_buttons_thumb.png]
[matplotlib.org/stable/_images/sphx_glr_range_slider_thumb.png]
[matplotlib.org/stable/_images/sphx_glr_rectangle_selector_thumb.png]
[matplotlib.org/stable/_images/sphx_glr_slider_demo_thumb.png]
[matplotlib.org/stable/_images/sphx_glr_slider_snap_demo_thumb.png]
[matplotlib.org/stable/_images/sphx_glr_span_selector_thumb.png]
[matplotlib.org/stable/_images/sphx_glr_textbox_thumb.png]
[matplotlib.org/stable/_images/sphx_glr_demo_gridspec06_thumb.png]
[matplotlib.org/stable/_images/sphx_glr_simple_legend01_thumb.png]
[matplotlib.org/stable/_images/sphx_glr_simple_legend02_thumb.png]
[matplotlib.org/stable/_downloads/46b4cb42d5bb56cc39e2b5b2b520b38d/gallery_python.zip]
[matplotlib.org/stable/_downloads/fcaddee3a42ae2e2c41e00ae08d70347/gallery_jupyter.zip]
[matplotlib.org/stable/gallery/index.html]
[matplotlib.org/stable/api/animation_api.html]
[matplotlib.org/stable/api/_as_gen/matplotlib.animation.Animation.html]
[matplotlib.org/stable/api/_as_gen/matplotlib.animation.FuncAnimation.html]
[matplotlib.org/stable/api/_as_gen/matplotlib.animation.ArtistAnimation.html]
[matplotlib.org/stable/api/_as_gen/matplotlib.animation.PillowWriter.html]
[matplotlib.org/stable/api/_as_gen/matplotlib.animation.HTMLWriter.html]
[matplotlib.org/stable/api/_as_gen/matplotlib.animation.FFMpegWriter.html]
[matplotlib.org/stable/api/_as_gen/matplotlib.animation.ImageMagickWriter.html]
[matplotlib.org/stable/api/_as_gen/matplotlib.animation.FFMpegFileWriter.html]
[matplotlib.org/stable/api/_as_gen/matplotlib.animation.ImageMagickFileWriter.html]
[matplotlib.org/stable/api/_as_gen/matplotlib.animation.MovieWriterRegistry.html]
[matplotlib.org/stable/api/_as_gen/matplotlib.animation.TimedAnimation.html]
[matplotlib.org/stable/api/_as_gen/matplotlib.animation.AbstractMovieWriter.html]
[matplotlib.org/stable/api/_as_gen/matplotlib.animation.MovieWriter.html]
[matplotlib.org/stable/api/_as_gen/matplotlib.animation.FileMovieWriter.html]
[matplotlib.org/stable/api/_as_gen/matplotlib.animation.FFMpegBase.html]
[matplotlib.org/stable/api/_as_gen/matplotlib.animation.ImageMagickBase.html]
[matplotlib.org/stable/api/artist_api.html]
[matplotlib.org/stable/api/_as_gen/matplotlib.artist.Artist.add_callback.html]
[matplotlib.org/stable/api/_as_gen/matplotlib.artist.Artist.remove_callback.html]
[matplotlib.org/stable/api/_as_gen/matplotlib.artist.Artist.pchanged.html]
[matplotlib.org/stable/api/_as_gen/matplotlib.artist.Artist.get_cursor_data.html]
[matplotlib.org/stable/api/_as_gen/matplotlib.artist.Artist.format_cursor_data.html]
[matplotlib.org/stable/api/_as_gen/matplotlib.artist.Artist.set_mouseover.html]
[matplotlib.org/stable/api/_as_gen/matplotlib.artist.Artist.get_mouseover.html]
[matplotlib.org/stable/api/_as_gen/matplotlib.artist.Artist.mouseover.html]
[matplotlib.org/stable/api/_as_gen/matplotlib.artist.Artist.contains.html]
[matplotlib.org/stable/api/_as_gen/matplotlib.artist.Artist.pick.html]
[matplotlib.org/stable/api/_as_gen/matplotlib.artist.Artist.pickable.html]
[matplotlib.org/stable/api/_as_gen/matplotlib.artist.Artist.set_picker.html]
[matplotlib.org/stable/api/_as_gen/matplotlib.artist.Artist.get_picker.html]
[matplotlib.org/stable/api/_as_gen/matplotlib.artist.Artist.set_clip_on.html]
[matplotlib.org/stable/api/_as_gen/matplotlib.artist.Artist.get_clip_on.html]
[matplotlib.org/stable/api/_as_gen/matplotlib.artist.Artist.set_clip_box.html]
[matplotlib.org/stable/api/_as_gen/matplotlib.artist.Artist.get_clip_box.html]
[matplotlib.org/stable/api/_as_gen/matplotlib.artist.Artist.set_clip_path.html]
[matplotlib.org/stable/api/_as_gen/matplotlib.artist.Artist.get_clip_path.html]
[matplotlib.org/stable/api/_as_gen/matplotlib.artist.Artist.update.html]
[matplotlib.org/stable/api/_as_gen/matplotlib.artist.Artist.update_from.html]
[matplotlib.org/stable/api/_as_gen/matplotlib.artist.Artist.properties.html]
[matplotlib.org/stable/api/_as_gen/matplotlib.artist.Artist.set.html]
[matplotlib.org/stable/api/_as_gen/matplotlib.artist.Artist.draw.html]
[matplotlib.org/stable/api/_as_gen/matplotlib.artist.Artist.set_animated.html]
[matplotlib.org/stable/api/_as_gen/matplotlib.artist.Artist.get_animated.html]
[matplotlib.org/stable/api/_as_gen/matplotlib.artist.Artist.set_alpha.html]
[matplotlib.org/stable/api/_as_gen/matplotlib.artist.Artist.get_alpha.html]
[matplotlib.org/stable/api/_as_gen/matplotlib.artist.Artist.set_snap.html]
[matplotlib.org/stable/api/_as_gen/matplotlib.artist.Artist.get_snap.html]
[matplotlib.org/stable/api/_as_gen/matplotlib.artist.Artist.set_visible.html]
[matplotlib.org/stable/api/_as_gen/matplotlib.artist.Artist.get_visible.html]
[matplotlib.org/stable/api/_as_gen/matplotlib.artist.Artist.zorder.html]
[matplotlib.org/stable/api/_as_gen/matplotlib.artist.Artist.set_zorder.html]
[matplotlib.org/stable/api/_as_gen/matplotlib.artist.Artist.set_agg_filter.html]
[matplotlib.org/stable/api/_as_gen/matplotlib.artist.Artist.set_sketch_params.html]
[matplotlib.org/stable/api/_as_gen/matplotlib.artist.Artist.get_zorder.html]
[matplotlib.org/stable/api/_as_gen/matplotlib.artist.Artist.get_sketch_params.html]
[matplotlib.org/stable/api/_as_gen/matplotlib.artist.Artist.set_rasterized.html]
[matplotlib.org/stable/api/_as_gen/matplotlib.artist.Artist.set_path_effects.html]
[matplotlib.org/stable/api/_as_gen/matplotlib.artist.Artist.get_rasterized.html]
[matplotlib.org/stable/api/_as_gen/matplotlib.artist.Artist.get_path_effects.html]
[matplotlib.org/stable/api/_as_gen/matplotlib.artist.Artist.get_agg_filter.html]
[matplotlib.org/stable/api/_as_gen/matplotlib.artist.Artist.get_window_extent.html]
[matplotlib.org/stable/api/_as_gen/matplotlib.artist.Artist.get_transformed_clip_path_and_affine.html]
[matplotlib.org/stable/api/_as_gen/matplotlib.artist.Artist.get_tightbbox.html]
[matplotlib.org/stable/api/_as_gen/matplotlib.artist.Artist.remove.html]
[matplotlib.org/stable/api/_as_gen/matplotlib.artist.Artist.axes.html]
[matplotlib.org/stable/api/_as_gen/matplotlib.artist.Artist.set_figure.html]
[matplotlib.org/stable/api/_as_gen/matplotlib.artist.Artist.get_figure.html]
[matplotlib.org/stable/api/_as_gen/matplotlib.artist.Artist.get_children.html]
[matplotlib.org/stable/api/_as_gen/matplotlib.artist.Artist.findobj.html]
[matplotlib.org/stable/api/_as_gen/matplotlib.artist.Artist.set_transform.html]
[matplotlib.org/stable/api/_as_gen/matplotlib.artist.Artist.get_transform.html]
[matplotlib.org/stable/api/_as_gen/matplotlib.artist.Artist.is_transform_set.html]
[matplotlib.org/stable/api/_as_gen/matplotlib.artist.Artist.convert_xunits.html]
[matplotlib.org/stable/api/_as_gen/matplotlib.artist.Artist.convert_yunits.html]
[matplotlib.org/stable/api/_as_gen/matplotlib.artist.Artist.have_units.html]
[matplotlib.org/stable/api/_as_gen/matplotlib.artist.Artist.set_gid.html]
[matplotlib.org/stable/api/_as_gen/matplotlib.artist.Artist.get_gid.html]
[matplotlib.org/stable/api/_as_gen/matplotlib.artist.Artist.set_label.html]
[matplotlib.org/stable/api/_as_gen/matplotlib.artist.Artist.get_label.html]
[matplotlib.org/stable/api/_as_gen/matplotlib.artist.Artist.set_url.html]
[matplotlib.org/stable/api/_as_gen/matplotlib.artist.Artist.get_url.html]
[matplotlib.org/stable/api/_as_gen/matplotlib.artist.Artist.set_in_layout.html]
[matplotlib.org/stable/api/_as_gen/matplotlib.artist.Artist.sticky_edges.html]
[matplotlib.org/stable/api/_as_gen/matplotlib.artist.Artist.get_in_layout.html]
[matplotlib.org/stable/api/_as_gen/matplotlib.artist.Artist.stale.html]
[matplotlib.org/stable/api/_as_gen/matplotlib.artist.allow_rasterization.html]
[matplotlib.org/stable/api/_as_gen/matplotlib.artist.get.html]
[matplotlib.org/stable/api/_as_gen/matplotlib.artist.getp.html]
[matplotlib.org/stable/api/_as_gen/matplotlib.artist.setp.html]
[matplotlib.org/stable/api/_as_gen/matplotlib.artist.kwdoc.html]
[matplotlib.org/stable/api/_as_gen/matplotlib.artist.ArtistInspector.html]
[matplotlib.org/stable/api/_as_gen/matplotlib.axes.Axes.html]
[matplotlib.org/stable/api/_as_gen/matplotlib.axes.Axes.viewLim.html]
[matplotlib.org/stable/api/_as_gen/matplotlib.axes.Axes.dataLim.html]
[matplotlib.org/stable/api/_as_gen/matplotlib.axes.Axes.plot.html]
[matplotlib.org/stable/api/_as_gen/matplotlib.axes.Axes.errorbar.html]
[matplotlib.org/stable/api/_as_gen/matplotlib.axes.Axes.scatter.html]
[matplotlib.org/stable/api/_as_gen/matplotlib.axes.Axes.plot_date.html]
[matplotlib.org/stable/api/_as_gen/matplotlib.axes.Axes.step.html]
[matplotlib.org/stable/api/_as_gen/matplotlib.axes.Axes.loglog.html]
[matplotlib.org/stable/api/_as_gen/matplotlib.axes.Axes.semilogx.html]
[matplotlib.org/stable/api/_as_gen/matplotlib.axes.Axes.semilogy.html]
[matplotlib.org/stable/api/_as_gen/matplotlib.axes.Axes.fill_between.html]
[matplotlib.org/stable/api/_as_gen/matplotlib.axes.Axes.fill_betweenx.html]
[matplotlib.org/stable/api/_as_gen/matplotlib.axes.Axes.bar.html]
[matplotlib.org/stable/api/_as_gen/matplotlib.axes.Axes.barh.html]
[matplotlib.org/stable/api/_as_gen/matplotlib.axes.Axes.bar_label.html]
[matplotlib.org/stable/api/_as_gen/matplotlib.axes.Axes.stem.html]
[matplotlib.org/stable/api/_as_gen/matplotlib.axes.Axes.eventplot.html]
[matplotlib.org/stable/api/_as_gen/matplotlib.axes.Axes.pie.html]
[matplotlib.org/stable/api/_as_gen/matplotlib.axes.Axes.stackplot.html]
[matplotlib.org/stable/api/_as_gen/matplotlib.axes.Axes.broken_barh.html]
[matplotlib.org/stable/api/_as_gen/matplotlib.axes.Axes.vlines.html]
[matplotlib.org/stable/api/_as_gen/matplotlib.axes.Axes.hlines.html]
[matplotlib.org/stable/api/_as_gen/matplotlib.axes.Axes.fill.html]
[matplotlib.org/stable/api/_as_gen/matplotlib.axes.Axes.axhline.html]
[matplotlib.org/stable/api/_as_gen/matplotlib.axes.Axes.axhspan.html]
[matplotlib.org/stable/api/_as_gen/matplotlib.axes.Axes.axvline.html]
[matplotlib.org/stable/api/_as_gen/matplotlib.axes.Axes.axvspan.html]
[matplotlib.org/stable/api/_as_gen/matplotlib.axes.Axes.axline.html]
[matplotlib.org/stable/api/_as_gen/matplotlib.axes.Axes.acorr.html]
[matplotlib.org/stable/api/_as_gen/matplotlib.axes.Axes.angle_spectrum.html]
[matplotlib.org/stable/api/_as_gen/matplotlib.axes.Axes.cohere.html]
[matplotlib.org/stable/api/_as_gen/matplotlib.axes.Axes.csd.html]
[matplotlib.org/stable/api/_as_gen/matplotlib.axes.Axes.magnitude_spectrum.html]
[matplotlib.org/stable/api/_as_gen/matplotlib.axes.Axes.phase_spectrum.html]
[matplotlib.org/stable/api/_as_gen/matplotlib.axes.Axes.psd.html]
[matplotlib.org/stable/api/_as_gen/matplotlib.axes.Axes.specgram.html]
[matplotlib.org/stable/api/_as_gen/matplotlib.axes.Axes.xcorr.html]
[matplotlib.org/stable/api/_as_gen/matplotlib.axes.Axes.ecdf.html]
[matplotlib.org/stable/api/_as_gen/matplotlib.axes.Axes.boxplot.html]
[matplotlib.org/stable/api/_as_gen/matplotlib.axes.Axes.violinplot.html]
[matplotlib.org/stable/api/_as_gen/matplotlib.axes.Axes.bxp.html]
[matplotlib.org/stable/api/_as_gen/matplotlib.axes.Axes.violin.html]
[matplotlib.org/stable/api/_as_gen/matplotlib.axes.Axes.hexbin.html]
[matplotlib.org/stable/api/_as_gen/matplotlib.axes.Axes.hist.html]
[matplotlib.org/stable/api/_as_gen/matplotlib.axes.Axes.hist2d.html]
[matplotlib.org/stable/api/_as_gen/matplotlib.axes.Axes.stairs.html]
[matplotlib.org/stable/api/_as_gen/matplotlib.axes.Axes.clabel.html]
[matplotlib.org/stable/api/_as_gen/matplotlib.axes.Axes.contour.html]
[matplotlib.org/stable/api/_as_gen/matplotlib.axes.Axes.contourf.html]
[matplotlib.org/stable/api/_as_gen/matplotlib.axes.Axes.imshow.html]
[matplotlib.org/stable/api/_as_gen/matplotlib.axes.Axes.matshow.html]
[matplotlib.org/stable/api/_as_gen/matplotlib.axes.Axes.pcolor.html]
[matplotlib.org/stable/api/_as_gen/matplotlib.axes.Axes.pcolorfast.html]
[matplotlib.org/stable/api/_as_gen/matplotlib.axes.Axes.pcolormesh.html]
[matplotlib.org/stable/api/_as_gen/matplotlib.axes.Axes.spy.html]
[matplotlib.org/stable/api/_as_gen/matplotlib.axes.Axes.tripcolor.html]
[matplotlib.org/stable/api/_as_gen/matplotlib.axes.Axes.triplot.html]
[matplotlib.org/stable/api/_as_gen/matplotlib.axes.Axes.tricontour.html]
[matplotlib.org/stable/api/_as_gen/matplotlib.axes.Axes.tricontourf.html]
[matplotlib.org/stable/api/_as_gen/matplotlib.axes.Axes.annotate.html]
[matplotlib.org/stable/api/_as_gen/matplotlib.axes.Axes.text.html]
[matplotlib.org/stable/api/_as_gen/matplotlib.axes.Axes.table.html]
[matplotlib.org/stable/api/_as_gen/matplotlib.axes.Axes.arrow.html]
[matplotlib.org/stable/api/_as_gen/matplotlib.axes.Axes.inset_axes.html]
[matplotlib.org/stable/api/_as_gen/matplotlib.axes.Axes.indicate_inset.html]
[matplotlib.org/stable/api/_as_gen/matplotlib.axes.Axes.indicate_inset_zoom.html]
[matplotlib.org/stable/api/_as_gen/matplotlib.axes.Axes.secondary_xaxis.html]
[matplotlib.org/stable/api/_as_gen/matplotlib.axes.Axes.secondary_yaxis.html]
[matplotlib.org/stable/api/_as_gen/matplotlib.axes.Axes.barbs.html]
[matplotlib.org/stable/api/_as_gen/matplotlib.axes.Axes.quiver.html]
[matplotlib.org/stable/api/_as_gen/matplotlib.axes.Axes.quiverkey.html]
[matplotlib.org/stable/api/_as_gen/matplotlib.axes.Axes.streamplot.html]
[matplotlib.org/stable/api/_as_gen/matplotlib.axes.Axes.cla.html]
[matplotlib.org/stable/api/_as_gen/matplotlib.axes.Axes.clear.html]
[matplotlib.org/stable/api/_as_gen/matplotlib.axes.Axes.axis.html]
[matplotlib.org/stable/api/_as_gen/matplotlib.axes.Axes.set_axis_off.html]
[matplotlib.org/stable/api/_as_gen/matplotlib.axes.Axes.set_axis_on.html]
[matplotlib.org/stable/api/_as_gen/matplotlib.axes.Axes.set_frame_on.html]
[matplotlib.org/stable/api/_as_gen/matplotlib.axes.Axes.get_frame_on.html]
[matplotlib.org/stable/api/_as_gen/matplotlib.axes.Axes.set_axisbelow.html]
[matplotlib.org/stable/api/_as_gen/matplotlib.axes.Axes.get_axisbelow.html]
[matplotlib.org/stable/api/_as_gen/matplotlib.axes.Axes.grid.html]
[matplotlib.org/stable/api/_as_gen/matplotlib.axes.Axes.get_facecolor.html]
[matplotlib.org/stable/api/_as_gen/matplotlib.axes.Axes.set_facecolor.html]
[matplotlib.org/stable/api/_as_gen/matplotlib.axes.Axes.set_prop_cycle.html]
[matplotlib.org/stable/api/_as_gen/matplotlib.axes.Axes.xaxis.html]
[matplotlib.org/stable/api/_as_gen/matplotlib.axes.Axes.yaxis.html]
[matplotlib.org/stable/api/_as_gen/matplotlib.axes.Axes.get_xaxis.html]
[matplotlib.org/stable/api/_as_gen/matplotlib.axes.Axes.get_yaxis.html]
[matplotlib.org/stable/api/_as_gen/matplotlib.axes.Axes.invert_xaxis.html]
[matplotlib.org/stable/api/_as_gen/matplotlib.axes.Axes.xaxis_inverted.html]
[matplotlib.org/stable/api/_as_gen/matplotlib.axes.Axes.invert_yaxis.html]
[matplotlib.org/stable/api/_as_gen/matplotlib.axes.Axes.yaxis_inverted.html]
[matplotlib.org/stable/api/_as_gen/matplotlib.axes.Axes.set_xlim.html]
[matplotlib.org/stable/api/_as_gen/matplotlib.axes.Axes.get_xlim.html]
[matplotlib.org/stable/api/_as_gen/matplotlib.axes.Axes.set_ylim.html]
[matplotlib.org/stable/api/_as_gen/matplotlib.axes.Axes.get_ylim.html]
[matplotlib.org/stable/api/_as_gen/matplotlib.axes.Axes.update_datalim.html]
[matplotlib.org/stable/api/_as_gen/matplotlib.axes.Axes.set_xbound.html]
[matplotlib.org/stable/api/_as_gen/matplotlib.axes.Axes.get_xbound.html]
[matplotlib.org/stable/api/_as_gen/matplotlib.axes.Axes.set_ybound.html]
[matplotlib.org/stable/api/_as_gen/matplotlib.axes.Axes.get_ybound.html]
[matplotlib.org/stable/api/_as_gen/matplotlib.axes.Axes.set_xlabel.html]
[matplotlib.org/stable/api/_as_gen/matplotlib.axes.Axes.get_xlabel.html]
[matplotlib.org/stable/api/_as_gen/matplotlib.axes.Axes.set_ylabel.html]
[matplotlib.org/stable/api/_as_gen/matplotlib.axes.Axes.get_ylabel.html]
[matplotlib.org/stable/api/_as_gen/matplotlib.axes.Axes.label_outer.html]
[matplotlib.org/stable/api/_as_gen/matplotlib.axes.Axes.set_title.html]
[matplotlib.org/stable/api/_as_gen/matplotlib.axes.Axes.get_title.html]
[matplotlib.org/stable/api/_as_gen/matplotlib.axes.Axes.legend.html]
[matplotlib.org/stable/api/_as_gen/matplotlib.axes.Axes.get_legend.html]
[matplotlib.org/stable/api/_as_gen/matplotlib.axes.Axes.get_legend_handles_labels.html]
[matplotlib.org/stable/api/_as_gen/matplotlib.axes.Axes.set_xscale.html]
[matplotlib.org/stable/api/_as_gen/matplotlib.axes.Axes.get_xscale.html]
[matplotlib.org/stable/api/_as_gen/matplotlib.axes.Axes.set_yscale.html]
[matplotlib.org/stable/api/_as_gen/matplotlib.axes.Axes.get_yscale.html]
[matplotlib.org/stable/api/_as_gen/matplotlib.axes.Axes.use_sticky_edges.html]
[matplotlib.org/stable/api/_as_gen/matplotlib.axes.Axes.margins.html]
[matplotlib.org/stable/api/_as_gen/matplotlib.axes.Axes.get_xmargin.html]
[matplotlib.org/stable/api/_as_gen/matplotlib.axes.Axes.get_ymargin.html]
[matplotlib.org/stable/api/_as_gen/matplotlib.axes.Axes.set_xmargin.html]
[matplotlib.org/stable/api/_as_gen/matplotlib.axes.Axes.set_ymargin.html]
[matplotlib.org/stable/api/_as_gen/matplotlib.axes.Axes.relim.html]
[matplotlib.org/stable/api/_as_gen/matplotlib.axes.Axes.autoscale.html]
[matplotlib.org/stable/api/_as_gen/matplotlib.axes.Axes.autoscale_view.html]
[matplotlib.org/stable/api/_as_gen/matplotlib.axes.Axes.set_autoscale_on.html]
[matplotlib.org/stable/api/_as_gen/matplotlib.axes.Axes.get_autoscale_on.html]
[matplotlib.org/stable/api/_as_gen/matplotlib.axes.Axes.set_autoscalex_on.html]
[matplotlib.org/stable/api/_as_gen/matplotlib.axes.Axes.get_autoscalex_on.html]
[matplotlib.org/stable/api/_as_gen/matplotlib.axes.Axes.set_autoscaley_on.html]
[matplotlib.org/stable/api/_as_gen/matplotlib.axes.Axes.get_autoscaley_on.html]
[matplotlib.org/stable/api/_as_gen/matplotlib.axes.Axes.apply_aspect.html]
[matplotlib.org/stable/api/_as_gen/matplotlib.axes.Axes.set_aspect.html]
[matplotlib.org/stable/api/_as_gen/matplotlib.axes.Axes.get_aspect.html]
[matplotlib.org/stable/api/_as_gen/matplotlib.axes.Axes.set_box_aspect.html]
[matplotlib.org/stable/api/_as_gen/matplotlib.axes.Axes.get_box_aspect.html]
[matplotlib.org/stable/api/_as_gen/matplotlib.axes.Axes.set_adjustable.html]
[matplotlib.org/stable/api/_as_gen/matplotlib.axes.Axes.get_adjustable.html]
[matplotlib.org/stable/api/_as_gen/matplotlib.axes.Axes.set_xticks.html]
[matplotlib.org/stable/api/_as_gen/matplotlib.axes.Axes.get_xticks.html]
[matplotlib.org/stable/api/_as_gen/matplotlib.axes.Axes.set_xticklabels.html]
[matplotlib.org/stable/api/_as_gen/matplotlib.axes.Axes.get_xticklabels.html]
[matplotlib.org/stable/api/_as_gen/matplotlib.axes.Axes.get_xmajorticklabels.html]
[matplotlib.org/stable/api/_as_gen/matplotlib.axes.Axes.get_xminorticklabels.html]
[matplotlib.org/stable/api/_as_gen/matplotlib.axes.Axes.get_xgridlines.html]
[matplotlib.org/stable/api/_as_gen/matplotlib.axes.Axes.get_xticklines.html]
[matplotlib.org/stable/api/_as_gen/matplotlib.axes.Axes.xaxis_date.html]
[matplotlib.org/stable/api/_as_gen/matplotlib.axes.Axes.set_yticks.html]
[matplotlib.org/stable/api/_as_gen/matplotlib.axes.Axes.get_yticks.html]
[matplotlib.org/stable/api/_as_gen/matplotlib.axes.Axes.set_yticklabels.html]
[matplotlib.org/stable/api/_as_gen/matplotlib.axes.Axes.get_yticklabels.html]
[matplotlib.org/stable/api/_as_gen/matplotlib.axes.Axes.get_ymajorticklabels.html]
[matplotlib.org/stable/api/_as_gen/matplotlib.axes.Axes.get_yminorticklabels.html]
[matplotlib.org/stable/api/_as_gen/matplotlib.axes.Axes.get_ygridlines.html]
[matplotlib.org/stable/api/_as_gen/matplotlib.axes.Axes.get_yticklines.html]
[matplotlib.org/stable/api/_as_gen/matplotlib.axes.Axes.yaxis_date.html]
[matplotlib.org/stable/api/_as_gen/matplotlib.axes.Axes.minorticks_off.html]
[matplotlib.org/stable/api/_as_gen/matplotlib.axes.Axes.minorticks_on.html]
[matplotlib.org/stable/api/_as_gen/matplotlib.axes.Axes.ticklabel_format.html]
[matplotlib.org/stable/api/_as_gen/matplotlib.axes.Axes.tick_params.html]
[matplotlib.org/stable/api/_as_gen/matplotlib.axes.Axes.locator_params.html]
[matplotlib.org/stable/api/_as_gen/matplotlib.axes.Axes.convert_xunits.html]
[matplotlib.org/stable/api/_as_gen/matplotlib.axes.Axes.convert_yunits.html]
[matplotlib.org/stable/api/_as_gen/matplotlib.axes.Axes.have_units.html]
[matplotlib.org/stable/api/_as_gen/matplotlib.axes.Axes.add_artist.html]
[matplotlib.org/stable/api/_as_gen/matplotlib.axes.Axes.add_child_axes.html]
[matplotlib.org/stable/api/_as_gen/matplotlib.axes.Axes.add_collection.html]
[matplotlib.org/stable/api/_as_gen/matplotlib.axes.Axes.add_container.html]
[matplotlib.org/stable/api/_as_gen/matplotlib.axes.Axes.add_image.html]
[matplotlib.org/stable/api/_as_gen/matplotlib.axes.Axes.add_line.html]
[matplotlib.org/stable/api/_as_gen/matplotlib.axes.Axes.add_patch.html]
[matplotlib.org/stable/api/_as_gen/matplotlib.axes.Axes.add_table.html]
[matplotlib.org/stable/api/_as_gen/matplotlib.axes.Axes.twinx.html]
[matplotlib.org/stable/api/_as_gen/matplotlib.axes.Axes.twiny.html]
[matplotlib.org/stable/api/_as_gen/matplotlib.axes.Axes.sharex.html]
[matplotlib.org/stable/api/_as_gen/matplotlib.axes.Axes.sharey.html]
[matplotlib.org/stable/api/_as_gen/matplotlib.axes.Axes.get_shared_x_axes.html]
[matplotlib.org/stable/api/_as_gen/matplotlib.axes.Axes.get_shared_y_axes.html]
[matplotlib.org/stable/api/_as_gen/matplotlib.axes.Axes.get_anchor.html]
[matplotlib.org/stable/api/_as_gen/matplotlib.axes.Axes.set_anchor.html]
[matplotlib.org/stable/api/_as_gen/matplotlib.axes.Axes.get_axes_locator.html]
[matplotlib.org/stable/api/_as_gen/matplotlib.axes.Axes.set_axes_locator.html]
[matplotlib.org/stable/api/_as_gen/matplotlib.axes.Axes.get_subplotspec.html]
[matplotlib.org/stable/api/_as_gen/matplotlib.axes.Axes.set_subplotspec.html]
[matplotlib.org/stable/api/_as_gen/matplotlib.axes.Axes.reset_position.html]
[matplotlib.org/stable/api/_as_gen/matplotlib.axes.Axes.get_position.html]
[matplotlib.org/stable/api/_as_gen/matplotlib.axes.Axes.set_position.html]
[matplotlib.org/stable/api/_as_gen/matplotlib.axes.Axes.stale.html]
[matplotlib.org/stable/api/_as_gen/matplotlib.axes.Axes.pchanged.html]
[matplotlib.org/stable/api/_as_gen/matplotlib.axes.Axes.add_callback.html]
[matplotlib.org/stable/api/_as_gen/matplotlib.axes.Axes.remove_callback.html]
[matplotlib.org/stable/api/_as_gen/matplotlib.axes.Axes.can_pan.html]
[matplotlib.org/stable/api/_as_gen/matplotlib.axes.Axes.can_zoom.html]
[matplotlib.org/stable/api/_as_gen/matplotlib.axes.Axes.get_navigate.html]
[matplotlib.org/stable/api/_as_gen/matplotlib.axes.Axes.set_navigate.html]
[matplotlib.org/stable/api/_as_gen/matplotlib.axes.Axes.get_navigate_mode.html]
[matplotlib.org/stable/api/_as_gen/matplotlib.axes.Axes.set_navigate_mode.html]
[matplotlib.org/stable/api/_as_gen/matplotlib.axes.Axes.get_forward_navigation_events.html]
[matplotlib.org/stable/api/_as_gen/matplotlib.axes.Axes.set_forward_navigation_events.html]
[matplotlib.org/stable/api/_as_gen/matplotlib.axes.Axes.start_pan.html]
[matplotlib.org/stable/api/_as_gen/matplotlib.axes.Axes.drag_pan.html]
[matplotlib.org/stable/api/_as_gen/matplotlib.axes.Axes.end_pan.html]
[matplotlib.org/stable/api/_as_gen/matplotlib.axes.Axes.format_coord.html]
[matplotlib.org/stable/api/_as_gen/matplotlib.axes.Axes.format_cursor_data.html]
[matplotlib.org/stable/api/_as_gen/matplotlib.axes.Axes.format_xdata.html]
[matplotlib.org/stable/api/_as_gen/matplotlib.axes.Axes.format_ydata.html]
[matplotlib.org/stable/api/_as_gen/matplotlib.axes.Axes.mouseover.html]
[matplotlib.org/stable/api/_as_gen/matplotlib.axes.Axes.in_axes.html]
[matplotlib.org/stable/api/_as_gen/matplotlib.axes.Axes.contains.html]
[matplotlib.org/stable/api/_as_gen/matplotlib.axes.Axes.contains_point.html]
[matplotlib.org/stable/api/_as_gen/matplotlib.axes.Axes.get_cursor_data.html]
[matplotlib.org/stable/api/_as_gen/matplotlib.axes.Axes.get_children.html]
[matplotlib.org/stable/api/_as_gen/matplotlib.axes.Axes.get_images.html]
[matplotlib.org/stable/api/_as_gen/matplotlib.axes.Axes.get_lines.html]
[matplotlib.org/stable/api/_as_gen/matplotlib.axes.Axes.findobj.html]
[matplotlib.org/stable/api/_as_gen/matplotlib.axes.Axes.draw.html]
[matplotlib.org/stable/api/_as_gen/matplotlib.axes.Axes.draw_artist.html]
[matplotlib.org/stable/api/_as_gen/matplotlib.axes.Axes.redraw_in_frame.html]
[matplotlib.org/stable/api/_as_gen/matplotlib.axes.Axes.get_rasterization_zorder.html]
[matplotlib.org/stable/api/_as_gen/matplotlib.axes.Axes.set_rasterization_zorder.html]
[matplotlib.org/stable/api/_as_gen/matplotlib.axes.Axes.get_window_extent.html]
[matplotlib.org/stable/api/_as_gen/matplotlib.axes.Axes.get_tightbbox.html]
[matplotlib.org/stable/api/_as_gen/matplotlib.axes.Axes.name.html]
[matplotlib.org/stable/api/_as_gen/matplotlib.axes.Axes.get_xaxis_transform.html]
[matplotlib.org/stable/api/_as_gen/matplotlib.axes.Axes.get_yaxis_transform.html]
[matplotlib.org/stable/api/_as_gen/matplotlib.axes.Axes.get_data_ratio.html]
[matplotlib.org/stable/api/_as_gen/matplotlib.axes.Axes.get_xaxis_text1_transform.html]
[matplotlib.org/stable/api/_as_gen/matplotlib.axes.Axes.get_xaxis_text2_transform.html]
[matplotlib.org/stable/api/_as_gen/matplotlib.axes.Axes.get_yaxis_text1_transform.html]
[matplotlib.org/stable/api/_as_gen/matplotlib.axes.Axes.get_yaxis_text2_transform.html]
[matplotlib.org/stable/api/_as_gen/matplotlib.axes.Axes.zorder.html]
[matplotlib.org/stable/api/_as_gen/matplotlib.axes.Axes.get_default_bbox_extra_artists.html]
[matplotlib.org/stable/api/_as_gen/matplotlib.axes.Axes.get_transformed_clip_path_and_affine.html]
[matplotlib.org/stable/api/_as_gen/matplotlib.axes.Axes.has_data.html]
[matplotlib.org/stable/api/_as_gen/matplotlib.axes.Axes.set.html]
[matplotlib.org/stable/api/_as_gen/matplotlib.axes.Axes.remove.html]
[matplotlib.org/stable/api/axis_api.html]
[matplotlib.org/stable/api/_as_gen/matplotlib.axis.Axis.clear.html]
[matplotlib.org/stable/api/_as_gen/matplotlib.axis.Axis.get_scale.html]
[matplotlib.org/stable/api/_as_gen/matplotlib.axis.Axis.get_major_formatter.html]
[matplotlib.org/stable/api/_as_gen/matplotlib.axis.Axis.get_major_locator.html]
[matplotlib.org/stable/api/_as_gen/matplotlib.axis.Axis.get_minor_formatter.html]
[matplotlib.org/stable/api/_as_gen/matplotlib.axis.Axis.get_minor_locator.html]
[matplotlib.org/stable/api/_as_gen/matplotlib.axis.Axis.set_major_formatter.html]
[matplotlib.org/stable/api/_as_gen/matplotlib.axis.Axis.set_major_locator.html]
[matplotlib.org/stable/api/_as_gen/matplotlib.axis.Axis.set_minor_formatter.html]
[matplotlib.org/stable/api/_as_gen/matplotlib.axis.Axis.set_minor_locator.html]
[matplotlib.org/stable/api/_as_gen/matplotlib.axis.Axis.remove_overlapping_locs.html]
[matplotlib.org/stable/api/_as_gen/matplotlib.axis.Axis.get_remove_overlapping_locs.html]
[matplotlib.org/stable/api/_as_gen/matplotlib.axis.Axis.set_remove_overlapping_locs.html]
[matplotlib.org/stable/api/_as_gen/matplotlib.axis.Axis.label.html]
[matplotlib.org/stable/api/_as_gen/matplotlib.axis.Axis.set_label_coords.html]
[matplotlib.org/stable/api/_as_gen/matplotlib.axis.Axis.set_label_position.html]
[matplotlib.org/stable/api/_as_gen/matplotlib.axis.Axis.set_label_text.html]
[matplotlib.org/stable/api/_as_gen/matplotlib.axis.Axis.get_label_position.html]
[matplotlib.org/stable/api/_as_gen/matplotlib.axis.Axis.get_label_text.html]
[matplotlib.org/stable/api/_as_gen/matplotlib.axis.Axis.get_major_ticks.html]
[matplotlib.org/stable/api/_as_gen/matplotlib.axis.Axis.get_majorticklines.html]
[matplotlib.org/stable/api/_as_gen/matplotlib.axis.Axis.get_majorticklabels.html]
[matplotlib.org/stable/api/_as_gen/matplotlib.axis.Axis.get_majorticklocs.html]
[matplotlib.org/stable/api/_as_gen/matplotlib.axis.Axis.get_minor_ticks.html]
[matplotlib.org/stable/api/_as_gen/matplotlib.axis.Axis.get_minorticklabels.html]
[matplotlib.org/stable/api/_as_gen/matplotlib.axis.Axis.get_minorticklines.html]
[matplotlib.org/stable/api/_as_gen/matplotlib.axis.Axis.get_minorticklocs.html]
[matplotlib.org/stable/api/_as_gen/matplotlib.axis.Axis.get_offset_text.html]
[matplotlib.org/stable/api/_as_gen/matplotlib.axis.Axis.get_tick_padding.html]
[matplotlib.org/stable/api/_as_gen/matplotlib.axis.Axis.get_tick_params.html]
[matplotlib.org/stable/api/_as_gen/matplotlib.axis.Axis.get_ticklabels.html]
[matplotlib.org/stable/api/_as_gen/matplotlib.axis.Axis.get_ticklines.html]
[matplotlib.org/stable/api/_as_gen/matplotlib.axis.Axis.get_ticklocs.html]
[matplotlib.org/stable/api/_as_gen/matplotlib.axis.Axis.get_gridlines.html]
[matplotlib.org/stable/api/_as_gen/matplotlib.axis.Axis.grid.html]
[matplotlib.org/stable/api/_as_gen/matplotlib.axis.Axis.set_tick_params.html]
[matplotlib.org/stable/api/_as_gen/matplotlib.axis.Axis.axis_date.html]
[matplotlib.org/stable/api/_as_gen/matplotlib.axis.Axis.minorticks_off.html]
[matplotlib.org/stable/api/_as_gen/matplotlib.axis.Axis.minorticks_on.html]
[matplotlib.org/stable/api/_as_gen/matplotlib.axis.Axis.get_data_interval.html]
[matplotlib.org/stable/api/_as_gen/matplotlib.axis.Axis.get_view_interval.html]
[matplotlib.org/stable/api/_as_gen/matplotlib.axis.Axis.get_inverted.html]
[matplotlib.org/stable/api/_as_gen/matplotlib.axis.Axis.set_data_interval.html]
[matplotlib.org/stable/api/_as_gen/matplotlib.axis.Axis.set_view_interval.html]
[matplotlib.org/stable/api/_as_gen/matplotlib.axis.Axis.set_inverted.html]
[matplotlib.org/stable/api/_as_gen/matplotlib.axis.Axis.get_minpos.html]
[matplotlib.org/stable/api/_as_gen/matplotlib.axis.Axis.get_tick_space.html]
[matplotlib.org/stable/api/_as_gen/matplotlib.axis.Axis.get_tightbbox.html]
[matplotlib.org/stable/api/_as_gen/matplotlib.axis.Axis.contains.html]
[matplotlib.org/stable/api/_as_gen/matplotlib.axis.Axis.pickradius.html]
[matplotlib.org/stable/api/_as_gen/matplotlib.axis.Axis.get_pickradius.html]
[matplotlib.org/stable/api/_as_gen/matplotlib.axis.Axis.set_pickradius.html]
[matplotlib.org/stable/api/_as_gen/matplotlib.axis.Axis.convert_units.html]
[matplotlib.org/stable/api/_as_gen/matplotlib.axis.Axis.set_units.html]
[matplotlib.org/stable/api/_as_gen/matplotlib.axis.Axis.get_units.html]
[matplotlib.org/stable/api/_as_gen/matplotlib.axis.Axis.set_converter.html]
[matplotlib.org/stable/api/_as_gen/matplotlib.axis.Axis.get_converter.html]
[matplotlib.org/stable/api/_as_gen/matplotlib.axis.Axis.update_units.html]
[matplotlib.org/stable/api/_as_gen/matplotlib.axis.XAxis.axis_name.html]
[matplotlib.org/stable/api/_as_gen/matplotlib.axis.XAxis.get_ticks_position.html]
[matplotlib.org/stable/api/_as_gen/matplotlib.axis.XAxis.set_ticks_position.html]
[matplotlib.org/stable/api/_as_gen/matplotlib.axis.XAxis.set_label_position.html]
[matplotlib.org/stable/api/_as_gen/matplotlib.axis.XAxis.tick_bottom.html]
[matplotlib.org/stable/api/_as_gen/matplotlib.axis.XAxis.tick_top.html]
[matplotlib.org/stable/api/_as_gen/matplotlib.axis.YAxis.axis_name.html]
[matplotlib.org/stable/api/_as_gen/matplotlib.axis.YAxis.get_ticks_position.html]
[matplotlib.org/stable/api/_as_gen/matplotlib.axis.YAxis.set_offset_position.html]
[matplotlib.org/stable/api/_as_gen/matplotlib.axis.YAxis.set_ticks_position.html]
[matplotlib.org/stable/api/_as_gen/matplotlib.axis.YAxis.set_label_position.html]
[matplotlib.org/stable/api/_as_gen/matplotlib.axis.YAxis.tick_left.html]
[matplotlib.org/stable/api/_as_gen/matplotlib.axis.YAxis.tick_right.html]
[matplotlib.org/stable/api/_as_gen/matplotlib.axis.Axis.OFFSETTEXTPAD.html]
[matplotlib.org/stable/api/_as_gen/matplotlib.axis.Axis.axes.html]
[matplotlib.org/stable/api/_as_gen/matplotlib.axis.Axis.limit_range_for_scale.html]
[matplotlib.org/stable/api/_as_gen/matplotlib.axis.Axis.reset_ticks.html]
[matplotlib.org/stable/api/_as_gen/matplotlib.axis.Axis.set_clip_path.html]
[matplotlib.org/stable/api/_as_gen/matplotlib.axis.Axis.set_default_intervals.html]
[matplotlib.org/stable/api/_as_gen/matplotlib.axis.Axis.get_label.html]
[matplotlib.org/stable/api/_as_gen/matplotlib.axis.Axis.set_label.html]
[matplotlib.org/stable/api/_as_gen/matplotlib.axis.Axis.set_ticks.html]
[matplotlib.org/stable/api/_as_gen/matplotlib.axis.Axis.set_ticklabels.html]
[matplotlib.org/stable/api/_as_gen/matplotlib.axis.Tick.get_loc.html]
[matplotlib.org/stable/api/_as_gen/matplotlib.axis.Tick.get_pad.html]
[matplotlib.org/stable/api/_as_gen/matplotlib.axis.Tick.get_tick_padding.html]
[matplotlib.org/stable/api/_as_gen/matplotlib.axis.Tick.get_tickdir.html]
[matplotlib.org/stable/api/_as_gen/matplotlib.axis.Tick.get_view_interval.html]
[matplotlib.org/stable/api/_as_gen/matplotlib.axis.Tick.set_clip_path.html]
[matplotlib.org/stable/api/_as_gen/matplotlib.axis.Tick.set_pad.html]
[matplotlib.org/stable/api/_as_gen/matplotlib.axis.Tick.set_url.html]
[matplotlib.org/stable/api/_as_gen/matplotlib.axis.Tick.update_position.html]
[matplotlib.org/stable/api/backend_bases_api.html]
[matplotlib.org/stable/api/backend_managers_api.html]
[matplotlib.org/stable/api/backend_tools_api.html]
[matplotlib.org/stable/api/index_backend_api.html]
[matplotlib.org/stable/api/backend_mixed_api.html]
[matplotlib.org/stable/api/backend_template_api.html]
[matplotlib.org/stable/api/backend_agg_api.html]
[matplotlib.org/stable/api/backend_cairo_api.html]
[matplotlib.org/stable/api/backend_gtk3_api.html]
[matplotlib.org/stable/api/backend_gtk4_api.html]
[matplotlib.org/stable/api/backend_nbagg_api.html]
[matplotlib.org/stable/api/backend_pdf_api.html]
[matplotlib.org/stable/api/backend_pgf_api.html]
[matplotlib.org/stable/api/backend_ps_api.html]
[matplotlib.org/stable/api/backend_registry_api.html]
[matplotlib.org/stable/api/backend_qt_api.html]
[matplotlib.org/stable/api/backend_svg_api.html]
[matplotlib.org/stable/api/backend_tk_api.html]
[matplotlib.org/stable/api/backend_webagg_core_api.html]
[matplotlib.org/stable/api/backend_webagg_api.html]
[matplotlib.org/stable/api/backend_wx_api.html]
[matplotlib.org/stable/api/bezier_api.html]
[matplotlib.org/stable/api/category_api.html]
[matplotlib.org/stable/api/cbook_api.html]
[matplotlib.org/stable/api/cm_api.html]
[matplotlib.org/stable/api/colorbar_api.html]
[matplotlib.org/stable/api/collections_api.html]
[matplotlib.org/stable/api/colorizer_api.html]
[matplotlib.org/stable/api/colors_api.html]
[matplotlib.org/stable/api/_as_gen/matplotlib.colors.Normalize.html]
[matplotlib.org/stable/api/_as_gen/matplotlib.colors.NoNorm.html]
[matplotlib.org/stable/api/_as_gen/matplotlib.colors.AsinhNorm.html]
[matplotlib.org/stable/api/_as_gen/matplotlib.colors.BoundaryNorm.html]
[matplotlib.org/stable/api/_as_gen/matplotlib.colors.FuncNorm.html]
[matplotlib.org/stable/api/_as_gen/matplotlib.colors.CenteredNorm.html]
[matplotlib.org/stable/api/_as_gen/matplotlib.colors.LogNorm.html]
[matplotlib.org/stable/api/_as_gen/matplotlib.colors.PowerNorm.html]
[matplotlib.org/stable/api/_as_gen/matplotlib.colors.SymLogNorm.html]
[matplotlib.org/stable/api/_as_gen/matplotlib.colors.TwoSlopeNorm.html]
[matplotlib.org/stable/api/_as_gen/matplotlib.colors.Colormap.html]
[matplotlib.org/stable/api/_as_gen/matplotlib.colors.LinearSegmentedColormap.html]
[matplotlib.org/stable/api/_as_gen/matplotlib.colors.ListedColormap.html]
[matplotlib.org/stable/api/_as_gen/matplotlib.colors.BivarColormap.html]
[matplotlib.org/stable/api/_as_gen/matplotlib.colors.SegmentedBivarColormap.html]
[matplotlib.org/stable/api/_as_gen/matplotlib.colors.BivarColormapFromImage.html]
[matplotlib.org/stable/api/_as_gen/matplotlib.colors.ColorSequenceRegistry.html]
[matplotlib.org/stable/api/_as_gen/matplotlib.colors.LightSource.html]
[matplotlib.org/stable/api/_as_gen/matplotlib.colors.from_levels_and_colors.html]
[matplotlib.org/stable/api/_as_gen/matplotlib.colors.hsv_to_rgb.html]
[matplotlib.org/stable/api/_as_gen/matplotlib.colors.rgb_to_hsv.html]
[matplotlib.org/stable/api/_as_gen/matplotlib.colors.to_hex.html]
[matplotlib.org/stable/api/_as_gen/matplotlib.colors.to_rgb.html]
[matplotlib.org/stable/api/_as_gen/matplotlib.colors.to_rgba.html]
[matplotlib.org/stable/api/_as_gen/matplotlib.colors.to_rgba_array.html]
[matplotlib.org/stable/api/_as_gen/matplotlib.colors.is_color_like.html]
[matplotlib.org/stable/api/_as_gen/matplotlib.colors.same_color.html]
[matplotlib.org/stable/api/_as_gen/matplotlib.colors.get_named_colors_mapping.html]
[matplotlib.org/stable/api/_as_gen/matplotlib.colors.make_norm_from_scale.html]
[matplotlib.org/stable/api/container_api.html]
[matplotlib.org/stable/api/contour_api.html]
[matplotlib.org/stable/api/dates_api.html]
[matplotlib.org/stable/api/dviread.html]
[matplotlib.org/stable/api/_as_gen/matplotlib.figure.Figure.html]
[matplotlib.org/stable/api/_as_gen/matplotlib.figure.Figure.add_axes.html]
[matplotlib.org/stable/api/_as_gen/matplotlib.figure.Figure.add_subplot.html]
[matplotlib.org/stable/api/_as_gen/matplotlib.figure.Figure.subplots.html]
[matplotlib.org/stable/api/_as_gen/matplotlib.figure.Figure.subplot_mosaic.html]
[matplotlib.org/stable/api/_as_gen/matplotlib.figure.Figure.add_gridspec.html]
[matplotlib.org/stable/api/_as_gen/matplotlib.figure.Figure.get_axes.html]
[matplotlib.org/stable/api/_as_gen/matplotlib.figure.Figure.axes.html]
[matplotlib.org/stable/api/_as_gen/matplotlib.figure.Figure.delaxes.html]
[matplotlib.org/stable/api/_as_gen/matplotlib.figure.Figure.subfigures.html]
[matplotlib.org/stable/api/_as_gen/matplotlib.figure.Figure.add_subfigure.html]
[matplotlib.org/stable/api/_as_gen/matplotlib.figure.Figure.savefig.html]
[matplotlib.org/stable/api/_as_gen/matplotlib.figure.Figure.colorbar.html]
[matplotlib.org/stable/api/_as_gen/matplotlib.figure.Figure.legend.html]
[matplotlib.org/stable/api/_as_gen/matplotlib.figure.Figure.text.html]
[matplotlib.org/stable/api/_as_gen/matplotlib.figure.Figure.suptitle.html]
[matplotlib.org/stable/api/_as_gen/matplotlib.figure.Figure.get_suptitle.html]
[matplotlib.org/stable/api/_as_gen/matplotlib.figure.Figure.supxlabel.html]
[matplotlib.org/stable/api/_as_gen/matplotlib.figure.Figure.get_supxlabel.html]
[matplotlib.org/stable/api/_as_gen/matplotlib.figure.Figure.supylabel.html]
[matplotlib.org/stable/api/_as_gen/matplotlib.figure.Figure.get_supylabel.html]
[matplotlib.org/stable/api/_as_gen/matplotlib.figure.Figure.align_labels.html]
[matplotlib.org/stable/api/_as_gen/matplotlib.figure.Figure.align_xlabels.html]
[matplotlib.org/stable/api/_as_gen/matplotlib.figure.Figure.align_ylabels.html]
[matplotlib.org/stable/api/_as_gen/matplotlib.figure.Figure.align_titles.html]
[matplotlib.org/stable/api/_as_gen/matplotlib.figure.Figure.autofmt_xdate.html]
[matplotlib.org/stable/api/_as_gen/matplotlib.figure.Figure.set_size_inches.html]
[matplotlib.org/stable/api/_as_gen/matplotlib.figure.Figure.get_size_inches.html]
[matplotlib.org/stable/api/_as_gen/matplotlib.figure.Figure.set_figheight.html]
[matplotlib.org/stable/api/_as_gen/matplotlib.figure.Figure.get_figheight.html]
[matplotlib.org/stable/api/_as_gen/matplotlib.figure.Figure.set_figwidth.html]
[matplotlib.org/stable/api/_as_gen/matplotlib.figure.Figure.get_figwidth.html]
[matplotlib.org/stable/api/_as_gen/matplotlib.figure.Figure.dpi.html]
[matplotlib.org/stable/api/_as_gen/matplotlib.figure.Figure.set_dpi.html]
[matplotlib.org/stable/api/_as_gen/matplotlib.figure.Figure.get_dpi.html]
[matplotlib.org/stable/api/_as_gen/matplotlib.figure.Figure.subplots_adjust.html]
[matplotlib.org/stable/api/_as_gen/matplotlib.figure.Figure.set_layout_engine.html]
[matplotlib.org/stable/api/_as_gen/matplotlib.figure.Figure.get_layout_engine.html]
[matplotlib.org/stable/api/_as_gen/matplotlib.figure.Figure.tight_layout.html]
[matplotlib.org/stable/api/_as_gen/matplotlib.figure.Figure.set_tight_layout.html]
[matplotlib.org/stable/api/_as_gen/matplotlib.figure.Figure.get_tight_layout.html]
[matplotlib.org/stable/api/_as_gen/matplotlib.figure.Figure.set_constrained_layout.html]
[matplotlib.org/stable/api/_as_gen/matplotlib.figure.Figure.get_constrained_layout.html]
[matplotlib.org/stable/api/_as_gen/matplotlib.figure.Figure.set_constrained_layout_pads.html]
[matplotlib.org/stable/api/_as_gen/matplotlib.figure.Figure.get_constrained_layout_pads.html]
[matplotlib.org/stable/api/_as_gen/matplotlib.figure.Figure.ginput.html]
[matplotlib.org/stable/api/_as_gen/matplotlib.figure.Figure.add_axobserver.html]
[matplotlib.org/stable/api/_as_gen/matplotlib.figure.Figure.waitforbuttonpress.html]
[matplotlib.org/stable/api/_as_gen/matplotlib.figure.Figure.pick.html]
[matplotlib.org/stable/api/_as_gen/matplotlib.figure.Figure.set_frameon.html]
[matplotlib.org/stable/api/_as_gen/matplotlib.figure.Figure.get_frameon.html]
[matplotlib.org/stable/api/_as_gen/matplotlib.figure.Figure.set_linewidth.html]
[matplotlib.org/stable/api/_as_gen/matplotlib.figure.Figure.get_linewidth.html]
[matplotlib.org/stable/api/_as_gen/matplotlib.figure.Figure.set_facecolor.html]
[matplotlib.org/stable/api/_as_gen/matplotlib.figure.Figure.get_facecolor.html]
[matplotlib.org/stable/api/_as_gen/matplotlib.figure.Figure.set_edgecolor.html]
[matplotlib.org/stable/api/_as_gen/matplotlib.figure.Figure.get_edgecolor.html]
[matplotlib.org/stable/api/_as_gen/matplotlib.figure.Figure.add_artist.html]
[matplotlib.org/stable/api/_as_gen/matplotlib.figure.Figure.get_children.html]
[matplotlib.org/stable/api/_as_gen/matplotlib.figure.Figure.figimage.html]
[matplotlib.org/stable/api/_as_gen/matplotlib.figure.Figure.clear.html]
[matplotlib.org/stable/api/_as_gen/matplotlib.figure.Figure.gca.html]
[matplotlib.org/stable/api/_as_gen/matplotlib.figure.Figure.sca.html]
[matplotlib.org/stable/api/_as_gen/matplotlib.figure.Figure.get_tightbbox.html]
[matplotlib.org/stable/api/_as_gen/matplotlib.figure.Figure.get_window_extent.html]
[matplotlib.org/stable/api/_as_gen/matplotlib.figure.Figure.show.html]
[matplotlib.org/stable/api/_as_gen/matplotlib.figure.Figure.set_canvas.html]
[matplotlib.org/stable/api/_as_gen/matplotlib.figure.Figure.draw.html]
[matplotlib.org/stable/api/_as_gen/matplotlib.figure.Figure.draw_without_rendering.html]
[matplotlib.org/stable/api/_as_gen/matplotlib.figure.Figure.draw_artist.html]
[matplotlib.org/stable/api/_as_gen/matplotlib.figure.SubFigure.html]
[matplotlib.org/stable/api/_as_gen/matplotlib.figure.SubFigure.add_axes.html]
[matplotlib.org/stable/api/_as_gen/matplotlib.figure.SubFigure.add_subplot.html]
[matplotlib.org/stable/api/_as_gen/matplotlib.figure.SubFigure.subplots.html]
[matplotlib.org/stable/api/_as_gen/matplotlib.figure.SubFigure.subplot_mosaic.html]
[matplotlib.org/stable/api/_as_gen/matplotlib.figure.SubFigure.add_gridspec.html]
[matplotlib.org/stable/api/_as_gen/matplotlib.figure.SubFigure.delaxes.html]
[matplotlib.org/stable/api/_as_gen/matplotlib.figure.SubFigure.add_subfigure.html]
[matplotlib.org/stable/api/_as_gen/matplotlib.figure.SubFigure.subfigures.html]
[matplotlib.org/stable/api/_as_gen/matplotlib.figure.SubFigure.colorbar.html]
[matplotlib.org/stable/api/_as_gen/matplotlib.figure.SubFigure.legend.html]
[matplotlib.org/stable/api/_as_gen/matplotlib.figure.SubFigure.text.html]
[matplotlib.org/stable/api/_as_gen/matplotlib.figure.SubFigure.suptitle.html]
[matplotlib.org/stable/api/_as_gen/matplotlib.figure.SubFigure.get_suptitle.html]
[matplotlib.org/stable/api/_as_gen/matplotlib.figure.SubFigure.supxlabel.html]
[matplotlib.org/stable/api/_as_gen/matplotlib.figure.SubFigure.get_supxlabel.html]
[matplotlib.org/stable/api/_as_gen/matplotlib.figure.SubFigure.supylabel.html]
[matplotlib.org/stable/api/_as_gen/matplotlib.figure.SubFigure.get_supylabel.html]
[matplotlib.org/stable/api/_as_gen/matplotlib.figure.SubFigure.align_labels.html]
[matplotlib.org/stable/api/_as_gen/matplotlib.figure.SubFigure.align_xlabels.html]
[matplotlib.org/stable/api/_as_gen/matplotlib.figure.SubFigure.align_ylabels.html]
[matplotlib.org/stable/api/_as_gen/matplotlib.figure.SubFigure.align_titles.html]
[matplotlib.org/stable/api/_as_gen/matplotlib.figure.SubFigure.add_artist.html]
[matplotlib.org/stable/api/_as_gen/matplotlib.figure.SubFigure.get_children.html]
[matplotlib.org/stable/api/_as_gen/matplotlib.figure.SubFigure.set_frameon.html]
[matplotlib.org/stable/api/_as_gen/matplotlib.figure.SubFigure.get_frameon.html]
[matplotlib.org/stable/api/_as_gen/matplotlib.figure.SubFigure.set_linewidth.html]
[matplotlib.org/stable/api/_as_gen/matplotlib.figure.SubFigure.get_linewidth.html]
[matplotlib.org/stable/api/_as_gen/matplotlib.figure.SubFigure.set_facecolor.html]
[matplotlib.org/stable/api/_as_gen/matplotlib.figure.SubFigure.get_facecolor.html]
[matplotlib.org/stable/api/_as_gen/matplotlib.figure.SubFigure.set_edgecolor.html]
[matplotlib.org/stable/api/_as_gen/matplotlib.figure.SubFigure.get_edgecolor.html]
[matplotlib.org/stable/api/_as_gen/matplotlib.figure.SubFigure.set_dpi.html]
[matplotlib.org/stable/api/_as_gen/matplotlib.figure.SubFigure.get_dpi.html]
[matplotlib.org/stable/api/font_manager_api.html]
[matplotlib.org/stable/api/ft2font.html]
[matplotlib.org/stable/api/gridspec_api.html]
[matplotlib.org/stable/api/_as_gen/matplotlib.gridspec.GridSpec.html]
[matplotlib.org/stable/api/_as_gen/matplotlib.gridspec.SubplotSpec.html]
[matplotlib.org/stable/api/_as_gen/matplotlib.gridspec.GridSpecBase.html]
[matplotlib.org/stable/api/_as_gen/matplotlib.gridspec.GridSpecFromSubplotSpec.html]
[matplotlib.org/stable/api/_as_gen/matplotlib.gridspec.SubplotParams.html]
[matplotlib.org/stable/api/hatch_api.html]
[matplotlib.org/stable/api/image_api.html]
[matplotlib.org/stable/api/inset_api.html]
[matplotlib.org/stable/api/layout_engine_api.html]
[matplotlib.org/stable/api/legend_api.html]
[matplotlib.org/stable/api/legend_handler_api.html]
[matplotlib.org/stable/api/lines_api.html]
[matplotlib.org/stable/api/_as_gen/matplotlib.lines.Line2D.html]
[matplotlib.org/stable/api/_as_gen/matplotlib.lines.VertexSelector.html]
[matplotlib.org/stable/api/_as_gen/matplotlib.lines.AxLine.html]
[matplotlib.org/stable/api/_as_gen/matplotlib.lines.segment_hits.html]
[matplotlib.org/stable/api/markers_api.html]
[matplotlib.org/stable/api/_as_gen/matplotlib.markers.MarkerStyle.html]
[matplotlib.org/stable/api/mathtext_api.html]
[matplotlib.org/stable/api/mlab_api.html]
[matplotlib.org/stable/api/offsetbox_api.html]
[matplotlib.org/stable/api/patches_api.html]
[matplotlib.org/stable/api/_as_gen/matplotlib.patches.Annulus.html]
[matplotlib.org/stable/api/_as_gen/matplotlib.patches.Arc.html]
[matplotlib.org/stable/api/_as_gen/matplotlib.patches.Arrow.html]
[matplotlib.org/stable/api/_as_gen/matplotlib.patches.ArrowStyle.html]
[matplotlib.org/stable/api/_as_gen/matplotlib.patches.BoxStyle.html]
[matplotlib.org/stable/api/_as_gen/matplotlib.patches.Circle.html]
[matplotlib.org/stable/api/_as_gen/matplotlib.patches.CirclePolygon.html]
[matplotlib.org/stable/api/_as_gen/matplotlib.patches.ConnectionPatch.html]
[matplotlib.org/stable/api/_as_gen/matplotlib.patches.ConnectionStyle.html]
[matplotlib.org/stable/api/_as_gen/matplotlib.patches.Ellipse.html]
[matplotlib.org/stable/api/_as_gen/matplotlib.patches.FancyArrow.html]
[matplotlib.org/stable/api/_as_gen/matplotlib.patches.FancyArrowPatch.html]
[matplotlib.org/stable/api/_as_gen/matplotlib.patches.FancyBboxPatch.html]
[matplotlib.org/stable/api/_as_gen/matplotlib.patches.Patch.html]
[matplotlib.org/stable/api/_as_gen/matplotlib.patches.PathPatch.html]
[matplotlib.org/stable/api/_as_gen/matplotlib.patches.StepPatch.html]
[matplotlib.org/stable/api/_as_gen/matplotlib.patches.Polygon.html]
[matplotlib.org/stable/api/_as_gen/matplotlib.patches.Rectangle.html]
[matplotlib.org/stable/api/_as_gen/matplotlib.patches.RegularPolygon.html]
[matplotlib.org/stable/api/_as_gen/matplotlib.patches.Shadow.html]
[matplotlib.org/stable/api/_as_gen/matplotlib.patches.Wedge.html]
[matplotlib.org/stable/api/_as_gen/matplotlib.patches.bbox_artist.html]
[matplotlib.org/stable/api/_as_gen/matplotlib.patches.draw_bbox.html]
[matplotlib.org/stable/api/path_api.html]
[matplotlib.org/stable/api/patheffects_api.html]
[matplotlib.org/stable/api/pyplot_summary.html]
[matplotlib.org/stable/api/_as_gen/matplotlib.pyplot.axes.html]
[matplotlib.org/stable/api/_as_gen/matplotlib.pyplot.cla.html]
[matplotlib.org/stable/api/_as_gen/matplotlib.pyplot.clf.html]
[matplotlib.org/stable/api/_as_gen/matplotlib.pyplot.close.html]
[matplotlib.org/stable/api/_as_gen/matplotlib.pyplot.delaxes.html]
[matplotlib.org/stable/api/_as_gen/matplotlib.pyplot.fignum_exists.html]
[matplotlib.org/stable/api/_as_gen/matplotlib.pyplot.gca.html]
[matplotlib.org/stable/api/_as_gen/matplotlib.pyplot.gcf.html]
[matplotlib.org/stable/api/_as_gen/matplotlib.pyplot.get_figlabels.html]
[matplotlib.org/stable/api/_as_gen/matplotlib.pyplot.get_fignums.html]
[matplotlib.org/stable/api/_as_gen/matplotlib.pyplot.sca.html]
[matplotlib.org/stable/api/_as_gen/matplotlib.pyplot.subplot.html]
[matplotlib.org/stable/api/_as_gen/matplotlib.pyplot.subplot2grid.html]
[matplotlib.org/stable/api/_as_gen/matplotlib.pyplot.twinx.html]
[matplotlib.org/stable/api/_as_gen/matplotlib.pyplot.twiny.html]
[matplotlib.org/stable/api/_as_gen/matplotlib.pyplot.plot.html]
[matplotlib.org/stable/api/_as_gen/matplotlib.pyplot.errorbar.html]
[matplotlib.org/stable/api/_as_gen/matplotlib.pyplot.scatter.html]
[matplotlib.org/stable/api/_as_gen/matplotlib.pyplot.plot_date.html]
[matplotlib.org/stable/api/_as_gen/matplotlib.pyplot.step.html]
[matplotlib.org/stable/api/_as_gen/matplotlib.pyplot.loglog.html]
[matplotlib.org/stable/api/_as_gen/matplotlib.pyplot.semilogx.html]
[matplotlib.org/stable/api/_as_gen/matplotlib.pyplot.semilogy.html]
[matplotlib.org/stable/api/_as_gen/matplotlib.pyplot.fill_between.html]
[matplotlib.org/stable/api/_as_gen/matplotlib.pyplot.fill_betweenx.html]
[matplotlib.org/stable/api/_as_gen/matplotlib.pyplot.bar.html]
[matplotlib.org/stable/api/_as_gen/matplotlib.pyplot.barh.html]
[matplotlib.org/stable/api/_as_gen/matplotlib.pyplot.bar_label.html]
[matplotlib.org/stable/api/_as_gen/matplotlib.pyplot.stem.html]
[matplotlib.org/stable/api/_as_gen/matplotlib.pyplot.eventplot.html]
[matplotlib.org/stable/api/_as_gen/matplotlib.pyplot.pie.html]
[matplotlib.org/stable/api/_as_gen/matplotlib.pyplot.stackplot.html]
[matplotlib.org/stable/api/_as_gen/matplotlib.pyplot.broken_barh.html]
[matplotlib.org/stable/api/_as_gen/matplotlib.pyplot.vlines.html]
[matplotlib.org/stable/api/_as_gen/matplotlib.pyplot.hlines.html]
[matplotlib.org/stable/api/_as_gen/matplotlib.pyplot.fill.html]
[matplotlib.org/stable/api/_as_gen/matplotlib.pyplot.polar.html]
[matplotlib.org/stable/api/_as_gen/matplotlib.pyplot.axhline.html]
[matplotlib.org/stable/api/_as_gen/matplotlib.pyplot.axhspan.html]
[matplotlib.org/stable/api/_as_gen/matplotlib.pyplot.axvline.html]
[matplotlib.org/stable/api/_as_gen/matplotlib.pyplot.axvspan.html]
[matplotlib.org/stable/api/_as_gen/matplotlib.pyplot.axline.html]
[matplotlib.org/stable/api/_as_gen/matplotlib.pyplot.acorr.html]
[matplotlib.org/stable/api/_as_gen/matplotlib.pyplot.angle_spectrum.html]
[matplotlib.org/stable/api/_as_gen/matplotlib.pyplot.cohere.html]
[matplotlib.org/stable/api/_as_gen/matplotlib.pyplot.csd.html]
[matplotlib.org/stable/api/_as_gen/matplotlib.pyplot.magnitude_spectrum.html]
[matplotlib.org/stable/api/_as_gen/matplotlib.pyplot.phase_spectrum.html]
[matplotlib.org/stable/api/_as_gen/matplotlib.pyplot.psd.html]
[matplotlib.org/stable/api/_as_gen/matplotlib.pyplot.specgram.html]
[matplotlib.org/stable/api/_as_gen/matplotlib.pyplot.xcorr.html]
[matplotlib.org/stable/api/_as_gen/matplotlib.pyplot.ecdf.html]
[matplotlib.org/stable/api/_as_gen/matplotlib.pyplot.boxplot.html]
[matplotlib.org/stable/api/_as_gen/matplotlib.pyplot.violinplot.html]
[matplotlib.org/stable/api/_as_gen/matplotlib.pyplot.hexbin.html]
[matplotlib.org/stable/api/_as_gen/matplotlib.pyplot.hist.html]
[matplotlib.org/stable/api/_as_gen/matplotlib.pyplot.hist2d.html]
[matplotlib.org/stable/api/_as_gen/matplotlib.pyplot.stairs.html]
[matplotlib.org/stable/api/_as_gen/matplotlib.pyplot.clabel.html]
[matplotlib.org/stable/api/_as_gen/matplotlib.pyplot.contour.html]
[matplotlib.org/stable/api/_as_gen/matplotlib.pyplot.contourf.html]
[matplotlib.org/stable/api/_as_gen/matplotlib.pyplot.imshow.html]
[matplotlib.org/stable/api/_as_gen/matplotlib.pyplot.matshow.html]
[matplotlib.org/stable/api/_as_gen/matplotlib.pyplot.pcolor.html]
[matplotlib.org/stable/api/_as_gen/matplotlib.pyplot.pcolormesh.html]
[matplotlib.org/stable/api/_as_gen/matplotlib.pyplot.spy.html]
[matplotlib.org/stable/api/_as_gen/matplotlib.pyplot.figimage.html]
[matplotlib.org/stable/api/_as_gen/matplotlib.pyplot.triplot.html]
[matplotlib.org/stable/api/_as_gen/matplotlib.pyplot.tripcolor.html]
[matplotlib.org/stable/api/_as_gen/matplotlib.pyplot.tricontour.html]
[matplotlib.org/stable/api/_as_gen/matplotlib.pyplot.tricontourf.html]
[matplotlib.org/stable/api/_as_gen/matplotlib.pyplot.annotate.html]
[matplotlib.org/stable/api/_as_gen/matplotlib.pyplot.text.html]
[matplotlib.org/stable/api/_as_gen/matplotlib.pyplot.figtext.html]
[matplotlib.org/stable/api/_as_gen/matplotlib.pyplot.table.html]
[matplotlib.org/stable/api/_as_gen/matplotlib.pyplot.arrow.html]
[matplotlib.org/stable/api/_as_gen/matplotlib.pyplot.figlegend.html]
[matplotlib.org/stable/api/_as_gen/matplotlib.pyplot.legend.html]
[matplotlib.org/stable/api/_as_gen/matplotlib.pyplot.barbs.html]
[matplotlib.org/stable/api/_as_gen/matplotlib.pyplot.quiver.html]
[matplotlib.org/stable/api/_as_gen/matplotlib.pyplot.quiverkey.html]
[matplotlib.org/stable/api/_as_gen/matplotlib.pyplot.streamplot.html]
[matplotlib.org/stable/api/_as_gen/matplotlib.pyplot.autoscale.html]
[matplotlib.org/stable/api/_as_gen/matplotlib.pyplot.axis.html]
[matplotlib.org/stable/api/_as_gen/matplotlib.pyplot.box.html]
[matplotlib.org/stable/api/_as_gen/matplotlib.pyplot.grid.html]
[matplotlib.org/stable/api/_as_gen/matplotlib.pyplot.locator_params.html]
[matplotlib.org/stable/api/_as_gen/matplotlib.pyplot.minorticks_off.html]
[matplotlib.org/stable/api/_as_gen/matplotlib.pyplot.minorticks_on.html]
[matplotlib.org/stable/api/_as_gen/matplotlib.pyplot.rgrids.html]
[matplotlib.org/stable/api/_as_gen/matplotlib.pyplot.thetagrids.html]
[matplotlib.org/stable/api/_as_gen/matplotlib.pyplot.tick_params.html]
[matplotlib.org/stable/api/_as_gen/matplotlib.pyplot.ticklabel_format.html]
[matplotlib.org/stable/api/_as_gen/matplotlib.pyplot.xlabel.html]
[matplotlib.org/stable/api/_as_gen/matplotlib.pyplot.xlim.html]
[matplotlib.org/stable/api/_as_gen/matplotlib.pyplot.xscale.html]
[matplotlib.org/stable/api/_as_gen/matplotlib.pyplot.xticks.html]
[matplotlib.org/stable/api/_as_gen/matplotlib.pyplot.ylabel.html]
[matplotlib.org/stable/api/_as_gen/matplotlib.pyplot.ylim.html]
[matplotlib.org/stable/api/_as_gen/matplotlib.pyplot.yscale.html]
[matplotlib.org/stable/api/_as_gen/matplotlib.pyplot.yticks.html]
[matplotlib.org/stable/api/_as_gen/matplotlib.pyplot.suptitle.html]
[matplotlib.org/stable/api/_as_gen/matplotlib.pyplot.title.html]
[matplotlib.org/stable/api/_as_gen/matplotlib.pyplot.margins.html]
[matplotlib.org/stable/api/_as_gen/matplotlib.pyplot.subplots_adjust.html]
[matplotlib.org/stable/api/_as_gen/matplotlib.pyplot.subplot_tool.html]
[matplotlib.org/stable/api/_as_gen/matplotlib.pyplot.tight_layout.html]
[matplotlib.org/stable/api/_as_gen/matplotlib.pyplot.clim.html]
[matplotlib.org/stable/api/_as_gen/matplotlib.pyplot.colorbar.html]
[matplotlib.org/stable/api/_as_gen/matplotlib.pyplot.gci.html]
[matplotlib.org/stable/api/_as_gen/matplotlib.pyplot.sci.html]
[matplotlib.org/stable/api/_as_gen/matplotlib.pyplot.get_cmap.html]
[matplotlib.org/stable/api/_as_gen/matplotlib.pyplot.set_cmap.html]
[matplotlib.org/stable/api/_as_gen/matplotlib.pyplot.imread.html]
[matplotlib.org/stable/api/_as_gen/matplotlib.pyplot.imsave.html]
[matplotlib.org/stable/api/_as_gen/matplotlib.pyplot.rc.html]
[matplotlib.org/stable/api/_as_gen/matplotlib.pyplot.rc_context.html]
[matplotlib.org/stable/api/_as_gen/matplotlib.pyplot.rcdefaults.html]
[matplotlib.org/stable/api/_as_gen/matplotlib.pyplot.draw_if_interactive.html]
[matplotlib.org/stable/api/_as_gen/matplotlib.pyplot.draw.html]
[matplotlib.org/stable/api/_as_gen/matplotlib.pyplot.ioff.html]
[matplotlib.org/stable/api/_as_gen/matplotlib.pyplot.ion.html]
[matplotlib.org/stable/api/_as_gen/matplotlib.pyplot.install_repl_displayhook.html]
[matplotlib.org/stable/api/_as_gen/matplotlib.pyplot.isinteractive.html]
[matplotlib.org/stable/api/_as_gen/matplotlib.pyplot.pause.html]
[matplotlib.org/stable/api/_as_gen/matplotlib.pyplot.show.html]
[matplotlib.org/stable/api/_as_gen/matplotlib.pyplot.savefig.html]
[matplotlib.org/stable/api/_as_gen/matplotlib.pyplot.switch_backend.html]
[matplotlib.org/stable/api/_as_gen/matplotlib.pyplot.uninstall_repl_displayhook.html]
[matplotlib.org/stable/api/_as_gen/matplotlib.pyplot.connect.html]
[matplotlib.org/stable/api/_as_gen/matplotlib.pyplot.disconnect.html]
[matplotlib.org/stable/api/_as_gen/matplotlib.pyplot.get.html]
[matplotlib.org/stable/api/_as_gen/matplotlib.pyplot.findobj.html]
[matplotlib.org/stable/api/_as_gen/matplotlib.pyplot.getp.html]
[matplotlib.org/stable/api/_as_gen/matplotlib.pyplot.get_current_fig_manager.html]
[matplotlib.org/stable/api/_as_gen/matplotlib.pyplot.ginput.html]
[matplotlib.org/stable/api/_as_gen/matplotlib.pyplot.new_figure_manager.html]
[matplotlib.org/stable/api/_as_gen/matplotlib.pyplot.set_loglevel.html]
[matplotlib.org/stable/api/_as_gen/matplotlib.pyplot.setp.html]
[matplotlib.org/stable/api/_as_gen/matplotlib.pyplot.waitforbuttonpress.html]
[matplotlib.org/stable/api/_as_gen/matplotlib.pyplot.xkcd.html]
[matplotlib.org/stable/api/projections_api.html]
[matplotlib.org/stable/api/projections/polar.html]
[matplotlib.org/stable/api/projections/geo.html]
[matplotlib.org/stable/api/quiver_api.html]
[matplotlib.org/stable/api/_as_gen/matplotlib.quiver.Quiver.html]
[matplotlib.org/stable/api/_as_gen/matplotlib.quiver.QuiverKey.html]
[matplotlib.org/stable/api/_as_gen/matplotlib.quiver.Barbs.html]
[matplotlib.org/stable/api/rcsetup_api.html]
[matplotlib.org/stable/api/sankey_api.html]
[matplotlib.org/stable/api/scale_api.html]
[matplotlib.org/stable/api/sphinxext_mathmpl_api.html]
[matplotlib.org/stable/api/sphinxext_plot_directive_api.html]
[matplotlib.org/stable/api/sphinxext_figmpl_directive_api.html]
[matplotlib.org/stable/api/sphinxext_roles.html]
[matplotlib.org/stable/api/spines_api.html]
[matplotlib.org/stable/api/style_api.html]
[matplotlib.org/stable/api/table_api.html]
[matplotlib.org/stable/api/testing_api.html]
[matplotlib.org/stable/api/text_api.html]
[matplotlib.org/stable/api/texmanager_api.html]
[matplotlib.org/stable/api/ticker_api.html]
[matplotlib.org/stable/api/transformations.html]
[matplotlib.org/stable/api/tri_api.html]
[matplotlib.org/stable/api/typing_api.html]
[matplotlib.org/stable/api/units_api.html]
[matplotlib.org/stable/api/widgets_api.html]
[matplotlib.org/stable/api/_afm_api.html]
[matplotlib.org/stable/api/_api_api.html]
[matplotlib.org/stable/api/_docstring_api.html]
[matplotlib.org/stable/api/_enums_api.html]
[matplotlib.org/stable/api/_type1font.html]
[matplotlib.org/stable/api/_tight_bbox_api.html]
[matplotlib.org/stable/api/_tight_layout_api.html]
[matplotlib.org/stable/api/toolkits/mplot3d/faq.html]
[matplotlib.org/stable/api/toolkits/mplot3d/view_angles.html]
[matplotlib.org/stable/api/toolkits/mplot3d/axes3d.html]
[matplotlib.org/stable/api/_as_gen/mpl_toolkits.mplot3d.axes3d.Axes3D.plot.html]
[matplotlib.org/stable/api/_as_gen/mpl_toolkits.mplot3d.axes3d.Axes3D.scatter.html]
[matplotlib.org/stable/api/_as_gen/mpl_toolkits.mplot3d.axes3d.Axes3D.bar.html]
[matplotlib.org/stable/api/_as_gen/mpl_toolkits.mplot3d.axes3d.Axes3D.bar3d.html]
[matplotlib.org/stable/api/_as_gen/mpl_toolkits.mplot3d.axes3d.Axes3D.plot_surface.html]
[matplotlib.org/stable/api/_as_gen/mpl_toolkits.mplot3d.axes3d.Axes3D.plot_wireframe.html]
[matplotlib.org/stable/api/_as_gen/mpl_toolkits.mplot3d.axes3d.Axes3D.plot_trisurf.html]
[matplotlib.org/stable/api/_as_gen/mpl_toolkits.mplot3d.axes3d.Axes3D.fill_between.html]
[matplotlib.org/stable/api/_as_gen/mpl_toolkits.mplot3d.axes3d.Axes3D.clabel.html]
[matplotlib.org/stable/api/_as_gen/mpl_toolkits.mplot3d.axes3d.Axes3D.contour.html]
[matplotlib.org/stable/api/_as_gen/mpl_toolkits.mplot3d.axes3d.Axes3D.tricontour.html]
[matplotlib.org/stable/api/_as_gen/mpl_toolkits.mplot3d.axes3d.Axes3D.contourf.html]
[matplotlib.org/stable/api/_as_gen/mpl_toolkits.mplot3d.axes3d.Axes3D.tricontourf.html]
[matplotlib.org/stable/api/_as_gen/mpl_toolkits.mplot3d.axes3d.Axes3D.quiver.html]
[matplotlib.org/stable/api/_as_gen/mpl_toolkits.mplot3d.axes3d.Axes3D.voxels.html]
[matplotlib.org/stable/api/_as_gen/mpl_toolkits.mplot3d.axes3d.Axes3D.errorbar.html]
[matplotlib.org/stable/api/_as_gen/mpl_toolkits.mplot3d.axes3d.Axes3D.stem.html]
[matplotlib.org/stable/api/_as_gen/mpl_toolkits.mplot3d.axes3d.Axes3D.text.html]
[matplotlib.org/stable/api/_as_gen/mpl_toolkits.mplot3d.axes3d.Axes3D.text2D.html]
[matplotlib.org/stable/api/_as_gen/mpl_toolkits.mplot3d.axes3d.Axes3D.clear.html]
[matplotlib.org/stable/api/_as_gen/mpl_toolkits.mplot3d.axes3d.Axes3D.set_axis_off.html]
[matplotlib.org/stable/api/_as_gen/mpl_toolkits.mplot3d.axes3d.Axes3D.set_axis_on.html]
[matplotlib.org/stable/api/_as_gen/mpl_toolkits.mplot3d.axes3d.Axes3D.grid.html]
[matplotlib.org/stable/api/_as_gen/mpl_toolkits.mplot3d.axes3d.Axes3D.get_zaxis.html]
[matplotlib.org/stable/api/_as_gen/mpl_toolkits.mplot3d.axes3d.Axes3D.get_xlim.html]
[matplotlib.org/stable/api/_as_gen/mpl_toolkits.mplot3d.axes3d.Axes3D.set_xlim.html]
[matplotlib.org/stable/api/_as_gen/mpl_toolkits.mplot3d.axes3d.Axes3D.get_ylim.html]
[matplotlib.org/stable/api/_as_gen/mpl_toolkits.mplot3d.axes3d.Axes3D.set_ylim.html]
[matplotlib.org/stable/api/_as_gen/mpl_toolkits.mplot3d.axes3d.Axes3D.get_zlim.html]
[matplotlib.org/stable/api/_as_gen/mpl_toolkits.mplot3d.axes3d.Axes3D.set_zlim.html]
[matplotlib.org/stable/api/_as_gen/mpl_toolkits.mplot3d.axes3d.Axes3D.get_w_lims.html]
[matplotlib.org/stable/api/_as_gen/mpl_toolkits.mplot3d.axes3d.Axes3D.invert_xaxis.html]
[matplotlib.org/stable/api/_as_gen/mpl_toolkits.mplot3d.axes3d.Axes3D.xaxis_inverted.html]
[matplotlib.org/stable/api/_as_gen/mpl_toolkits.mplot3d.axes3d.Axes3D.invert_yaxis.html]
[matplotlib.org/stable/api/_as_gen/mpl_toolkits.mplot3d.axes3d.Axes3D.yaxis_inverted.html]
[matplotlib.org/stable/api/_as_gen/mpl_toolkits.mplot3d.axes3d.Axes3D.invert_zaxis.html]
[matplotlib.org/stable/api/_as_gen/mpl_toolkits.mplot3d.axes3d.Axes3D.zaxis_inverted.html]
[matplotlib.org/stable/api/_as_gen/mpl_toolkits.mplot3d.axes3d.Axes3D.get_xbound.html]
[matplotlib.org/stable/api/_as_gen/mpl_toolkits.mplot3d.axes3d.Axes3D.set_xbound.html]
[matplotlib.org/stable/api/_as_gen/mpl_toolkits.mplot3d.axes3d.Axes3D.get_ybound.html]
[matplotlib.org/stable/api/_as_gen/mpl_toolkits.mplot3d.axes3d.Axes3D.set_ybound.html]
[matplotlib.org/stable/api/_as_gen/mpl_toolkits.mplot3d.axes3d.Axes3D.get_zbound.html]
[matplotlib.org/stable/api/_as_gen/mpl_toolkits.mplot3d.axes3d.Axes3D.set_zbound.html]
[matplotlib.org/stable/api/_as_gen/mpl_toolkits.mplot3d.axes3d.Axes3D.set_zlabel.html]
[matplotlib.org/stable/api/_as_gen/mpl_toolkits.mplot3d.axes3d.Axes3D.get_zlabel.html]
[matplotlib.org/stable/api/_as_gen/mpl_toolkits.mplot3d.axes3d.Axes3D.set_title.html]
[matplotlib.org/stable/api/_as_gen/mpl_toolkits.mplot3d.axes3d.Axes3D.set_xscale.html]
[matplotlib.org/stable/api/_as_gen/mpl_toolkits.mplot3d.axes3d.Axes3D.set_yscale.html]
[matplotlib.org/stable/api/_as_gen/mpl_toolkits.mplot3d.axes3d.Axes3D.set_zscale.html]
[matplotlib.org/stable/api/_as_gen/mpl_toolkits.mplot3d.axes3d.Axes3D.get_zscale.html]
[matplotlib.org/stable/api/_as_gen/mpl_toolkits.mplot3d.axes3d.Axes3D.get_zmargin.html]
[matplotlib.org/stable/api/_as_gen/mpl_toolkits.mplot3d.axes3d.Axes3D.set_zmargin.html]
[matplotlib.org/stable/api/_as_gen/mpl_toolkits.mplot3d.axes3d.Axes3D.margins.html]
[matplotlib.org/stable/api/_as_gen/mpl_toolkits.mplot3d.axes3d.Axes3D.autoscale.html]
[matplotlib.org/stable/api/_as_gen/mpl_toolkits.mplot3d.axes3d.Axes3D.autoscale_view.html]
[matplotlib.org/stable/api/_as_gen/mpl_toolkits.mplot3d.axes3d.Axes3D.set_autoscalez_on.html]
[matplotlib.org/stable/api/_as_gen/mpl_toolkits.mplot3d.axes3d.Axes3D.get_autoscalez_on.html]
[matplotlib.org/stable/api/_as_gen/mpl_toolkits.mplot3d.axes3d.Axes3D.auto_scale_xyz.html]
[matplotlib.org/stable/api/_as_gen/mpl_toolkits.mplot3d.axes3d.Axes3D.set_aspect.html]
[matplotlib.org/stable/api/_as_gen/mpl_toolkits.mplot3d.axes3d.Axes3D.set_box_aspect.html]
[matplotlib.org/stable/api/_as_gen/mpl_toolkits.mplot3d.axes3d.Axes3D.apply_aspect.html]
[matplotlib.org/stable/api/_as_gen/mpl_toolkits.mplot3d.axes3d.Axes3D.tick_params.html]
[matplotlib.org/stable/api/_as_gen/mpl_toolkits.mplot3d.axes3d.Axes3D.set_zticks.html]
[matplotlib.org/stable/api/_as_gen/mpl_toolkits.mplot3d.axes3d.Axes3D.get_zticks.html]
[matplotlib.org/stable/api/_as_gen/mpl_toolkits.mplot3d.axes3d.Axes3D.set_zticklabels.html]
[matplotlib.org/stable/api/_as_gen/mpl_toolkits.mplot3d.axes3d.Axes3D.get_zticklines.html]
[matplotlib.org/stable/api/_as_gen/mpl_toolkits.mplot3d.axes3d.Axes3D.get_zgridlines.html]
[matplotlib.org/stable/api/_as_gen/mpl_toolkits.mplot3d.axes3d.Axes3D.get_zminorticklabels.html]
[matplotlib.org/stable/api/_as_gen/mpl_toolkits.mplot3d.axes3d.Axes3D.get_zmajorticklabels.html]
[matplotlib.org/stable/api/_as_gen/mpl_toolkits.mplot3d.axes3d.Axes3D.zaxis_date.html]
[matplotlib.org/stable/api/_as_gen/mpl_toolkits.mplot3d.axes3d.Axes3D.convert_zunits.html]
[matplotlib.org/stable/api/_as_gen/mpl_toolkits.mplot3d.axes3d.Axes3D.add_collection3d.html]
[matplotlib.org/stable/api/_as_gen/mpl_toolkits.mplot3d.axes3d.Axes3D.sharez.html]
[matplotlib.org/stable/api/_as_gen/mpl_toolkits.mplot3d.axes3d.Axes3D.shareview.html]
[matplotlib.org/stable/api/_as_gen/mpl_toolkits.mplot3d.axes3d.Axes3D.can_zoom.html]
[matplotlib.org/stable/api/_as_gen/mpl_toolkits.mplot3d.axes3d.Axes3D.can_pan.html]
[matplotlib.org/stable/api/_as_gen/mpl_toolkits.mplot3d.axes3d.Axes3D.disable_mouse_rotation.html]
[matplotlib.org/stable/api/_as_gen/mpl_toolkits.mplot3d.axes3d.Axes3D.mouse_init.html]
[matplotlib.org/stable/api/_as_gen/mpl_toolkits.mplot3d.axes3d.Axes3D.drag_pan.html]
[matplotlib.org/stable/api/_as_gen/mpl_toolkits.mplot3d.axes3d.Axes3D.format_zdata.html]
[matplotlib.org/stable/api/_as_gen/mpl_toolkits.mplot3d.axes3d.Axes3D.format_coord.html]
[matplotlib.org/stable/api/_as_gen/mpl_toolkits.mplot3d.axes3d.Axes3D.view_init.html]
[matplotlib.org/stable/api/_as_gen/mpl_toolkits.mplot3d.axes3d.Axes3D.set_proj_type.html]
[matplotlib.org/stable/api/_as_gen/mpl_toolkits.mplot3d.axes3d.Axes3D.get_proj.html]
[matplotlib.org/stable/api/_as_gen/mpl_toolkits.mplot3d.axes3d.Axes3D.set_top_view.html]
[matplotlib.org/stable/api/_as_gen/mpl_toolkits.mplot3d.axes3d.Axes3D.draw.html]
[matplotlib.org/stable/api/_as_gen/mpl_toolkits.mplot3d.axes3d.Axes3D.get_tightbbox.html]
[matplotlib.org/stable/api/_as_gen/mpl_toolkits.mplot3d.axes3d.Axes3D.set_zlim3d.html]
[matplotlib.org/stable/api/_as_gen/mpl_toolkits.mplot3d.axes3d.Axes3D.stem3D.html]
[matplotlib.org/stable/api/_as_gen/mpl_toolkits.mplot3d.axes3d.Axes3D.text3D.html]
[matplotlib.org/stable/api/_as_gen/mpl_toolkits.mplot3d.axes3d.Axes3D.get_axis_position.html]
[matplotlib.org/stable/api/_as_gen/mpl_toolkits.mplot3d.axes3d.Axes3D.add_contour_set.html]
[matplotlib.org/stable/api/_as_gen/mpl_toolkits.mplot3d.axes3d.Axes3D.add_contourf_set.html]
[matplotlib.org/stable/api/_as_gen/mpl_toolkits.mplot3d.axes3d.Axes3D.update_datalim.html]
[matplotlib.org/stable/api/_as_gen/mpl_toolkits.mplot3d.axes3d.get_test_data.html]
[matplotlib.org/stable/api/_as_gen/mpl_toolkits.mplot3d.axis3d.Axis.html]
[matplotlib.org/stable/api/_as_gen/mpl_toolkits.mplot3d.art3d.Line3D.html]
[matplotlib.org/stable/api/_as_gen/mpl_toolkits.mplot3d.art3d.Line3DCollection.html]
[matplotlib.org/stable/api/_as_gen/mpl_toolkits.mplot3d.art3d.Patch3D.html]
[matplotlib.org/stable/api/_as_gen/mpl_toolkits.mplot3d.art3d.Patch3DCollection.html]
[matplotlib.org/stable/api/_as_gen/mpl_toolkits.mplot3d.art3d.Path3DCollection.html]
[matplotlib.org/stable/api/_as_gen/mpl_toolkits.mplot3d.art3d.PathPatch3D.html]
[matplotlib.org/stable/api/_as_gen/mpl_toolkits.mplot3d.art3d.Poly3DCollection.html]
[matplotlib.org/stable/api/_as_gen/mpl_toolkits.mplot3d.art3d.Text3D.html]
[matplotlib.org/stable/api/_as_gen/mpl_toolkits.mplot3d.art3d.get_dir_vector.html]
[matplotlib.org/stable/api/_as_gen/mpl_toolkits.mplot3d.art3d.juggle_axes.html]
[matplotlib.org/stable/api/_as_gen/mpl_toolkits.mplot3d.art3d.line_2d_to_3d.html]
[matplotlib.org/stable/api/_as_gen/mpl_toolkits.mplot3d.art3d.line_collection_2d_to_3d.html]
[matplotlib.org/stable/api/_as_gen/mpl_toolkits.mplot3d.art3d.patch_2d_to_3d.html]
[matplotlib.org/stable/api/_as_gen/mpl_toolkits.mplot3d.art3d.patch_collection_2d_to_3d.html]
[matplotlib.org/stable/api/_as_gen/mpl_toolkits.mplot3d.art3d.pathpatch_2d_to_3d.html]
[matplotlib.org/stable/api/_as_gen/mpl_toolkits.mplot3d.art3d.poly_collection_2d_to_3d.html]
[matplotlib.org/stable/api/_as_gen/mpl_toolkits.mplot3d.art3d.rotate_axes.html]
[matplotlib.org/stable/api/_as_gen/mpl_toolkits.mplot3d.art3d.text_2d_to_3d.html]
[matplotlib.org/stable/api/_as_gen/mpl_toolkits.mplot3d.proj3d.proj_transform.html]
[matplotlib.org/stable/api/_as_gen/mpl_toolkits.mplot3d.proj3d.inv_transform.html]
[matplotlib.org/stable/api/_as_gen/mpl_toolkits.mplot3d.proj3d.proj_transform_clip.html]
[matplotlib.org/stable/api/_as_gen/mpl_toolkits.mplot3d.proj3d.world_transformation.html]
[matplotlib.org/stable/api/toolkits/axes_grid1.html]
[matplotlib.org/stable/api/_as_gen/mpl_toolkits.axes_grid1.anchored_artists.html]
[matplotlib.org/stable/api/_as_gen/mpl_toolkits.axes_grid1.anchored_artists.AnchoredAuxTransformBox.html]
[matplotlib.org/stable/api/_as_gen/mpl_toolkits.axes_grid1.anchored_artists.AnchoredDirectionArrows.html]
[matplotlib.org/stable/api/_as_gen/mpl_toolkits.axes_grid1.anchored_artists.AnchoredDrawingArea.html]
[matplotlib.org/stable/api/_as_gen/mpl_toolkits.axes_grid1.anchored_artists.AnchoredSizeBar.html]
[matplotlib.org/stable/api/_as_gen/mpl_toolkits.axes_grid1.axes_divider.html]
[matplotlib.org/stable/api/_as_gen/mpl_toolkits.axes_grid1.axes_divider.AxesDivider.html]
[matplotlib.org/stable/api/_as_gen/mpl_toolkits.axes_grid1.axes_divider.Divider.html]
[matplotlib.org/stable/api/_as_gen/mpl_toolkits.axes_grid1.axes_divider.HBoxDivider.html]
[matplotlib.org/stable/api/_as_gen/mpl_toolkits.axes_grid1.axes_divider.SubplotDivider.html]
[matplotlib.org/stable/api/_as_gen/mpl_toolkits.axes_grid1.axes_divider.VBoxDivider.html]
[matplotlib.org/stable/api/_as_gen/mpl_toolkits.axes_grid1.axes_divider.make_axes_area_auto_adjustable.html]
[matplotlib.org/stable/api/_as_gen/mpl_toolkits.axes_grid1.axes_divider.make_axes_locatable.html]
[matplotlib.org/stable/api/_as_gen/mpl_toolkits.axes_grid1.axes_grid.html]
[matplotlib.org/stable/api/_as_gen/mpl_toolkits.axes_grid1.axes_grid.AxesGrid.html]
[matplotlib.org/stable/api/_as_gen/mpl_toolkits.axes_grid1.axes_grid.CbarAxesBase.html]
[matplotlib.org/stable/api/_as_gen/mpl_toolkits.axes_grid1.axes_grid.Grid.html]
[matplotlib.org/stable/api/_as_gen/mpl_toolkits.axes_grid1.axes_grid.ImageGrid.html]
[matplotlib.org/stable/api/_as_gen/mpl_toolkits.axes_grid1.axes_rgb.html]
[matplotlib.org/stable/api/_as_gen/mpl_toolkits.axes_grid1.axes_rgb.RGBAxes.html]
[matplotlib.org/stable/api/_as_gen/mpl_toolkits.axes_grid1.axes_rgb.make_rgb_axes.html]
[matplotlib.org/stable/api/_as_gen/mpl_toolkits.axes_grid1.axes_size.html]
[matplotlib.org/stable/api/_as_gen/mpl_toolkits.axes_grid1.axes_size.Add.html]
[matplotlib.org/stable/api/_as_gen/mpl_toolkits.axes_grid1.axes_size.AxesX.html]
[matplotlib.org/stable/api/_as_gen/mpl_toolkits.axes_grid1.axes_size.AxesY.html]
[matplotlib.org/stable/api/_as_gen/mpl_toolkits.axes_grid1.axes_size.Fixed.html]
[matplotlib.org/stable/api/_as_gen/mpl_toolkits.axes_grid1.axes_size.Fraction.html]
[matplotlib.org/stable/api/_as_gen/mpl_toolkits.axes_grid1.axes_size.MaxExtent.html]
[matplotlib.org/stable/api/_as_gen/mpl_toolkits.axes_grid1.axes_size.MaxHeight.html]
[matplotlib.org/stable/api/_as_gen/mpl_toolkits.axes_grid1.axes_size.MaxWidth.html]
[matplotlib.org/stable/api/_as_gen/mpl_toolkits.axes_grid1.axes_size.Scalable.html]
[matplotlib.org/stable/api/_as_gen/mpl_toolkits.axes_grid1.axes_size.Scaled.html]
[matplotlib.org/stable/api/_as_gen/mpl_toolkits.axes_grid1.axes_size.from_any.html]
[matplotlib.org/stable/api/_as_gen/mpl_toolkits.axes_grid1.inset_locator.html]
[matplotlib.org/stable/api/_as_gen/mpl_toolkits.axes_grid1.inset_locator.AnchoredLocatorBase.html]
[matplotlib.org/stable/api/_as_gen/mpl_toolkits.axes_grid1.inset_locator.AnchoredSizeLocator.html]
[matplotlib.org/stable/api/_as_gen/mpl_toolkits.axes_grid1.inset_locator.AnchoredZoomLocator.html]
[matplotlib.org/stable/api/_as_gen/mpl_toolkits.axes_grid1.inset_locator.BboxConnector.html]
[matplotlib.org/stable/api/_as_gen/mpl_toolkits.axes_grid1.inset_locator.BboxConnectorPatch.html]
[matplotlib.org/stable/api/_as_gen/mpl_toolkits.axes_grid1.inset_locator.BboxPatch.html]
[matplotlib.org/stable/api/_as_gen/mpl_toolkits.axes_grid1.inset_locator.inset_axes.html]
[matplotlib.org/stable/api/_as_gen/mpl_toolkits.axes_grid1.inset_locator.mark_inset.html]
[matplotlib.org/stable/api/_as_gen/mpl_toolkits.axes_grid1.inset_locator.zoomed_inset_axes.html]
[matplotlib.org/stable/api/_as_gen/mpl_toolkits.axes_grid1.mpl_axes.html]
[matplotlib.org/stable/api/_as_gen/mpl_toolkits.axes_grid1.mpl_axes.Axes.html]
[matplotlib.org/stable/api/_as_gen/mpl_toolkits.axes_grid1.mpl_axes.SimpleAxisArtist.html]
[matplotlib.org/stable/api/_as_gen/mpl_toolkits.axes_grid1.mpl_axes.SimpleChainedObjects.html]
[matplotlib.org/stable/api/_as_gen/mpl_toolkits.axes_grid1.parasite_axes.html]
[matplotlib.org/stable/api/_as_gen/mpl_toolkits.axes_grid1.parasite_axes.HostAxes.html]
[matplotlib.org/stable/api/_as_gen/mpl_toolkits.axes_grid1.parasite_axes.HostAxesBase.html]
[matplotlib.org/stable/api/_as_gen/mpl_toolkits.axes_grid1.parasite_axes.ParasiteAxes.html]
[matplotlib.org/stable/api/_as_gen/mpl_toolkits.axes_grid1.parasite_axes.ParasiteAxesBase.html]
[matplotlib.org/stable/api/_as_gen/mpl_toolkits.axes_grid1.parasite_axes.SubplotHost.html]
[matplotlib.org/stable/api/_as_gen/mpl_toolkits.axes_grid1.parasite_axes.host_axes.html]
[matplotlib.org/stable/api/_as_gen/mpl_toolkits.axes_grid1.parasite_axes.host_axes_class_factory.html]
[matplotlib.org/stable/api/_as_gen/mpl_toolkits.axes_grid1.parasite_axes.host_subplot.html]
[matplotlib.org/stable/api/_as_gen/mpl_toolkits.axes_grid1.parasite_axes.host_subplot_class_factory.html]
[matplotlib.org/stable/api/_as_gen/mpl_toolkits.axes_grid1.parasite_axes.parasite_axes_class_factory.html]
[matplotlib.org/stable/api/toolkits/axisartist.html]
[matplotlib.org/stable/api/_as_gen/mpl_toolkits.axisartist.angle_helper.html]
[matplotlib.org/stable/api/_as_gen/mpl_toolkits.axisartist.angle_helper.ExtremeFinderCycle.html]
[matplotlib.org/stable/api/_as_gen/mpl_toolkits.axisartist.angle_helper.FormatterDMS.html]
[matplotlib.org/stable/api/_as_gen/mpl_toolkits.axisartist.angle_helper.FormatterHMS.html]
[matplotlib.org/stable/api/_as_gen/mpl_toolkits.axisartist.angle_helper.LocatorBase.html]
[matplotlib.org/stable/api/_as_gen/mpl_toolkits.axisartist.angle_helper.LocatorD.html]
[matplotlib.org/stable/api/_as_gen/mpl_toolkits.axisartist.angle_helper.LocatorDM.html]
[matplotlib.org/stable/api/_as_gen/mpl_toolkits.axisartist.angle_helper.LocatorDMS.html]
[matplotlib.org/stable/api/_as_gen/mpl_toolkits.axisartist.angle_helper.LocatorH.html]
[matplotlib.org/stable/api/_as_gen/mpl_toolkits.axisartist.angle_helper.LocatorHM.html]
[matplotlib.org/stable/api/_as_gen/mpl_toolkits.axisartist.angle_helper.LocatorHMS.html]
[matplotlib.org/stable/api/_as_gen/mpl_toolkits.axisartist.angle_helper.select_step.html]
[matplotlib.org/stable/api/_as_gen/mpl_toolkits.axisartist.angle_helper.select_step24.html]
[matplotlib.org/stable/api/_as_gen/mpl_toolkits.axisartist.angle_helper.select_step360.html]
[matplotlib.org/stable/api/_as_gen/mpl_toolkits.axisartist.angle_helper.select_step_degree.html]
[matplotlib.org/stable/api/_as_gen/mpl_toolkits.axisartist.angle_helper.select_step_hour.html]
[matplotlib.org/stable/api/_as_gen/mpl_toolkits.axisartist.angle_helper.select_step_sub.html]
[matplotlib.org/stable/api/_as_gen/mpl_toolkits.axisartist.axes_divider.html]
[matplotlib.org/stable/api/_as_gen/mpl_toolkits.axisartist.axis_artist.html]
[matplotlib.org/stable/api/_as_gen/mpl_toolkits.axisartist.axis_artist.AttributeCopier.html]
[matplotlib.org/stable/api/_as_gen/mpl_toolkits.axisartist.axis_artist.AxisArtist.html]
[matplotlib.org/stable/api/_as_gen/mpl_toolkits.axisartist.axis_artist.GridlinesCollection.html]
[matplotlib.org/stable/api/_as_gen/mpl_toolkits.axisartist.axis_artist.AxisLabel.html]
[matplotlib.org/stable/api/_as_gen/mpl_toolkits.axisartist.axis_artist.LabelBase.html]
[matplotlib.org/stable/api/_as_gen/mpl_toolkits.axisartist.axis_artist.TickLabels.html]
[matplotlib.org/stable/api/_as_gen/mpl_toolkits.axisartist.axisline_style.html]
[matplotlib.org/stable/api/_as_gen/mpl_toolkits.axisartist.axis_artist.Ticks.html]
[matplotlib.org/stable/api/_as_gen/mpl_toolkits.axisartist.axisline_style.AxislineStyle.html]
[matplotlib.org/stable/api/_as_gen/mpl_toolkits.axisartist.axislines.html]
[matplotlib.org/stable/api/_as_gen/mpl_toolkits.axisartist.axislines.Axes.html]
[matplotlib.org/stable/api/_as_gen/mpl_toolkits.axisartist.axislines.AxesZero.html]
[matplotlib.org/stable/api/_as_gen/mpl_toolkits.axisartist.axislines.AxisArtistHelperRectlinear.html]
[matplotlib.org/stable/api/_as_gen/mpl_toolkits.axisartist.axislines.AxisArtistHelper.html]
[matplotlib.org/stable/api/_as_gen/mpl_toolkits.axisartist.axislines.FixedAxisArtistHelperRectilinear.html]
[matplotlib.org/stable/api/_as_gen/mpl_toolkits.axisartist.axislines.FloatingAxisArtistHelperRectilinear.html]
[matplotlib.org/stable/api/_as_gen/mpl_toolkits.axisartist.axislines.GridHelperBase.html]
[matplotlib.org/stable/api/_as_gen/mpl_toolkits.axisartist.axislines.GridHelperRectlinear.html]
[matplotlib.org/stable/api/_as_gen/mpl_toolkits.axisartist.axislines.Subplot.html]
[matplotlib.org/stable/api/_as_gen/mpl_toolkits.axisartist.axislines.SubplotZero.html]
[matplotlib.org/stable/api/_as_gen/mpl_toolkits.axisartist.floating_axes.html]
[matplotlib.org/stable/api/_as_gen/mpl_toolkits.axisartist.floating_axes.ExtremeFinderFixed.html]
[matplotlib.org/stable/api/_as_gen/mpl_toolkits.axisartist.floating_axes.FixedAxisArtistHelper.html]
[matplotlib.org/stable/api/_as_gen/mpl_toolkits.axisartist.floating_axes.FloatingAxes.html]
[matplotlib.org/stable/api/_as_gen/mpl_toolkits.axisartist.floating_axes.FloatingAxesBase.html]
[matplotlib.org/stable/api/_as_gen/mpl_toolkits.axisartist.floating_axes.FloatingAxisArtistHelper.html]
[matplotlib.org/stable/api/_as_gen/mpl_toolkits.axisartist.floating_axes.FloatingSubplot.html]
[matplotlib.org/stable/api/_as_gen/mpl_toolkits.axisartist.floating_axes.GridHelperCurveLinear.html]
[matplotlib.org/stable/api/_as_gen/mpl_toolkits.axisartist.floating_axes.floatingaxes_class_factory.html]
[matplotlib.org/stable/api/_as_gen/mpl_toolkits.axisartist.grid_finder.html]
[matplotlib.org/stable/api/_as_gen/mpl_toolkits.axisartist.grid_finder.DictFormatter.html]
[matplotlib.org/stable/api/_as_gen/mpl_toolkits.axisartist.grid_finder.ExtremeFinderSimple.html]
[matplotlib.org/stable/api/_as_gen/mpl_toolkits.axisartist.grid_finder.FixedLocator.html]
[matplotlib.org/stable/api/_as_gen/mpl_toolkits.axisartist.grid_finder.FormatterPrettyPrint.html]
[matplotlib.org/stable/api/_as_gen/mpl_toolkits.axisartist.grid_finder.GridFinder.html]
[matplotlib.org/stable/api/_as_gen/mpl_toolkits.axisartist.grid_finder.MaxNLocator.html]
[matplotlib.org/stable/api/_as_gen/mpl_toolkits.axisartist.grid_helper_curvelinear.html]
[matplotlib.org/stable/api/_as_gen/mpl_toolkits.axisartist.grid_helper_curvelinear.FixedAxisArtistHelper.html]
[matplotlib.org/stable/api/_as_gen/mpl_toolkits.axisartist.grid_helper_curvelinear.FloatingAxisArtistHelper.html]
[matplotlib.org/stable/api/_as_gen/mpl_toolkits.axisartist.grid_helper_curvelinear.GridHelperCurveLinear.html]
[matplotlib.org/stable/api/_as_gen/mpl_toolkits.axisartist.parasite_axes.html]
[matplotlib.org/stable/api/index.html]
[matplotlib.org/stable/api/pylab.html]
[matplotlib.org/stable/users/next_whats_new.html]
[matplotlib.org/stable/users/prev_whats_new/whats_new_3.10.0.html]
[matplotlib.org/stable/api/prev_api_changes/api_changes_3.10.1.html]
[matplotlib.org/stable/api/prev_api_changes/api_changes_3.10.0.html]
[matplotlib.org/stable/users/github_stats.html]
[matplotlib.org/stable/users/prev_whats_new/github_stats_3.10.0.html]
[matplotlib.org/stable/users/prev_whats_new/whats_new_3.9.0.html]
[matplotlib.org/stable/api/prev_api_changes/api_changes_3.9.2.html]
[matplotlib.org/stable/api/prev_api_changes/api_changes_3.9.1.html]
[matplotlib.org/stable/api/prev_api_changes/api_changes_3.9.0.html]
[matplotlib.org/stable/users/prev_whats_new/github_stats_3.9.4.html]
[matplotlib.org/stable/users/prev_whats_new/github_stats_3.9.3.html]
[matplotlib.org/stable/users/prev_whats_new/github_stats_3.9.2.html]
[matplotlib.org/stable/users/prev_whats_new/github_stats_3.9.1.html]
[matplotlib.org/stable/users/prev_whats_new/github_stats_3.9.0.html]
[matplotlib.org/stable/users/prev_whats_new/whats_new_3.8.0.html]
[matplotlib.org/stable/api/prev_api_changes/api_changes_3.8.1.html]
[matplotlib.org/stable/api/prev_api_changes/api_changes_3.8.0.html]
[matplotlib.org/stable/users/prev_whats_new/github_stats_3.8.3.html]
[matplotlib.org/stable/users/prev_whats_new/github_stats_3.8.2.html]
[matplotlib.org/stable/users/prev_whats_new/github_stats_3.8.1.html]
[matplotlib.org/stable/users/prev_whats_new/github_stats_3.8.0.html]
[matplotlib.org/stable/users/prev_whats_new/whats_new_3.7.0.html]
[matplotlib.org/stable/api/prev_api_changes/api_changes_3.7.0.html]
[matplotlib.org/stable/users/prev_whats_new/github_stats_3.7.3.html]
[matplotlib.org/stable/users/prev_whats_new/github_stats_3.7.2.html]
[matplotlib.org/stable/users/prev_whats_new/github_stats_3.7.1.html]
[matplotlib.org/stable/users/prev_whats_new/github_stats_3.7.0.html]
[matplotlib.org/stable/users/prev_whats_new/whats_new_3.6.0.html]
[matplotlib.org/stable/api/prev_api_changes/api_changes_3.6.1.html]
[matplotlib.org/stable/api/prev_api_changes/api_changes_3.6.0.html]
[matplotlib.org/stable/users/prev_whats_new/github_stats_3.6.3.html]
[matplotlib.org/stable/users/prev_whats_new/github_stats_3.6.2.html]
[matplotlib.org/stable/users/prev_whats_new/github_stats_3.6.1.html]
[matplotlib.org/stable/users/prev_whats_new/github_stats_3.6.0.html]
[matplotlib.org/stable/users/prev_whats_new/whats_new_3.5.2.html]
[matplotlib.org/stable/users/prev_whats_new/whats_new_3.5.0.html]
[matplotlib.org/stable/api/prev_api_changes/api_changes_3.5.3.html]
[matplotlib.org/stable/api/prev_api_changes/api_changes_3.5.2.html]
[matplotlib.org/stable/api/prev_api_changes/api_changes_3.5.0.html]
[matplotlib.org/stable/users/prev_whats_new/github_stats_3.5.3.html]
[matplotlib.org/stable/users/prev_whats_new/github_stats_3.5.2.html]
[matplotlib.org/stable/users/prev_whats_new/github_stats_3.5.1.html]
[matplotlib.org/stable/users/prev_whats_new/github_stats_3.5.0.html]
[matplotlib.org/stable/users/prev_whats_new/whats_new_3.4.0.html]
[matplotlib.org/stable/api/prev_api_changes/api_changes_3.4.2.html]
[matplotlib.org/stable/api/prev_api_changes/api_changes_3.4.0.html]
[matplotlib.org/stable/users/prev_whats_new/github_stats_3.4.1.html]
[matplotlib.org/stable/users/prev_whats_new/github_stats_3.4.0.html]
[matplotlib.org/stable/users/prev_whats_new/whats_new_3.3.0.html]
[matplotlib.org/stable/api/prev_api_changes/api_changes_3.3.1.html]
[matplotlib.org/stable/api/prev_api_changes/api_changes_3.3.0.html]
[matplotlib.org/stable/users/prev_whats_new/github_stats_3.3.4.html]
[matplotlib.org/stable/users/prev_whats_new/github_stats_3.3.3.html]
[matplotlib.org/stable/users/prev_whats_new/github_stats_3.3.2.html]
[matplotlib.org/stable/users/prev_whats_new/github_stats_3.3.1.html]
[matplotlib.org/stable/users/prev_whats_new/github_stats_3.3.0.html]
[matplotlib.org/stable/users/prev_whats_new/whats_new_3.2.0.html]
[matplotlib.org/stable/api/prev_api_changes/api_changes_3.2.0.html]
[matplotlib.org/stable/users/prev_whats_new/github_stats_3.2.2.html]
[matplotlib.org/stable/users/prev_whats_new/github_stats_3.2.1.html]
[matplotlib.org/stable/users/prev_whats_new/github_stats_3.2.0.html]
[matplotlib.org/stable/users/prev_whats_new/whats_new_3.1.0.html]
[matplotlib.org/stable/api/prev_api_changes/api_changes_3.1.1.html]
[matplotlib.org/stable/api/prev_api_changes/api_changes_3.1.0.html]
[matplotlib.org/stable/users/prev_whats_new/github_stats_3.1.3.html]
[matplotlib.org/stable/users/prev_whats_new/github_stats_3.1.2.html]
[matplotlib.org/stable/users/prev_whats_new/github_stats_3.1.1.html]
[matplotlib.org/stable/users/prev_whats_new/github_stats_3.1.0.html]
[matplotlib.org/stable/users/prev_whats_new/whats_new_3.0.html]
[matplotlib.org/stable/api/prev_api_changes/api_changes_3.0.1.html]
[matplotlib.org/stable/api/prev_api_changes/api_changes_3.0.0.html]
[matplotlib.org/stable/users/prev_whats_new/github_stats_3.0.3.html]
[matplotlib.org/stable/users/prev_whats_new/github_stats_3.0.2.html]
[matplotlib.org/stable/users/prev_whats_new/github_stats_3.0.1.html]
[matplotlib.org/stable/users/prev_whats_new/github_stats_3.0.0.html]
[matplotlib.org/stable/users/prev_whats_new/whats_new_2.2.html]
[matplotlib.org/stable/api/prev_api_changes/api_changes_2.2.0.html]
[matplotlib.org/stable/users/prev_whats_new/whats_new_2.1.0.html]
[matplotlib.org/stable/api/prev_api_changes/api_changes_2.1.2.html]
[matplotlib.org/stable/api/prev_api_changes/api_changes_2.1.1.html]
[matplotlib.org/stable/api/prev_api_changes/api_changes_2.1.0.html]
[matplotlib.org/stable/users/prev_whats_new/whats_new_2.0.0.html]
[matplotlib.org/stable/api/prev_api_changes/api_changes_2.0.1.html]
[matplotlib.org/stable/api/prev_api_changes/api_changes_2.0.0.html]
[matplotlib.org/stable/users/prev_whats_new/whats_new_1.5.html]
[matplotlib.org/stable/api/prev_api_changes/api_changes_1.5.3.html]
[matplotlib.org/stable/api/prev_api_changes/api_changes_1.5.2.html]
[matplotlib.org/stable/api/prev_api_changes/api_changes_1.5.0.html]
[matplotlib.org/stable/users/prev_whats_new/whats_new_1.4.html]
[matplotlib.org/stable/api/prev_api_changes/api_changes_1.4.x.html]
[matplotlib.org/stable/users/prev_whats_new/whats_new_1.3.html]
[matplotlib.org/stable/api/prev_api_changes/api_changes_1.3.x.html]
[matplotlib.org/stable/users/prev_whats_new/whats_new_1.2.2.html]
[matplotlib.org/stable/users/prev_whats_new/whats_new_1.2.html]
[matplotlib.org/stable/api/prev_api_changes/api_changes_1.2.x.html]
[matplotlib.org/stable/users/prev_whats_new/whats_new_1.1.html]
[matplotlib.org/stable/api/prev_api_changes/api_changes_1.1.x.html]
[matplotlib.org/stable/users/prev_whats_new/whats_new_1.0.html]
[matplotlib.org/stable/users/prev_whats_new/changelog.html]
[matplotlib.org/stable/users/prev_whats_new/whats_new_0.99.html]
[matplotlib.org/stable/api/prev_api_changes/api_changes_0.99.x.html]
[matplotlib.org/stable/api/prev_api_changes/api_changes_0.99.html]
[matplotlib.org/stable/users/prev_whats_new/whats_new_0.98.4.html]
[matplotlib.org/stable/api/prev_api_changes/api_changes_0.98.x.html]
[matplotlib.org/stable/api/prev_api_changes/api_changes_0.98.1.html]
[matplotlib.org/stable/api/prev_api_changes/api_changes_0.98.0.html]
[matplotlib.org/stable/api/prev_api_changes/api_changes_0.91.2.html]
[matplotlib.org/stable/api/prev_api_changes/api_changes_0.91.0.html]
[matplotlib.org/stable/api/prev_api_changes/api_changes_0.90.1.html]
[matplotlib.org/stable/api/prev_api_changes/api_changes_0.90.0.html]
[matplotlib.org/stable/api/prev_api_changes/api_changes_0.87.7.html]
[matplotlib.org/stable/api/prev_api_changes/api_changes_0.86.html]
[matplotlib.org/stable/api/prev_api_changes/api_changes_0.85.html]
[matplotlib.org/stable/api/prev_api_changes/api_changes_0.84.html]
[matplotlib.org/stable/api/prev_api_changes/api_changes_0.83.html]
[matplotlib.org/stable/api/prev_api_changes/api_changes_0.82.html]
[matplotlib.org/stable/api/prev_api_changes/api_changes_0.81.html]
[matplotlib.org/stable/api/prev_api_changes/api_changes_0.80.html]
[matplotlib.org/stable/api/prev_api_changes/api_changes_0.73.html]
[matplotlib.org/stable/api/prev_api_changes/api_changes_0.72.html]
[matplotlib.org/stable/api/prev_api_changes/api_changes_0.71.html]
[matplotlib.org/stable/api/prev_api_changes/api_changes_0.70.html]
[matplotlib.org/stable/api/prev_api_changes/api_changes_0.65.1.html]
[matplotlib.org/stable/api/prev_api_changes/api_changes_0.65.html]
[matplotlib.org/stable/api/prev_api_changes/api_changes_0.63.html]
[matplotlib.org/stable/api/prev_api_changes/api_changes_0.61.html]
[matplotlib.org/stable/api/prev_api_changes/api_changes_0.60.html]
[matplotlib.org/stable/api/prev_api_changes/api_changes_0.54.3.html]
[matplotlib.org/stable/api/prev_api_changes/api_changes_0.54.html]
[matplotlib.org/stable/api/prev_api_changes/api_changes_0.50.html]
[matplotlib.org/stable/api/prev_api_changes/api_changes_0.42.html]
[matplotlib.org/stable/users/release_notes.html]
[matplotlib.org/stable/api/prev_api_changes/api_changes_0.40.html]
[matplotlib.org/stable/_images/sphx_glr_quick_start_001.png]
[matplotlib.org/stable/_images/anatomy.png]
[matplotlib.org/stable/_images/sphx_glr_quick_start_002.png]
[matplotlib.org/stable/_images/sphx_glr_quick_start_003.png]
[matplotlib.org/stable/_images/sphx_glr_quick_start_004.png]
[matplotlib.org/stable/_images/sphx_glr_quick_start_005.png]
[matplotlib.org/stable/_images/sphx_glr_quick_start_006.png]
[matplotlib.org/stable/_images/sphx_glr_quick_start_007.png]
[matplotlib.org/stable/_images/sphx_glr_quick_start_008.png]
[matplotlib.org/stable/_images/sphx_glr_quick_start_009.png]
[matplotlib.org/stable/_images/sphx_glr_quick_start_010.png]
[matplotlib.org/stable/_images/sphx_glr_quick_start_011.png]
[matplotlib.org/stable/_images/sphx_glr_quick_start_012.png]
[matplotlib.org/stable/_images/sphx_glr_quick_start_013.png]
[matplotlib.org/stable/_images/sphx_glr_quick_start_014.png]
[matplotlib.org/stable/_images/sphx_glr_quick_start_015.png]
[matplotlib.org/stable/_images/sphx_glr_quick_start_016.png]
[matplotlib.org/stable/_images/sphx_glr_quick_start_017.png]
[matplotlib.org/stable/_images/sphx_glr_quick_start_018.png]
[matplotlib.org/stable/_downloads/19637872c4a7dbe872e23f74038df260/quick_start.ipynb]
[matplotlib.org/stable/_downloads/43dac8ab08924b9b18dd7e7874d69d6c/quick_start.py]
[matplotlib.org/stable/_downloads/780c8d7b1587e6267d615cfc1adb0408/quick_start.zip]
[matplotlib.org/stable/users/explain/quick_start.html]
[matplotlib.org/stable/_downloads/5a1bd6b33d2fad4b4fde85b7d0324aa9/faq-1.py]
[matplotlib.org/stable/_downloads/156cbc0e2a724bcbf8ea4dfbca668dcd/faq-1.2x.png]
[matplotlib.org/stable/_downloads/e7ff1e5d25c51f435350824e98cb7d73/faq-1.png]
[matplotlib.org/stable/_images/users-faq-1.2x.png]
[matplotlib.org/stable/_images/users-faq-1.png]
[matplotlib.org/stable/users/explain/customizing3c1c.html]
[matplotlib.org/stable/_downloads/44b5432bcc59ab8b9b8a6545b0ae281f/faq-2.py]
[matplotlib.org/stable/_downloads/5b35eae77b9d97177298700c52e5d640/faq-2.2x.png]
[matplotlib.org/stable/_downloads/f55704b6a74aaf141da69633eba9787e/faq-2.png]
[matplotlib.org/stable/_images/users-faq-2.2x.png]
[matplotlib.org/stable/_images/users-faq-2.png]
[matplotlib.org/stable/users/faq.html]
[matplotlib.org/stable/_downloads/3928de11b4fbd0ba3f492ed92aebda79/figure_api-1.py]
[matplotlib.org/stable/_downloads/37981875abad13945405683f462a9931/figure_api-1.2x.png]
[matplotlib.org/stable/_downloads/38bf68f42cdd9788ce147da6927a8a7d/figure_api-1.png]
[matplotlib.org/stable/_images/api-figure_api-1.2x.png]
[matplotlib.org/stable/_images/api-figure_api-1.png]
[matplotlib.org/stable/_downloads/382c9b85341197b76d986e481c645d41/figure_api-2.py]
[matplotlib.org/stable/_downloads/da916275b47491944b59f7675d56ce3e/figure_api-2.2x.png]
[matplotlib.org/stable/_downloads/6d2d947373c1c37fbc4b6d0d0e4f83d9/figure_api-2.png]
[matplotlib.org/stable/_images/api-figure_api-2.2x.png]
[matplotlib.org/stable/_images/api-figure_api-2.png]
[matplotlib.org/stable/users/explain/customizingf0b3.html]
[matplotlib.org/stable/users/explain/customizing8065.html]
[matplotlib.org/stable/users/explain/customizingec8e.html]
[matplotlib.org/stable/users/explain/customizing704b.html]
[matplotlib.org/stable/users/explain/customizingf611.html]
[matplotlib.org/stable/users/explain/customizingb279.html]
[matplotlib.org/stable/users/explain/customizing9b57.html]
[matplotlib.org/stable/users/explain/customizing772e.html]
[matplotlib.org/stable/users/explain/customizing8fd1.html]
[matplotlib.org/stable/users/explain/customizing796a.html]
[matplotlib.org/stable/users/explain/customizing0e94.html]
[matplotlib.org/stable/users/explain/customizing8e12.html]
[matplotlib.org/stable/users/explain/customizing0d5f.html]
[matplotlib.org/stable/users/explain/customizinga2c6.html]
[matplotlib.org/stable/users/explain/customizingdde9.html]
[matplotlib.org/stable/users/explain/customizing9f4b.html]
[matplotlib.org/stable/users/explain/customizingec51.html]
[matplotlib.org/stable/users/explain/customizinga191.html]
[matplotlib.org/stable/users/explain/customizing34d0.html]
[matplotlib.org/stable/users/explain/customizinge851.html]
[matplotlib.org/stable/users/explain/customizinge877.html]
[matplotlib.org/stable/users/explain/customizinga1e9.html]
[matplotlib.org/stable/_downloads/01c30d8647018decc739b3ad375ac00c/figure_subplots_adjust.py]
[matplotlib.org/stable/_downloads/07ae48f7411dfab5beadc024d3832c50/figure_subplots_adjust.2x.png]
[matplotlib.org/stable/_downloads/362a080aae6b1dfd85262cfa1d98085f/figure_subplots_adjust.png]
[matplotlib.org/stable/_images/api-figure_subplots_adjust.2x.png]
[matplotlib.org/stable/_images/api-figure_subplots_adjust.png]
[matplotlib.org/stable/users/explain/customizing1138.html]
[matplotlib.org/stable/users/explain/customizingeb64.html]
[matplotlib.org/stable/users/explain/customizing35d1.html]
[matplotlib.org/stable/users/explain/customizinga8ba.html]
[matplotlib.org/stable/users/explain/customizing5a54.html]
[matplotlib.org/stable/users/explain/customizing4de8.html]
[matplotlib.org/stable/api/figure_api.html]
[matplotlib.org/stable/api/axes_api.html]
[matplotlib.org/stable/users/explain/customizing9623.html]
[matplotlib.org/stable/users/explain/customizing4fa2.html]
[matplotlib.org/stable/users/explain/customizing5bbd.html]
[matplotlib.org/stable/users/explain/customizingf739.html]
[matplotlib.org/stable/users/explain/customizing001a.html]
[matplotlib.org/stable/users/explain/customizing68a9.html]
[matplotlib.org/stable/users/explain/customizing6dbf.html]
[matplotlib.org/stable/_images/sphx_glr_imshow_extent_thumb.png]
[matplotlib.org/stable/_images/sphx_glr_patheffects_guide_thumb.png]
[matplotlib.org/stable/_images/sphx_glr_transforms_tutorial_thumb.png]
[matplotlib.org/stable/_images/sphx_glr_arranging_axes_thumb.png]
[matplotlib.org/stable/_images/sphx_glr_axes_ticks_thumb.png]
[matplotlib.org/stable/_images/sphx_glr_constrainedlayout_guide_thumb.png]
[matplotlib.org/stable/_images/sphx_glr_mosaic_thumb.png]
[matplotlib.org/stable/_images/sphx_glr_tight_layout_guide_thumb.png]
[matplotlib.org/stable/_images/sphx_glr_colors_thumb.png]
[matplotlib.org/stable/_images/sphx_glr_quick_start_thumb.png]
[matplotlib.org/stable/_images/sphx_glr_annotations_thumb.png]
[matplotlib.org/stable/_images/sphx_glr_mathtext_thumb.png]
[matplotlib.org/stable/_images/sphx_glr_text_intro_thumb.png]
[matplotlib.org/stable/_images/sphx_glr_text_props_thumb.png]
[matplotlib.org/stable/api/_as_gen/matplotlib.pyplot.figure.html]
[matplotlib.org/stable/_images/sphx_glr_animations_thumb.gif]
[matplotlib.org/stable/_images/sphx_glr_blitting_thumb.png]
[matplotlib.org/stable/_images/sphx_glr_color_cycle_thumb.png]
[matplotlib.org/stable/_images/sphx_glr_paths_thumb.png]
[matplotlib.org/stable/_images/sphx_glr_autoscale_thumb.png]
[matplotlib.org/stable/_images/sphx_glr_axes_scales_thumb.png]
[matplotlib.org/stable/_images/sphx_glr_axes_units_thumb.png]
[matplotlib.org/stable/_images/sphx_glr_colorbar_placement_thumb.png]
[matplotlib.org/stable/_images/sphx_glr_legend_guide_thumb.png]
[matplotlib.org/stable/_images/sphx_glr_colorbar_only_thumb.png]
[matplotlib.org/stable/_images/sphx_glr_colormap-manipulation_thumb.png]
[matplotlib.org/stable/_images/sphx_glr_colormapnorms_thumb.png]
[matplotlib.org/stable/_images/sphx_glr_colormaps_thumb.png]
[matplotlib.org/stable/api/_as_gen/matplotlib.pyplot.subplots.html]
[matplotlib.org/stable/api/_as_gen/matplotlib.pyplot.subplot_mosaic.html]
[matplotlib.org/stable/users/resources/index.html]
[matplotlib.org/stable/project/index.html]
[matplotlib.org/stable/project/mission.html]
[matplotlib.org/stable/_downloads/d63062b379e9152c153f754e3459b8a2/history-1.py]
[matplotlib.org/stable/_downloads/934341d3ded5823e10401f91003d8f0a/history-1.2x.png]
[matplotlib.org/stable/_downloads/0c79bd08155f6df38dd916dc973e7f66/history-1.png]
[matplotlib.org/stable/_images/project-history-1.2x.png]
[matplotlib.org/stable/_images/project-history-1.png]
[matplotlib.org/stable/_downloads/95ad1ba96e7dbac6ff07ec3be3454ba1/history-2.py]
[matplotlib.org/stable/_downloads/fb8ae30dcaaeaaa78bf0166fe4f2b0b7/history-2.2x.png]
[matplotlib.org/stable/_downloads/1329602fe8c6478c6ab2c51a8f109775/history-2.png]
[matplotlib.org/stable/_images/project-history-2.2x.png]
[matplotlib.org/stable/_images/project-history-2.png]
[matplotlib.org/stable/project/history.html]
[matplotlib.org/stable/project/code_of_conduct.html]
[matplotlib.org/cdn-cgi/scripts/5c5dd728/cloudflare-static/email-decode.min.js]
[matplotlib.org/stable/_downloads/f41e70fdae700e9b6b3371ecbfded5ec/CITATION.bib]
[matplotlib.org/stable/_images/14940554.svg]
[matplotlib.org/stable/_images/14464227.svg]
[matplotlib.org/stable/_images/14436121.svg]
[matplotlib.org/stable/_images/14249941.svg]
[matplotlib.org/stable/_images/13308876.svg]
[matplotlib.org/stable/_images/12652732.svg]
[matplotlib.org/stable/_images/11201097.svg]
[matplotlib.org/stable/_images/10916799.svg]
[matplotlib.org/stable/_images/10661079.svg]
[matplotlib.org/stable/_images/10150955.svg]
[matplotlib.org/stable/_images/10059757.svg]
[matplotlib.org/stable/_images/8347255.svg]
[matplotlib.org/stable/_images/8336761.svg]
[matplotlib.org/stable/_images/8118151.svg]
[matplotlib.org/stable/_images/7697899.svg]
[matplotlib.org/stable/_images/7637593.svg]
[matplotlib.org/stable/_images/7527665.svg]
[matplotlib.org/stable/_images/7275322.svg]
[matplotlib.org/stable/_images/7162185.svg]
[matplotlib.org/stable/_images/7084615.svg]
[matplotlib.org/stable/_images/6982547.svg]
[matplotlib.org/stable/_images/6513224.svg]
[matplotlib.org/stable/_images/5773480.svg]
[matplotlib.org/stable/_images/5706396.svg]
[matplotlib.org/stable/_images/5194481.svg]
[matplotlib.org/stable/_images/4743323.svg]
[matplotlib.org/stable/_images/4649959.svg]
[matplotlib.org/stable/_images/4638398.svg]
[matplotlib.org/stable/_images/4475376.svg]
[matplotlib.org/stable/_images/4268928.svg]
[matplotlib.org/stable/_images/4030140.svg]
[matplotlib.org/stable/_images/3984190.svg]
[matplotlib.org/stable/_images/3948793.svg]
[matplotlib.org/stable/_images/3898017.svg]
[matplotlib.org/stable/_images/3714460.svg]
[matplotlib.org/stable/_images/3695547.svg]
[matplotlib.org/stable/_images/3633844.svg]
[matplotlib.org/stable/_images/3563226.svg]
[matplotlib.org/stable/_images/3264781.svg]
[matplotlib.org/stable/_images/2893252.svg]
[matplotlib.org/stable/_images/2577644.svg]
[matplotlib.org/stable/_images/1482099.svg]
[matplotlib.org/stable/_images/1482098.svg]
[matplotlib.org/stable/_images/3633833.svg]
[matplotlib.org/stable/_images/1420605.svg]
[matplotlib.org/stable/_images/2669103.svg]
[matplotlib.org/stable/_images/1343133.svg]
[matplotlib.org/stable/_images/1202077.svg]
[matplotlib.org/stable/_images/1202050.svg]
[matplotlib.org/stable/_images/1189358.svg]
[matplotlib.org/stable/_images/1154287.svg]
[matplotlib.org/stable/_images/1098480.svg]
[matplotlib.org/stable/_images/1004650.svg]
[matplotlib.org/stable/_images/573577.svg]
[matplotlib.org/stable/_images/570311.svg]
[matplotlib.org/stable/_images/248351.svg]
[matplotlib.org/stable/_images/61948.svg]
[matplotlib.org/stable/_images/56926.svg]
[matplotlib.org/stable/_images/44579.svg]
[matplotlib.org/stable/_images/32914.svg]
[matplotlib.org/stable/_images/15423.svg]
[matplotlib.org/stable/_images/12400.svg]
[matplotlib.org/stable/_images/12287.svg]
[matplotlib.org/stable/project/citing.html]
[matplotlib.org/stable/_images/11451.svg]
[matplotlib.org/stable/project/license.html]
[matplotlib.org/stable/project/credits.html]
[matplotlib.org/stable/_static/basic.css]
[matplotlib.org/stable/install/environment_variables_faq.html]
[matplotlib.org/stable/_downloads/4afa6aaf1de4ec5296b1734d37b5d152/index-1.py]
[matplotlib.org/stable/_downloads/e4d818affa557fb20cd3e0abcf72b844/index-1.2x.png]
[matplotlib.org/stable/_downloads/dc2d3618602be4c40b4fe879ea73b6e5/index-1.png]
[matplotlib.org/stable/_images/users-explain-figure-index-1.2x.png]
[matplotlib.org/stable/_images/users-explain-figure-index-1.png]
[matplotlib.org/stable/users/explain/figure/index.html]
[matplotlib.org/stable/_downloads/fe3eb619a0be641995de83bbadb31f16/figure_intro-1.py]
[matplotlib.org/stable/_downloads/e2fbe22b037282fb4afdb23e16d55323/figure_intro-1.2x.png]
[matplotlib.org/stable/_downloads/885ef77bf2c33e3f4c4b53677ea363cb/figure_intro-1.png]
[matplotlib.org/stable/_images/users-explain-figure-figure_intro-1.2x.png]
[matplotlib.org/stable/_images/users-explain-figure-figure_intro-1.png]
[matplotlib.org/stable/_images/FigureInline.png]
[matplotlib.org/stable/_images/FigureNotebook.png]
[matplotlib.org/stable/_images/FigureQtAgg.png]
[matplotlib.org/stable/_downloads/bb2713a8473eaff5f2de9a2eeb41dc4c/figure_intro-2.py]
[matplotlib.org/stable/_downloads/d7d7f2ad2e3438a5f825edcda0a967ac/figure_intro-2.2x.png]
[matplotlib.org/stable/_downloads/05e1df65d0ed01b1d6c3d68a6175a5c2/figure_intro-2.png]
[matplotlib.org/stable/_images/users-explain-figure-figure_intro-2.2x.png]
[matplotlib.org/stable/_images/users-explain-figure-figure_intro-2.png]
[matplotlib.org/stable/_downloads/91b412f845131bc816a423e9b446ddb0/figure_intro-3.py]
[matplotlib.org/stable/_downloads/d9643f1989e7a555b16286301efff325/figure_intro-3.2x.png]
[matplotlib.org/stable/_downloads/d85323214861797e9cfc412f442000ba/figure_intro-3.png]
[matplotlib.org/stable/_images/users-explain-figure-figure_intro-3.2x.png]
[matplotlib.org/stable/_images/users-explain-figure-figure_intro-3.png]
[matplotlib.org/stable/_downloads/6ac4020b6f0da02175f868398120a939/figure_intro-4.py]
[matplotlib.org/stable/_downloads/942876daa965acde69f73ecad3838cbd/figure_intro-4.2x.png]
[matplotlib.org/stable/_downloads/7638a6cf245028c9f4f79218f149d5e5/figure_intro-4.png]
[matplotlib.org/stable/_images/users-explain-figure-figure_intro-4.2x.png]
[matplotlib.org/stable/_images/users-explain-figure-figure_intro-4.png]
[matplotlib.org/stable/_downloads/85c147b6446efd4b87a2e3040efdcbd8/figure_intro-5.py]
[matplotlib.org/stable/_downloads/8b3496e04092dd357c86dbff14d3e86a/figure_intro-5.2x.png]
[matplotlib.org/stable/_downloads/acd92db5db80c16ad46152e69561cc6b/figure_intro-5.png]
[matplotlib.org/stable/_images/users-explain-figure-figure_intro-5.2x.png]
[matplotlib.org/stable/_images/users-explain-figure-figure_intro-5.png]
[matplotlib.org/stable/users/explain/figure/figure_intro.html]
[matplotlib.org/stable/users/explain/figure/backends.html]
[matplotlib.org/stable/users/explain/customizing2068.html]
[matplotlib.org/stable/_downloads/0650ac31ae865e1ee5c066918050ed70/api_interfaces-1.py]
[matplotlib.org/stable/_downloads/74b74f830127b0972d831d7a52ebb3ba/api_interfaces-1.2x.png]
[matplotlib.org/stable/_downloads/482ca5c1a817a9a4e57e96cea74d57a0/api_interfaces-1.png]
[matplotlib.org/stable/_images/users-explain-figure-api_interfaces-1.2x.png]
[matplotlib.org/stable/_images/users-explain-figure-api_interfaces-1.png]
[matplotlib.org/stable/_downloads/1cd05998172b1e84cc01002b92058f74/api_interfaces-2.py]
[matplotlib.org/stable/_downloads/0c0aeafa6cb4182ac2a253e9a829df45/api_interfaces-2.2x.png]
[matplotlib.org/stable/_downloads/5708861e7abc2ea4a560f608922dea2e/api_interfaces-2.png]
[matplotlib.org/stable/_images/users-explain-figure-api_interfaces-2.2x.png]
[matplotlib.org/stable/_images/users-explain-figure-api_interfaces-2.png]
[matplotlib.org/stable/_downloads/d88ac9e699cfda725236b50cc469f54d/api_interfaces-3.py]
[matplotlib.org/stable/_downloads/2725411fdf4f3d8a95a0b9d10c218a55/api_interfaces-3.2x.png]
[matplotlib.org/stable/_downloads/1a995d0861603b3fa93a99554b72f6a3/api_interfaces-3.png]
[matplotlib.org/stable/_images/users-explain-figure-api_interfaces-3.2x.png]
[matplotlib.org/stable/_images/users-explain-figure-api_interfaces-3.png]
[matplotlib.org/stable/_downloads/4b6a5243faccf249b74270520c9b3eb8/api_interfaces-4.py]
[matplotlib.org/stable/_downloads/ca099c09640e59438f30cc412cc86de8/api_interfaces-4.2x.png]
[matplotlib.org/stable/_downloads/cad1bd51961e161a44e6d7589bc53da7/api_interfaces-4.png]
[matplotlib.org/stable/_images/users-explain-figure-api_interfaces-4.2x.png]
[matplotlib.org/stable/_images/users-explain-figure-api_interfaces-4.png]
[matplotlib.org/stable/_downloads/bb3a764581890aea3c0ea53b61d597e3/api_interfaces-5.py]
[matplotlib.org/stable/_downloads/16fdf5a8ba72d589d6057adf5472c030/api_interfaces-5.2x.png]
[matplotlib.org/stable/_downloads/ff53fbea1f06d4e260ecc522254311ae/api_interfaces-5.png]
[matplotlib.org/stable/_images/users-explain-figure-api_interfaces-5.2x.png]
[matplotlib.org/stable/_images/users-explain-figure-api_interfaces-5.png]
[matplotlib.org/stable/_downloads/4037ef6e8624f96e1aa65f9faa6d73a5/api_interfaces-6.py]
[matplotlib.org/stable/_downloads/3755d435d2a2eb506641101aba2636e0/api_interfaces-6.2x.png]
[matplotlib.org/stable/_downloads/aa65d45a4b0e6b02a468903a5ff56b62/api_interfaces-6.png]
[matplotlib.org/stable/_images/users-explain-figure-api_interfaces-6.2x.png]
[matplotlib.org/stable/_images/users-explain-figure-api_interfaces-6.png]
[matplotlib.org/stable/_downloads/d65b494e46f993c3dd8298551d10d62e/api_interfaces-7.py]
[matplotlib.org/stable/_downloads/008dacd6028779838d22c9578023d145/api_interfaces-7.2x.png]
[matplotlib.org/stable/_downloads/b5cd78a232ed13be054e401f1b5a4b41/api_interfaces-7.png]
[matplotlib.org/stable/_images/users-explain-figure-api_interfaces-7.2x.png]
[matplotlib.org/stable/_images/users-explain-figure-api_interfaces-7.png]
[matplotlib.org/stable/_downloads/63cb67f11f576b6be9799d352dac1fdc/api_interfaces-8.py]
[matplotlib.org/stable/_downloads/d093959bcafba2bcf9aa8270549c0e8f/api_interfaces-8.2x.png]
[matplotlib.org/stable/_downloads/2fc83304602bbbc3a533a61de7b69b69/api_interfaces-8.png]
[matplotlib.org/stable/_images/users-explain-figure-api_interfaces-8.2x.png]
[matplotlib.org/stable/_images/users-explain-figure-api_interfaces-8.png]
[matplotlib.org/stable/_downloads/e254f51219e9f0f791dcf17ddeaa8b51/api_interfaces-9.py]
[matplotlib.org/stable/_downloads/f0549ca694abefdc5beda90850a4e5b3/api_interfaces-9.2x.png]
[matplotlib.org/stable/_downloads/14842da3d0ac83ee94939c43e18fa880/api_interfaces-9.png]
[matplotlib.org/stable/_images/users-explain-figure-api_interfaces-9.2x.png]
[matplotlib.org/stable/_images/users-explain-figure-api_interfaces-9.png]
[matplotlib.org/stable/_downloads/697d1cdf15045a9e483b588c2ea18f6b/api_interfaces-10.py]
[matplotlib.org/stable/_downloads/30c80c6b924f5a0568a404661deae0a3/api_interfaces-10.2x.png]
[matplotlib.org/stable/_downloads/42ab4c8d63aff184c5e6301050273e3c/api_interfaces-10.png]
[matplotlib.org/stable/_images/users-explain-figure-api_interfaces-10.2x.png]
[matplotlib.org/stable/_images/users-explain-figure-api_interfaces-10.png]
[matplotlib.org/stable/users/explain/figure/api_interfaces.html]
[matplotlib.org/stable/_images/toolbar.png]
[matplotlib.org/stable/_images/home_large.png]
[matplotlib.org/stable/_images/back_large.png]
[matplotlib.org/stable/_images/forward_large.png]
[matplotlib.org/stable/_images/move_large.png]
[matplotlib.org/stable/_images/zoom_to_rect_large.png]
[matplotlib.org/stable/_images/subplots_large.png]
[matplotlib.org/stable/_images/filesave_large.png]
[matplotlib.org/stable/users/explain/customizing8432.html]
[matplotlib.org/stable/users/explain/customizingd7d3.html]
[matplotlib.org/stable/users/explain/customizing5b59.html]
[matplotlib.org/stable/users/explain/customizing22a9.html]
[matplotlib.org/stable/users/explain/customizing52dc.html]
[matplotlib.org/stable/users/explain/customizing57a5.html]
[matplotlib.org/stable/users/explain/customizing932b.html]
[matplotlib.org/stable/users/explain/customizing07a3.html]
[matplotlib.org/stable/users/explain/customizing9d96.html]
[matplotlib.org/stable/users/explain/customizing2f0c.html]
[matplotlib.org/stable/users/explain/customizingb055.html]
[matplotlib.org/stable/users/explain/figure/interactive.html]
[matplotlib.org/stable/users/explain/figure/interactive_guide.html]
[matplotlib.org/stable/users/explain/figure/event_handling.html]
[matplotlib.org/stable/users/explain/figure/writing_a_backend_pyplot_interface.html]
[matplotlib.org/stable/users/explain/customizingb817.html]
[matplotlib.org/stable/_downloads/5f6b7652323f07a756c6cb043fceeaca/index-1.py]
[matplotlib.org/stable/_downloads/15e1523ba0f3c317ff0d534fd0a6ff50/index-1.2x.png]
[matplotlib.org/stable/_downloads/4861d6343f66d8243a63681b3638c14a/index-1.png]
[matplotlib.org/stable/_images/users-explain-axes-index-1.2x.png]
[matplotlib.org/stable/_images/users-explain-axes-index-1.png]
[matplotlib.org/stable/users/explain/axes/index.html]
[matplotlib.org/stable/_downloads/f2d4ea07c842d00504cf7d8cc8bf3bb7/axes_intro-1.py]
[matplotlib.org/stable/_downloads/bbb6bf8691277e56c55f78f84aceb0da/axes_intro-1.2x.png]
[matplotlib.org/stable/_downloads/4dcecd440b629e6f2df95748b920275d/axes_intro-1.png]
[matplotlib.org/stable/_images/users-explain-axes-axes_intro-1.2x.png]
[matplotlib.org/stable/_images/users-explain-axes-axes_intro-1.png]
[matplotlib.org/stable/_downloads/1e916011d0f655ce1f872672bde21c5b/axes_intro-2.py]
[matplotlib.org/stable/_downloads/6fb20ea72c82ddd7f1b55e83233ed11a/axes_intro-2.2x.png]
[matplotlib.org/stable/_downloads/ec4917d89d6b2b1c8cba0e879560113d/axes_intro-2.png]
[matplotlib.org/stable/_images/users-explain-axes-axes_intro-2.2x.png]
[matplotlib.org/stable/_images/users-explain-axes-axes_intro-2.png]
[matplotlib.org/stable/_downloads/d75db428c36b6fe316b47ddd4345a698/axes_intro-3.py]
[matplotlib.org/stable/_downloads/3dcd3a755f9da6bfec6316d1fa2ee2e5/axes_intro-3.2x.png]
[matplotlib.org/stable/_downloads/ea4b042808c0cc0fa9640d7a79ca7d9b/axes_intro-3.png]
[matplotlib.org/stable/_images/users-explain-axes-axes_intro-3.2x.png]
[matplotlib.org/stable/_images/users-explain-axes-axes_intro-3.png]
[matplotlib.org/stable/_downloads/f992b64160cf41ec36c6f97f83b3fc23/axes_intro-4.py]
[matplotlib.org/stable/_downloads/e65ede779da8d26ea0bba5c1fb9f54a1/axes_intro-4.2x.png]
[matplotlib.org/stable/_downloads/87fcf307dfeb3796fa8a5565ade4c4b5/axes_intro-4.png]
[matplotlib.org/stable/_images/users-explain-axes-axes_intro-4.2x.png]
[matplotlib.org/stable/_images/users-explain-axes-axes_intro-4.png]
[matplotlib.org/stable/_downloads/67dc3d4ccc4d59c0fbcdfd518480decc/axes_intro-5.py]
[matplotlib.org/stable/_downloads/28d1256a03514918125777f85bbe1e74/axes_intro-5.2x.png]
[matplotlib.org/stable/_downloads/eda9f4760fb5d6c2c9da2e405f0d8a20/axes_intro-5.png]
[matplotlib.org/stable/_images/users-explain-axes-axes_intro-5.2x.png]
[matplotlib.org/stable/_images/users-explain-axes-axes_intro-5.png]
[matplotlib.org/stable/_downloads/cc1c5feb3896c485fbbf490656268687/axes_intro-6.py]
[matplotlib.org/stable/_downloads/e2c568c438c26d58e3442386002c8bdf/axes_intro-6.2x.png]
[matplotlib.org/stable/_downloads/29c80a201c003c171fd0caa36aae9d29/axes_intro-6.png]
[matplotlib.org/stable/_images/users-explain-axes-axes_intro-6.2x.png]
[matplotlib.org/stable/_images/users-explain-axes-axes_intro-6.png]
[matplotlib.org/stable/users/explain/axes/axes_intro.html]
[matplotlib.org/stable/_images/sphx_glr_arranging_axes_001.png]
[matplotlib.org/stable/_images/sphx_glr_arranging_axes_002.png]
[matplotlib.org/stable/_images/sphx_glr_arranging_axes_003.png]
[matplotlib.org/stable/_images/sphx_glr_arranging_axes_004.png]
[matplotlib.org/stable/_images/sphx_glr_arranging_axes_005.png]
[matplotlib.org/stable/_images/sphx_glr_arranging_axes_006.png]
[matplotlib.org/stable/_images/sphx_glr_arranging_axes_007.png]
[matplotlib.org/stable/_images/sphx_glr_arranging_axes_008.png]
[matplotlib.org/stable/_images/sphx_glr_arranging_axes_009.png]
[matplotlib.org/stable/_images/sphx_glr_arranging_axes_010.png]
[matplotlib.org/stable/_images/sphx_glr_arranging_axes_011.png]
[matplotlib.org/stable/_images/sphx_glr_arranging_axes_012.png]
[matplotlib.org/stable/_images/sphx_glr_arranging_axes_013.png]
[matplotlib.org/stable/_images/sphx_glr_arranging_axes_014.png]
[matplotlib.org/stable/_downloads/10a4c7d5138a53dac9a9668ec792c819/arranging_axes.ipynb]
[matplotlib.org/stable/_downloads/0b1d42ea8dfe97ee8541230cc369ed77/arranging_axes.py]
[matplotlib.org/stable/_downloads/fbdc4f7da3d340b2a30ba8ec9bb736c6/arranging_axes.zip]
[matplotlib.org/stable/users/explain/axes/arranging_axes.html]
[matplotlib.org/stable/_images/sphx_glr_colorbar_placement_001.png]
[matplotlib.org/stable/_images/sphx_glr_colorbar_placement_002.png]
[matplotlib.org/stable/_images/sphx_glr_colorbar_placement_003.png]
[matplotlib.org/stable/_images/sphx_glr_colorbar_placement_004.png]
[matplotlib.org/stable/_images/sphx_glr_colorbar_placement_005.png]
[matplotlib.org/stable/_images/sphx_glr_colorbar_placement_006.png]
[matplotlib.org/stable/_images/sphx_glr_colorbar_placement_007.png]
[matplotlib.org/stable/_images/sphx_glr_colorbar_placement_008.png]
[matplotlib.org/stable/_images/sphx_glr_colorbar_placement_009.png]
[matplotlib.org/stable/_images/sphx_glr_colorbar_placement_010.png]
[matplotlib.org/stable/_images/sphx_glr_colorbar_placement_011.png]
[matplotlib.org/stable/_downloads/d4e9f77552b6ea0d31ace2aa79249d74/colorbar_placement.ipynb]
[matplotlib.org/stable/_downloads/038a4f7f90469f553c713c981a1c4702/colorbar_placement.py]
[matplotlib.org/stable/_downloads/0b4c4054705ed17a3a173ed4deef1419/colorbar_placement.zip]
[matplotlib.org/stable/users/explain/axes/colorbar_placement.html]
[matplotlib.org/stable/_images/sphx_glr_autoscale_001.png]
[matplotlib.org/stable/users/explain/customizing679c.html]
[matplotlib.org/stable/users/explain/customizing0c45.html]
[matplotlib.org/stable/users/explain/customizingc2f5.html]
[matplotlib.org/stable/_images/sphx_glr_autoscale_002.png]
[matplotlib.org/stable/_images/sphx_glr_autoscale_003.png]
[matplotlib.org/stable/_images/sphx_glr_autoscale_004.png]
[matplotlib.org/stable/_images/sphx_glr_autoscale_005.png]
[matplotlib.org/stable/_images/sphx_glr_autoscale_006.png]
[matplotlib.org/stable/_images/sphx_glr_autoscale_007.png]
[matplotlib.org/stable/_images/sphx_glr_autoscale_008.png]
[matplotlib.org/stable/_images/sphx_glr_autoscale_009.png]
[matplotlib.org/stable/_downloads/a63f0ce83ad0b644d528e3b40b8614df/autoscale.ipynb]
[matplotlib.org/stable/_downloads/e864ab41236053d6086728793d17eb75/autoscale.py]
[matplotlib.org/stable/_downloads/8825ced79ce887e9d5c427acc997c875/autoscale.zip]
[matplotlib.org/stable/users/explain/axes/autoscale.html]
[matplotlib.org/stable/_images/sphx_glr_axes_scales_001.png]
[matplotlib.org/stable/_images/sphx_glr_axes_scales_002.png]
[matplotlib.org/stable/_images/sphx_glr_axes_scales_003.png]
[matplotlib.org/stable/_images/sphx_glr_axes_scales_004.png]
[matplotlib.org/stable/_images/sphx_glr_axes_scales_005.png]
[matplotlib.org/stable/_images/sphx_glr_axes_scales_006.png]
[matplotlib.org/stable/_downloads/7ecae914e6cf8f44e62457a52d57844e/axes_scales.ipynb]
[matplotlib.org/stable/_downloads/e77c4484740b568e259d33bfc9a86ad2/axes_scales.py]
[matplotlib.org/stable/_downloads/9b79f4baedd53d3392677bc238c9a808/axes_scales.zip]
[matplotlib.org/stable/users/explain/axes/axes_scales.html]
[matplotlib.org/stable/_images/sphx_glr_axes_ticks_001.png]
[matplotlib.org/stable/_images/sphx_glr_axes_ticks_002.png]
[matplotlib.org/stable/_images/sphx_glr_axes_ticks_003.png]
[matplotlib.org/stable/_images/sphx_glr_axes_ticks_004.png]
[matplotlib.org/stable/_images/sphx_glr_axes_ticks_005.png]
[matplotlib.org/stable/_downloads/5eb4aaff231bef8113c11e23f16047b1/axes_ticks.ipynb]
[matplotlib.org/stable/_downloads/3b1d962a9ffc6a29aba6432b8a452f4c/axes_ticks.py]
[matplotlib.org/stable/_downloads/11fca6d72e33f2b700e99977dae5387d/axes_ticks.zip]
[matplotlib.org/stable/users/explain/axes/axes_ticks.html]
[matplotlib.org/stable/_images/sphx_glr_axes_units_001.png]
[matplotlib.org/stable/_images/sphx_glr_axes_units_002.png]
[matplotlib.org/stable/_images/sphx_glr_axes_units_003.png]
[matplotlib.org/stable/_images/sphx_glr_axes_units_004.png]
[matplotlib.org/stable/_images/sphx_glr_axes_units_005.png]
[matplotlib.org/stable/_images/sphx_glr_axes_units_006.png]
[matplotlib.org/stable/_images/sphx_glr_axes_units_007.png]
[matplotlib.org/stable/_images/sphx_glr_axes_units_008.png]
[matplotlib.org/stable/_images/sphx_glr_axes_units_009.png]
[matplotlib.org/stable/_images/sphx_glr_axes_units_010.png]
[matplotlib.org/stable/_images/sphx_glr_axes_units_011.png]
[matplotlib.org/stable/_images/sphx_glr_axes_units_012.png]
[matplotlib.org/stable/_downloads/0058fbe25cf21cd7c40fb5bd22f92895/axes_units.ipynb]
[matplotlib.org/stable/_downloads/c574b5e3ff9c69fcd37a9af9609c99d1/axes_units.py]
[matplotlib.org/stable/_downloads/366da7a51034486094d192bf35a772b8/axes_units.zip]
[matplotlib.org/stable/users/explain/axes/axes_units.html]
[matplotlib.org/stable/_images/sphx_glr_legend_guide_001.png]
[matplotlib.org/stable/_images/sphx_glr_legend_guide_002.png]
[matplotlib.org/stable/_images/sphx_glr_legend_guide_003.png]
[matplotlib.org/stable/_images/sphx_glr_legend_guide_004.png]
[matplotlib.org/stable/_images/sphx_glr_legend_guide_005.png]
[matplotlib.org/stable/_images/sphx_glr_legend_guide_006.png]
[matplotlib.org/stable/_images/sphx_glr_legend_guide_007.png]
[matplotlib.org/stable/_images/sphx_glr_legend_guide_008.png]
[matplotlib.org/stable/_images/sphx_glr_legend_guide_009.png]
[matplotlib.org/stable/_images/sphx_glr_legend_guide_010.png]
[matplotlib.org/stable/_images/sphx_glr_legend_guide_011.png]
[matplotlib.org/stable/_images/sphx_glr_legend_guide_012.png]
[matplotlib.org/stable/_downloads/9771ec3f070b014893afe3648c2fe085/legend_guide.ipynb]
[matplotlib.org/stable/_downloads/e6d00111e0bce42dab04f6f9ce6374b7/legend_guide.py]
[matplotlib.org/stable/_downloads/9bde6bb3ee9bbe0cc744310687d0dd3f/legend_guide.zip]
[matplotlib.org/stable/users/explain/axes/legend_guide.html]
[matplotlib.org/stable/_images/sphx_glr_mosaic_001.png]
[matplotlib.org/stable/_images/sphx_glr_mosaic_002.png]
[matplotlib.org/stable/_images/sphx_glr_mosaic_003.png]
[matplotlib.org/stable/_images/sphx_glr_mosaic_004.png]
[matplotlib.org/stable/_images/sphx_glr_mosaic_005.png]
[matplotlib.org/stable/_images/sphx_glr_mosaic_006.png]
[matplotlib.org/stable/_images/sphx_glr_mosaic_007.png]
[matplotlib.org/stable/_images/sphx_glr_mosaic_008.png]
[matplotlib.org/stable/_images/sphx_glr_mosaic_009.png]
[matplotlib.org/stable/_images/sphx_glr_mosaic_010.png]
[matplotlib.org/stable/_images/sphx_glr_mosaic_011.png]
[matplotlib.org/stable/_images/sphx_glr_mosaic_012.png]
[matplotlib.org/stable/_images/sphx_glr_mosaic_013.png]
[matplotlib.org/stable/_images/sphx_glr_mosaic_014.png]
[matplotlib.org/stable/_images/sphx_glr_mosaic_015.png]
[matplotlib.org/stable/_images/sphx_glr_mosaic_016.png]
[matplotlib.org/stable/_images/sphx_glr_mosaic_017.png]
[matplotlib.org/stable/_images/sphx_glr_mosaic_018.png]
[matplotlib.org/stable/_downloads/c845cd1b7e5d796333d92f240787aaae/mosaic.ipynb]
[matplotlib.org/stable/_downloads/af8c3c8cd4b98795b4f4562826726e37/mosaic.py]
[matplotlib.org/stable/_downloads/f512dde983169fb7bc52414b27a73f66/mosaic.zip]
[matplotlib.org/stable/users/explain/axes/mosaic.html]
[matplotlib.org/stable/_images/sphx_glr_constrainedlayout_guide_001.png]
[matplotlib.org/stable/_images/sphx_glr_constrainedlayout_guide_002.png]
[matplotlib.org/stable/_images/sphx_glr_constrainedlayout_guide_003.png]
[matplotlib.org/stable/_images/sphx_glr_constrainedlayout_guide_004.png]
[matplotlib.org/stable/_images/sphx_glr_constrainedlayout_guide_005.png]
[matplotlib.org/stable/_images/sphx_glr_constrainedlayout_guide_006.png]
[matplotlib.org/stable/_images/sphx_glr_constrainedlayout_guide_007.png]
[matplotlib.org/stable/_images/sphx_glr_constrainedlayout_guide_008.png]
[matplotlib.org/stable/_images/sphx_glr_constrainedlayout_guide_009.png]
[matplotlib.org/stable/_images/sphx_glr_constrainedlayout_guide_010.png]
[matplotlib.org/stable/_images/sphx_glr_constrainedlayout_guide_011.png]
[matplotlib.org/stable/_images/constrained_layout_1b.png]
[matplotlib.org/stable/_images/sphx_glr_constrainedlayout_guide_012.png]
[matplotlib.org/stable/_images/constrained_layout_2b.png]
[matplotlib.org/stable/_images/sphx_glr_constrainedlayout_guide_013.png]
[matplotlib.org/stable/_images/sphx_glr_constrainedlayout_guide_014.png]
[matplotlib.org/stable/_images/sphx_glr_constrainedlayout_guide_015.png]
[matplotlib.org/stable/_images/sphx_glr_constrainedlayout_guide_016.png]
[matplotlib.org/stable/_images/sphx_glr_constrainedlayout_guide_017.png]
[matplotlib.org/stable/_images/sphx_glr_constrainedlayout_guide_018.png]
[matplotlib.org/stable/_images/sphx_glr_constrainedlayout_guide_019.png]
[matplotlib.org/stable/_images/sphx_glr_constrainedlayout_guide_020.png]
[matplotlib.org/stable/_images/sphx_glr_constrainedlayout_guide_021.png]
[matplotlib.org/stable/_images/sphx_glr_constrainedlayout_guide_022.png]
[matplotlib.org/stable/_images/sphx_glr_constrainedlayout_guide_023.png]
[matplotlib.org/stable/_images/sphx_glr_constrainedlayout_guide_024.png]
[matplotlib.org/stable/_images/sphx_glr_constrainedlayout_guide_025.png]
[matplotlib.org/stable/_images/sphx_glr_constrainedlayout_guide_026.png]
[matplotlib.org/stable/_images/sphx_glr_constrainedlayout_guide_027.png]
[matplotlib.org/stable/_images/sphx_glr_constrainedlayout_guide_028.png]
[matplotlib.org/stable/_images/sphx_glr_constrainedlayout_guide_029.png]
[matplotlib.org/stable/_images/sphx_glr_constrainedlayout_guide_030.png]
[matplotlib.org/stable/_images/sphx_glr_constrainedlayout_guide_031.png]
[matplotlib.org/stable/_images/sphx_glr_constrainedlayout_guide_032.png]
[matplotlib.org/stable/_images/sphx_glr_constrainedlayout_guide_033.png]
[matplotlib.org/stable/_images/sphx_glr_constrainedlayout_guide_034.png]
[matplotlib.org/stable/_images/sphx_glr_constrainedlayout_guide_035.png]
[matplotlib.org/stable/_downloads/d8fb94404027dee6079d090b146898f6/constrainedlayout_guide.ipynb]
[matplotlib.org/stable/_downloads/146e58e6a4cefef33f4b840761f89ef9/constrainedlayout_guide.py]
[matplotlib.org/stable/_downloads/6c977ac381a0ef4cf37b664777deefa1/constrainedlayout_guide.zip]
[matplotlib.org/stable/users/explain/axes/constrainedlayout_guide.html]
[matplotlib.org/stable/_images/sphx_glr_tight_layout_guide_001.png]
[matplotlib.org/stable/_images/sphx_glr_tight_layout_guide_002.png]
[matplotlib.org/stable/_images/sphx_glr_tight_layout_guide_003.png]
[matplotlib.org/stable/_images/sphx_glr_tight_layout_guide_004.png]
[matplotlib.org/stable/_images/sphx_glr_tight_layout_guide_005.png]
[matplotlib.org/stable/_images/sphx_glr_tight_layout_guide_006.png]
[matplotlib.org/stable/_images/sphx_glr_tight_layout_guide_007.png]
[matplotlib.org/stable/_images/sphx_glr_tight_layout_guide_008.png]
[matplotlib.org/stable/_images/sphx_glr_tight_layout_guide_009.png]
[matplotlib.org/stable/_images/sphx_glr_tight_layout_guide_010.png]
[matplotlib.org/stable/_images/sphx_glr_tight_layout_guide_011.png]
[matplotlib.org/stable/_images/sphx_glr_tight_layout_guide_012.png]
[matplotlib.org/stable/_images/sphx_glr_tight_layout_guide_013.png]
[matplotlib.org/stable/_images/sphx_glr_tight_layout_guide_014.png]
[matplotlib.org/stable/_images/sphx_glr_tight_layout_guide_015.png]
[matplotlib.org/stable/_downloads/67637a15e988705b11dd468352a88a46/tight_layout_guide.ipynb]
[matplotlib.org/stable/_downloads/62805330204ab5e346c3479bd0886ba1/tight_layout_guide.py]
[matplotlib.org/stable/_downloads/ca09e05e9d7a01f3de38988b922f9dec/tight_layout_guide.zip]
[matplotlib.org/stable/users/explain/axes/tight_layout_guide.html]
[matplotlib.org/stable/users/explain/artists/index.html]
[matplotlib.org/stable/_downloads/1a8701f2eac32dbe6c650b7d7f927fc8/artist_intro-1.py]
[matplotlib.org/stable/_downloads/b8c4ae84b5dd5abc57c71d07a21726a0/artist_intro-1.2x.png]
[matplotlib.org/stable/_downloads/559271a3800084d8d4cd363da1ff0063/artist_intro-1.png]
[matplotlib.org/stable/_images/users-explain-artists-artist_intro-1.2x.png]
[matplotlib.org/stable/_images/users-explain-artists-artist_intro-1.png]
[matplotlib.org/stable/_downloads/d71a2584f43d90694b4cca45140e9fd3/artist_intro-2.py]
[matplotlib.org/stable/_downloads/9685ea2547e12d8c3b704c4267427764/artist_intro-2.2x.png]
[matplotlib.org/stable/_downloads/ed5d470f717beb61ad5452858c2d19a4/artist_intro-2.png]
[matplotlib.org/stable/_images/users-explain-artists-artist_intro-2.2x.png]
[matplotlib.org/stable/_images/users-explain-artists-artist_intro-2.png]
[matplotlib.org/stable/_downloads/be2aa1da675d5302c594303a90b84071/artist_intro-3.py]
[matplotlib.org/stable/_downloads/305ba783c7019eef16a94ebbfce9c408/artist_intro-3.2x.png]
[matplotlib.org/stable/_downloads/2caa736903ff39ee1742b52f755a3bfa/artist_intro-3.png]
[matplotlib.org/stable/_images/users-explain-artists-artist_intro-3.2x.png]
[matplotlib.org/stable/_images/users-explain-artists-artist_intro-3.png]
[matplotlib.org/stable/users/explain/artists/artist_intro.html]
[matplotlib.org/stable/_images/sphx_glr_color_cycle_001.png]
[matplotlib.org/stable/_downloads/2b6269c4a1a995b895e69cc9e1ff92cf/color_cycle.ipynb]
[matplotlib.org/stable/_downloads/9beda5664b175faa65a3079734e5405f/color_cycle.py]
[matplotlib.org/stable/_downloads/f0ade1c2fab8fc99318dd0fbfa539ef1/color_cycle.zip]
[matplotlib.org/stable/users/explain/artists/color_cycle.html]
[matplotlib.org/stable/users/explain/customizing4e88.html]
[matplotlib.org/stable/users/explain/customizing3b27.html]
[matplotlib.org/stable/users/explain/artists/performance.html]
[matplotlib.org/stable/users/explain/customizing7561.html]
[matplotlib.org/stable/_images/sphx_glr_paths_001.png]
[matplotlib.org/stable/_images/sphx_glr_paths_002.png]
[matplotlib.org/stable/_images/sphx_glr_paths_003.png]
[matplotlib.org/stable/_downloads/c1a1545fd099a897923c9f6d533313a2/paths.ipynb]
[matplotlib.org/stable/_downloads/b58cd11f808a5ee8f6b67b8284d21cb3/paths.py]
[matplotlib.org/stable/_downloads/70f35d30225c2afb58a7469e4c1ebdcc/paths.zip]
[matplotlib.org/stable/users/explain/artists/paths.html]
[matplotlib.org/stable/_images/sphx_glr_patheffects_guide_001.png]
[matplotlib.org/stable/_images/sphx_glr_patheffects_guide_002.png]
[matplotlib.org/stable/_images/sphx_glr_patheffects_guide_003.png]
[matplotlib.org/stable/_images/sphx_glr_patheffects_guide_004.png]
[matplotlib.org/stable/_downloads/b65d6b33e40d6e4514bfbd585d16bf06/patheffects_guide.ipynb]
[matplotlib.org/stable/_downloads/d83c9d326d1def2bc076a8958cb7d12c/patheffects_guide.py]
[matplotlib.org/stable/_downloads/a756c01cee4d49484c737f5961a1694f/patheffects_guide.zip]
[matplotlib.org/stable/users/explain/artists/patheffects_guide.html]
[matplotlib.org/stable/_images/sphx_glr_imshow_extent_001.png]
[matplotlib.org/stable/users/explain/customizing7a52.html]
[matplotlib.org/stable/_images/sphx_glr_imshow_extent_002.png]
[matplotlib.org/stable/_images/sphx_glr_imshow_extent_003.png]
[matplotlib.org/stable/_downloads/ea3ff0e893d2ed62fab9c394e239acae/imshow_extent.ipynb]
[matplotlib.org/stable/_downloads/43950b7f379de8f06a65b585ed9a472e/imshow_extent.py]
[matplotlib.org/stable/_downloads/f3831234a7995f9841f0ed9b21e47b9e/imshow_extent.zip]
[matplotlib.org/stable/users/explain/artists/imshow_extent.html]
[matplotlib.org/stable/_images/sphx_glr_transforms_tutorial_001.png]
[matplotlib.org/stable/_images/sphx_glr_transforms_tutorial_002.png]
[matplotlib.org/stable/_images/sphx_glr_transforms_tutorial_003.png]
[matplotlib.org/stable/_images/sphx_glr_transforms_tutorial_004.png]
[matplotlib.org/stable/_images/sphx_glr_transforms_tutorial_005.png]
[matplotlib.org/stable/_images/sphx_glr_transforms_tutorial_006.png]
[matplotlib.org/stable/_images/sphx_glr_transforms_tutorial_007.png]
[matplotlib.org/stable/_images/sphx_glr_transforms_tutorial_008.png]
[matplotlib.org/stable/_images/sphx_glr_transforms_tutorial_009.png]
[matplotlib.org/stable/_downloads/5386527d666afd4ca59df6c73e7bd9c9/transforms_tutorial.ipynb]
[matplotlib.org/stable/_downloads/4776d1658947f2a5be31f56f02a4454a/transforms_tutorial.py]
[matplotlib.org/stable/_downloads/68218fd9e3a4550a9b996329e13f8d72/transforms_tutorial.zip]
[matplotlib.org/stable/users/explain/artists/transforms_tutorial.html]
[matplotlib.org/stable/_images/sphx_glr_customizing_001.png]
[matplotlib.org/stable/_images/sphx_glr_customizing_002.png]
[matplotlib.org/stable/_images/sphx_glr_customizing_003.png]
[matplotlib.org/stable/_images/sphx_glr_customizing_004.png]
[matplotlib.org/stable/_images/sphx_glr_customizing_005.png]
[matplotlib.org/stable/_images/sphx_glr_customizing_006.png]
[matplotlib.org/stable/_downloads/fbba825e740063cf0f062ae506ac5fc3/customizing.ipynb]
[matplotlib.org/stable/_downloads/94d8a348ee00a3f4afcdc2e530f954ce/customizing.py]
[matplotlib.org/stable/_downloads/5e3e92c5a97db68275f27e57a4532110/customizing.zip]
[matplotlib.org/stable/users/explain/customizing.html]
[matplotlib.org/stable/users/explain/colors/index.html]
[matplotlib.org/stable/users/explain/customizing0b27.html]
[matplotlib.org/stable/_images/sphx_glr_colors_001.png]
[matplotlib.org/stable/_images/sphx_glr_colors_002.png]
[matplotlib.org/stable/_images/sphx_glr_colors_003.png]
[matplotlib.org/stable/_images/sphx_glr_colors_004.png]
[matplotlib.org/stable/_downloads/3761761bc2c3918b60021a855b3e3d0b/colors.ipynb]
[matplotlib.org/stable/_downloads/c72ce5570d6edb7c95b72e06f668bdce/colors.py]
[matplotlib.org/stable/_downloads/55b0bbea1048cf55165a696493894f3d/colors.zip]
[matplotlib.org/stable/users/explain/colors/colors.html]
[matplotlib.org/stable/_images/sphx_glr_colorbar_only_001.png]
[matplotlib.org/stable/_images/sphx_glr_colorbar_only_002.png]
[matplotlib.org/stable/_images/sphx_glr_colorbar_only_003.png]
[matplotlib.org/stable/_images/sphx_glr_colorbar_only_004.png]
[matplotlib.org/stable/_images/sphx_glr_colorbar_only_005.png]
[matplotlib.org/stable/_downloads/b963041f451cde8f99a405ec0ea0f25d/colorbar_only.ipynb]
[matplotlib.org/stable/_downloads/5a60123144cbaa16c29cb481926340cb/colorbar_only.py]
[matplotlib.org/stable/_downloads/2b8f8b11f03eb7a55ee900209c225d7a/colorbar_only.zip]
[matplotlib.org/stable/users/explain/colors/colorbar_only.html]
[matplotlib.org/stable/_images/sphx_glr_colormap-manipulation_001.png]
[matplotlib.org/stable/_images/sphx_glr_colormap-manipulation_002.png]
[matplotlib.org/stable/_images/sphx_glr_colormap-manipulation_003.png]
[matplotlib.org/stable/_images/sphx_glr_colormap-manipulation_004.png]
[matplotlib.org/stable/_images/sphx_glr_colormap-manipulation_005.png]
[matplotlib.org/stable/_images/sphx_glr_colormap-manipulation_006.png]
[matplotlib.org/stable/_images/sphx_glr_colormap-manipulation_007.png]
[matplotlib.org/stable/_images/sphx_glr_colormap-manipulation_008.png]
[matplotlib.org/stable/_images/sphx_glr_colormap-manipulation_009.png]
[matplotlib.org/stable/_images/sphx_glr_colormap-manipulation_010.png]
[matplotlib.org/stable/_downloads/ed45f2a3380f33f4b7a2dbf4b6b31be0/colormap-manipulation.ipynb]
[matplotlib.org/stable/_downloads/389295c6d59aec11c1aadaccf12ff422/colormap-manipulation.py]
[matplotlib.org/stable/_downloads/c01dd5cad04166d697c28e40ccae2cef/colormap-manipulation.zip]
[matplotlib.org/stable/users/explain/colors/colormap-manipulation.html]
[matplotlib.org/stable/_images/sphx_glr_colormapnorms_001.png]
[matplotlib.org/stable/_images/sphx_glr_colormapnorms_002.png]
[matplotlib.org/stable/_images/sphx_glr_colormapnorms_003.png]
[matplotlib.org/stable/_images/sphx_glr_colormapnorms_004.png]
[matplotlib.org/stable/_images/sphx_glr_colormapnorms_005.png]
[matplotlib.org/stable/_images/sphx_glr_colormapnorms_006.png]
[matplotlib.org/stable/_images/sphx_glr_colormapnorms_007.png]
[matplotlib.org/stable/_images/sphx_glr_colormapnorms_008.png]
[matplotlib.org/stable/_downloads/38d03154d55ceb8c39f5869bfcecdfdf/colormapnorms.ipynb]
[matplotlib.org/stable/_downloads/6d860d0116cbcb9c2f8d0d6ef6ecc90a/colormapnorms.py]
[matplotlib.org/stable/_downloads/d04a22b4268bbcf586deac253786f149/colormapnorms.zip]
[matplotlib.org/stable/users/explain/colors/colormapnorms.html]
[matplotlib.org/stable/_images/sphx_glr_colormaps_001.png]
[matplotlib.org/stable/_images/sphx_glr_colormaps_002.png]
[matplotlib.org/stable/_images/sphx_glr_colormaps_003.png]
[matplotlib.org/stable/_images/sphx_glr_colormaps_004.png]
[matplotlib.org/stable/_images/sphx_glr_colormaps_005.png]
[matplotlib.org/stable/_images/sphx_glr_colormaps_006.png]
[matplotlib.org/stable/_images/sphx_glr_colormaps_007.png]
[matplotlib.org/stable/_images/sphx_glr_colormaps_008.png]
[matplotlib.org/stable/_images/sphx_glr_colormaps_009.png]
[matplotlib.org/stable/_images/sphx_glr_colormaps_010.png]
[matplotlib.org/stable/_images/sphx_glr_colormaps_011.png]
[matplotlib.org/stable/_images/sphx_glr_colormaps_012.png]
[matplotlib.org/stable/_images/sphx_glr_colormaps_013.png]
[matplotlib.org/stable/_images/sphx_glr_colormaps_014.png]
[matplotlib.org/stable/_images/sphx_glr_colormaps_015.png]
[matplotlib.org/stable/_images/sphx_glr_colormaps_016.png]
[matplotlib.org/stable/_images/sphx_glr_colormaps_017.png]
[matplotlib.org/stable/_images/sphx_glr_colormaps_018.png]
[matplotlib.org/stable/_images/sphx_glr_colormaps_019.png]
[matplotlib.org/stable/_images/sphx_glr_colormaps_020.png]
[matplotlib.org/stable/_images/sphx_glr_colormaps_021.png]
[matplotlib.org/stable/_downloads/a58dec1c9a88487f9b1de45f0eb2443c/colormaps.ipynb]
[matplotlib.org/stable/_downloads/b9d28120854d00e968560ceab43ae8e9/colormaps.py]
[matplotlib.org/stable/_downloads/2f54b3d6ec1d413c1311f9167151ce8d/colormaps.zip]
[matplotlib.org/stable/users/explain/colors/colormaps.html]
[matplotlib.org/stable/_images/sphx_glr_fonts_thumb.png]
[matplotlib.org/stable/_images/sphx_glr_pgf_thumb.png]
[matplotlib.org/stable/_images/sphx_glr_usetex_thumb.png]
[matplotlib.org/stable/users/explain/text/index.html]
[matplotlib.org/stable/_images/sphx_glr_text_intro_001.png]
[matplotlib.org/stable/_images/sphx_glr_text_intro_002.png]
[matplotlib.org/stable/_images/sphx_glr_text_intro_003.png]
[matplotlib.org/stable/_images/sphx_glr_text_intro_004.png]
[matplotlib.org/stable/_images/sphx_glr_text_intro_005.png]
[matplotlib.org/stable/_images/sphx_glr_text_intro_006.png]
[matplotlib.org/stable/_images/sphx_glr_text_intro_007.png]
[matplotlib.org/stable/_images/sphx_glr_text_intro_008.png]
[matplotlib.org/stable/users/explain/customizingdacf.html]
[matplotlib.org/stable/_images/sphx_glr_text_intro_009.png]
[matplotlib.org/stable/_images/sphx_glr_text_intro_010.png]
[matplotlib.org/stable/_images/sphx_glr_text_intro_011.png]
[matplotlib.org/stable/_images/sphx_glr_text_intro_012.png]
[matplotlib.org/stable/_images/sphx_glr_text_intro_013.png]
[matplotlib.org/stable/_images/sphx_glr_text_intro_014.png]
[matplotlib.org/stable/_images/sphx_glr_text_intro_015.png]
[matplotlib.org/stable/_images/sphx_glr_text_intro_016.png]
[matplotlib.org/stable/_images/sphx_glr_text_intro_017.png]
[matplotlib.org/stable/_downloads/d0d8ff965c8915500c57be0a60da41d2/text_intro.ipynb]
[matplotlib.org/stable/_downloads/5cc8733f16d9829dbee071b7145f69ba/text_intro.py]
[matplotlib.org/stable/_downloads/f16010a926dc6421aef41477a49b42f6/text_intro.zip]
[matplotlib.org/stable/users/explain/text/text_intro.html]
[matplotlib.org/stable/_images/sphx_glr_text_props_001.png]
[matplotlib.org/stable/users/prev_whats_new/dflt_style_changes.html]
[matplotlib.org/stable/_downloads/16a2563b6427496cdb53f676f2b9816a/text_props.ipynb]
[matplotlib.org/stable/_downloads/24fe8dfa54a83044ce4a75c45641def2/text_props.py]
[matplotlib.org/stable/_downloads/51266afeb4315431042f607257192e8a/text_props.zip]
[matplotlib.org/stable/users/explain/text/text_props.html]
[matplotlib.org/stable/_images/sphx_glr_annotations_001.png]
[matplotlib.org/stable/_images/sphx_glr_annotations_002.png]
[matplotlib.org/stable/_images/sphx_glr_annotations_003.png]
[matplotlib.org/stable/_images/sphx_glr_annotations_004.png]
[matplotlib.org/stable/_images/sphx_glr_annotations_005.png]
[matplotlib.org/stable/_images/sphx_glr_annotations_006.png]
[matplotlib.org/stable/_images/sphx_glr_fancybox_demo_001.png]
[matplotlib.org/stable/_images/sphx_glr_annotations_007.png]
[matplotlib.org/stable/_images/sphx_glr_annotations_008.png]
[matplotlib.org/stable/_images/sphx_glr_annotations_009.png]
[matplotlib.org/stable/_downloads/4dca774e0ef5239d7c4308501dbcf705/annotations-1.2x.png]
[matplotlib.org/stable/_downloads/04ef7105644b726ea0a286a27578b233/annotations-1.png]
[matplotlib.org/stable/_images/users-explain-text-annotations-1.2x.png]
[matplotlib.org/stable/_images/users-explain-text-annotations-1.png]
[matplotlib.org/stable/_downloads/45760bc4b11f4b37b071b779830f1b03/annotations-2.py]
[matplotlib.org/stable/_downloads/d73f23abb4fd9e024c93f0d6415a7a1e/annotations-2.2x.png]
[matplotlib.org/stable/_downloads/23cad79f0441c86a82903c1ae30be4d9/annotations-2.png]
[matplotlib.org/stable/_images/users-explain-text-annotations-2.2x.png]
[matplotlib.org/stable/_images/users-explain-text-annotations-2.png]
[matplotlib.org/stable/_images/sphx_glr_fancyarrow_demo_001.png]
[matplotlib.org/stable/_images/sphx_glr_annotations_010.png]
[matplotlib.org/stable/_images/sphx_glr_annotations_011.png]
[matplotlib.org/stable/_images/sphx_glr_annotations_012.png]
[matplotlib.org/stable/_images/sphx_glr_annotations_013.png]
[matplotlib.org/stable/_images/sphx_glr_annotations_014.png]
[matplotlib.org/stable/_images/sphx_glr_annotations_015.png]
[matplotlib.org/stable/_images/sphx_glr_annotations_016.png]
[matplotlib.org/stable/_images/sphx_glr_annotations_017.png]
[matplotlib.org/stable/_images/sphx_glr_annotations_018.png]
[matplotlib.org/stable/_images/sphx_glr_annotations_019.png]
[matplotlib.org/stable/_images/sphx_glr_annotations_020.png]
[matplotlib.org/stable/_images/sphx_glr_annotations_021.png]
[matplotlib.org/stable/_images/sphx_glr_annotations_022.png]
[matplotlib.org/stable/_images/sphx_glr_annotations_023.png]
[matplotlib.org/stable/_images/sphx_glr_annotations_024.png]
[matplotlib.org/stable/_images/sphx_glr_annotations_025.png]
[matplotlib.org/stable/_images/sphx_glr_axes_zoom_effect_001.png]
[matplotlib.org/stable/_downloads/34b71ff3911c646d75af535140c8fb6e/annotations.ipynb]
[matplotlib.org/stable/_downloads/d4f5244fb548ebe6e67e43884bdbc4d4/annotations.py]
[matplotlib.org/stable/_downloads/4eeee63c8489a7cd7ea0d4b9877fd27e/annotations.zip]
[matplotlib.org/stable/users/explain/text/annotations.html]
[matplotlib.org/stable/users/explain/customizing406a.html]
[matplotlib.org/stable/_downloads/3866cf7a03a4b5b3f6c2377931b49f08/fonts-1.py]
[matplotlib.org/stable/_downloads/9a9917ba30a1cd225f15e122512008cb/fonts-1.2x.png]
[matplotlib.org/stable/_downloads/32438da1f3868e6b27e245cd13b17dc9/fonts-1.png]
[matplotlib.org/stable/_images/users-explain-text-fonts-1.2x.png]
[matplotlib.org/stable/_images/users-explain-text-fonts-1.png]
[matplotlib.org/stable/_downloads/df0c615c283f2970ab5a7bb796e29754/fonts.ipynb]
[matplotlib.org/stable/_downloads/d1dca66336d6b6aa99c62593a9314464/fonts.py]
[matplotlib.org/stable/_downloads/93cffc04be0548530ac5d53646574c05/fonts.zip]
[matplotlib.org/stable/users/explain/text/fonts.html]
[matplotlib.org/stable/_images/sphx_glr_mathtext_001.png]
[matplotlib.org/stable/_images/sphx_glr_mathtext_002.png]
[matplotlib.org/stable/_images/mathmpl/math-905863d5df.png]
[matplotlib.org/stable/_images/mathmpl/math-285fa3b939.png]
[matplotlib.org/stable/_images/mathmpl/math-9143670868.png]
[matplotlib.org/stable/users/explain/customizing17bc.html]
[matplotlib.org/stable/users/explain/customizing0c3c.html]
[matplotlib.org/stable/_images/mathmpl/math-002bcd78ab.png]
[matplotlib.org/stable/_images/mathmpl/math-666092c937.png]
[matplotlib.org/stable/_images/mathmpl/math-591769605c.png]
[matplotlib.org/stable/_images/mathmpl/math-72d70af48d.png]
[matplotlib.org/stable/_images/mathmpl/math-0640b9cc56.png]
[matplotlib.org/stable/_images/mathmpl/math-7cc2235d34.png]
[matplotlib.org/stable/_images/mathmpl/math-83a138313f.png]
[matplotlib.org/stable/_images/mathmpl/math-1282b7598c.png]
[matplotlib.org/stable/_images/mathmpl/math-cdae050cfb.png]
[matplotlib.org/stable/_images/mathmpl/math-f68a3447d3.png]
[matplotlib.org/stable/_images/mathmpl/math-6b41e5a93c.png]
[matplotlib.org/stable/_images/mathmpl/math-fe06cff885.png]
[matplotlib.org/stable/_images/mathmpl/math-04c6c9d799.png]
[matplotlib.org/stable/_images/mathmpl/math-cd9c852465.png]
[matplotlib.org/stable/_images/mathmpl/math-7fbe2b3dea.png]
[matplotlib.org/stable/users/explain/customizing5704.html]
[matplotlib.org/stable/_images/mathmpl/math-a1990d4f5b.png]
[matplotlib.org/stable/_images/mathmpl/math-d433be4b9c.png]
[matplotlib.org/stable/_images/mathmpl/math-499e1a986c.png]
[matplotlib.org/stable/_images/mathmpl/math-48d2fc1dd6.png]
[matplotlib.org/stable/_images/mathmpl/math-aabc7abc94.png]
[matplotlib.org/stable/_images/mathmpl/math-5862ecacde.png]
[matplotlib.org/stable/_images/mathmpl/math-8790ce32a5.png]
[matplotlib.org/stable/_images/mathmpl/math-5d63f361df.png]
[matplotlib.org/stable/_images/mathmpl/math-db92a3ebd2.png]
[matplotlib.org/stable/_images/mathmpl/math-b079c58da5.png]
[matplotlib.org/stable/_images/mathmpl/math-55dde996e7.png]
[matplotlib.org/stable/_images/mathmpl/math-34c93a4abc.png]
[matplotlib.org/stable/_images/mathmpl/math-49264cc774.png]
[matplotlib.org/stable/_images/mathmpl/math-cbfb086762.png]
[matplotlib.org/stable/_downloads/ace812551ab5f9f820a5f6c84bbcbc56/mathtext.ipynb]
[matplotlib.org/stable/_downloads/6a27f153d03da17608cbea353ccef905/mathtext.py]
[matplotlib.org/stable/_downloads/b6db31f0b163c5e96200c4a42adeb868/mathtext.zip]
[matplotlib.org/stable/users/explain/text/mathtext.html]
[matplotlib.org/stable/users/explain/customizing5a6a.html]
[matplotlib.org/stable/users/explain/customizingf757.html]
[matplotlib.org/stable/users/explain/customizingaed1.html]
[matplotlib.org/stable/users/explain/customizingcb5e.html]
[matplotlib.org/stable/users/explain/customizingba90.html]
[matplotlib.org/stable/users/explain/customizing87fb.html]
[matplotlib.org/stable/_downloads/a4123a58a7384c72d501fe8d2fe988e7/pgf.ipynb]
[matplotlib.org/stable/_downloads/ef09ab1ef747b8ef0462b47da4a3a55e/pgf.py]
[matplotlib.org/stable/_downloads/5b4db92fe603a1f09193065758cef265/pgf.zip]
[matplotlib.org/stable/users/explain/text/pgf.html]
[matplotlib.org/stable/_images/sphx_glr_tex_demo_001.png]
[matplotlib.org/stable/users/explain/customizingf248.html]
[matplotlib.org/stable/users/explain/customizingd70a.html]
[matplotlib.org/stable/users/explain/customizing60d3.html]
[matplotlib.org/stable/_downloads/0a2cf45539c4f5419bdc3df46be568cb/usetex.ipynb]
[matplotlib.org/stable/_downloads/e7509c9ac8939780fe9a4bbd1e4328a1/usetex.py]
[matplotlib.org/stable/_downloads/bca5931f53b43102b6a9b7ee9a4eeb29/usetex.zip]
[matplotlib.org/stable/users/explain/text/usetex.html]
[matplotlib.org/stable/users/explain/animations/index.html]
[matplotlib.org/stable/_images/sphx_glr_animations_001.mp4]
[matplotlib.org/stable/_images/sphx_glr_animations_002.mp4]
[matplotlib.org/stable/_downloads/ce5593ca1443c961ec69e74b0af5c61c/animations.ipynb]
[matplotlib.org/stable/_downloads/b5546881188fb3e3d279d5a734f9240d/animations.py]
[matplotlib.org/stable/_downloads/506f596f4fea247b69376ea5f89e3e5d/animations.zip]
[matplotlib.org/stable/users/explain/animations/animations.html]
[matplotlib.org/stable/_images/sphx_glr_blitting_001.png]
[matplotlib.org/stable/_images/sphx_glr_blitting_002.png]
[matplotlib.org/stable/_downloads/4474e5053d9334b09fc7fcf56bb27cd0/blitting.ipynb]
[matplotlib.org/stable/_downloads/45aa008579ef6857fc6688e29efa25be/blitting.py]
[matplotlib.org/stable/_downloads/a1385b4dae9d7363a88dbd0c341e1610/blitting.zip]
[matplotlib.org/stable/users/explain/animations/blitting.html]
[matplotlib.org/stable/users/explain/toolkits/index.html]
[matplotlib.org/stable/_images/sphx_glr_demo_floating_axis_001.png]
[matplotlib.org/stable/_images/sphx_glr_simple_axisline3_001.png]
[matplotlib.org/stable/_images/sphx_glr_simple_axisartist1_001.png]
[matplotlib.org/stable/_images/sphx_glr_demo_parasite_axes2_001.png]
[matplotlib.org/stable/_images/sphx_glr_demo_curvelinear_grid_001.png]
[matplotlib.org/stable/_images/sphx_glr_demo_floating_axes_001.png]
[matplotlib.org/stable/_images/sphx_glr_simple_axis_direction01_001.png]
[matplotlib.org/stable/_images/sphx_glr_axis_direction_001.png]
[matplotlib.org/stable/_images/sphx_glr_demo_axis_direction_001.png]
[matplotlib.org/stable/_images/sphx_glr_simple_axis_direction03_001.png]
[matplotlib.org/stable/_images/sphx_glr_demo_ticklabel_alignment_001.png]
[matplotlib.org/stable/_images/sphx_glr_simple_axis_pad_001.png]
[matplotlib.org/stable/users/explain/toolkits/axisartist.html]
[matplotlib.org/stable/_images/sphx_glr_demo_axes_grid_001.png]
[matplotlib.org/stable/_images/sphx_glr_simple_axesgrid_001.png]
[matplotlib.org/stable/_images/sphx_glr_simple_axesgrid2_001.png]
[matplotlib.org/stable/_images/sphx_glr_demo_colorbar_with_axes_divider_001.png]
[matplotlib.org/stable/_images/sphx_glr_scatter_hist_locatable_axes_001.png]
[matplotlib.org/stable/_images/sphx_glr_parasite_simple_001.png]
[matplotlib.org/stable/_images/sphx_glr_simple_axisline4_001.png]
[matplotlib.org/stable/_images/sphx_glr_parasite_simple2_001.png]
[matplotlib.org/stable/_images/sphx_glr_simple_anchored_artists_001.png]
[matplotlib.org/stable/_images/sphx_glr_inset_locator_demo_001.png]
[matplotlib.org/stable/_images/sphx_glr_inset_locator_demo2_001.png]
[matplotlib.org/stable/_images/sphx_glr_demo_axes_rgb_001.png]
[matplotlib.org/stable/_images/sphx_glr_simple_axes_divider1_001.png]
[matplotlib.org/stable/_images/sphx_glr_simple_axes_divider3_001.png]
[matplotlib.org/stable/users/explain/toolkits/axes_grid.html]
[matplotlib.org/stable/_images/sphx_glr_subplot3d_001.png]
[matplotlib.org/stable/_images/sphx_glr_lines3d_001.png]
[matplotlib.org/stable/_images/sphx_glr_scatter3d_001.png]
[matplotlib.org/stable/_images/sphx_glr_wire3d_001.png]
[matplotlib.org/stable/_images/sphx_glr_surface3d_001.png]
[matplotlib.org/stable/_images/sphx_glr_trisurf3d_001.png]
[matplotlib.org/stable/_images/sphx_glr_contour3d_001.png]
[matplotlib.org/stable/_images/sphx_glr_contourf3d_001.png]
[matplotlib.org/stable/_images/sphx_glr_fillbetween3d_001.png]
[matplotlib.org/stable/_images/sphx_glr_polys3d_001.png]
[matplotlib.org/stable/_images/sphx_glr_bars3d_001.png]
[matplotlib.org/stable/_images/sphx_glr_quiver3d_001.png]
[matplotlib.org/stable/_images/sphx_glr_2dcollections3d_001.png]
[matplotlib.org/stable/_images/sphx_glr_text3d_001.png]
[matplotlib.org/stable/users/explain/toolkits/mplot3d.html]
[matplotlib.org/stable/_downloads/33fdd7721ebf0a0381692a5848b85e3f/index-1.py]
[matplotlib.org/stable/_downloads/204d3ab65d82e7f8909502225bb5579e/index-1.2x.png]
[matplotlib.org/stable/_downloads/643ceae5cb607472d92c85dde4ec5d08/index-1.png]
[matplotlib.org/stable/_images/users-getting_started-index-1.2x.png]
[matplotlib.org/stable/_images/users-getting_started-index-1.png]
[matplotlib.org/stable/users/getting_started/index.html]
[matplotlib.org/stable/install/dependencies.html]
[matplotlib.org/stable/api/matplotlib_configuration_api.html]
[matplotlib.org/home/mdboom/Art/logo-text.html]
[matplotlib.org/stable/plot_types/basic/index.html]
[matplotlib.org/stable/_images/sphx_glr_artists_001.png]
[matplotlib.org/stable/_images/sphx_glr_artists_002.png]
[matplotlib.org/stable/_images/sphx_glr_artists_003.png]
[matplotlib.org/stable/_images/sphx_glr_artists_004.png]
[matplotlib.org/stable/_images/sphx_glr_dollar_ticks_001.png]
[matplotlib.org/stable/_downloads/56bd96eb0622b01c5aa6181b709e5b07/artists.ipynb]
[matplotlib.org/stable/_downloads/06c5ad24d3e2f8f5f8e4b4f328fcdf3f/artists.py]
[matplotlib.org/stable/_downloads/b9606377da33a54f18aac7481dd532f6/artists.zip]
[matplotlib.org/stable/tutorials/artists.html]
[matplotlib.org/stable/_images/sphx_glr_plot_001.png]
[matplotlib.org/stable/_downloads/c3549a960f949135fab7fae6e7db2e7e/plot.ipynb]
[matplotlib.org/stable/_downloads/87d4c90a7e5e6ca21ec5cc86b40a553a/plot.py]
[matplotlib.org/stable/_downloads/edf936f9c842f4fff92a25655e5bd78d/plot.zip]
[matplotlib.org/stable/plot_types/basic/plot.html]
[matplotlib.org/stable/_images/sphx_glr_scatter_plot_001.png]
[matplotlib.org/stable/_downloads/43385562b6168494e9464fd4ea79d5be/scatter_plot.ipynb]
[matplotlib.org/stable/_downloads/f6c5e42b48428d3790657a757dda91a5/scatter_plot.py]
[matplotlib.org/stable/_downloads/fa4d52647b36a4f0ad2cde0a62b9d949/scatter_plot.zip]
[matplotlib.org/stable/plot_types/basic/scatter_plot.html]
[matplotlib.org/stable/_images/sphx_glr_bar_001.png]
[matplotlib.org/stable/_downloads/e4ba394a3ddfb22ccc50a8047f9a32b3/bar.ipynb]
[matplotlib.org/stable/_downloads/b399863c18129a77916d4c8398e5b9d0/bar.py]
[matplotlib.org/stable/_downloads/3979fb221dd3c27a1b95083bff355792/bar.zip]
[matplotlib.org/stable/plot_types/basic/bar.html]
[matplotlib.org/stable/_images/sphx_glr_stem_001.png]
[matplotlib.org/stable/_downloads/aa35bdc9aff50d49c3a4fb2d5766983c/stem.ipynb]
[matplotlib.org/stable/_downloads/b6cf92aa876a4b1fda00b5f08184f673/stem.py]
[matplotlib.org/stable/_downloads/90861ca691fb669a2d621db25aaf7b61/stem.zip]
[matplotlib.org/stable/plot_types/basic/stem.html]
[matplotlib.org/stable/_images/sphx_glr_fill_between_001.png]
[matplotlib.org/stable/_downloads/0844acc3d8c8d457bc5f707c80e65bd1/fill_between.ipynb]
[matplotlib.org/stable/_downloads/4db15b51c35991a3ee69725d94bb7e1c/fill_between.py]
[matplotlib.org/stable/_downloads/b0ffe9aeda41b3ac5c4f44382b921f23/fill_between.zip]
[matplotlib.org/stable/plot_types/basic/fill_between.html]
[matplotlib.org/stable/_images/sphx_glr_stackplot_001.png]
[matplotlib.org/stable/_downloads/93375277e615fce6a8ef8e4b02d95018/stackplot.ipynb]
[matplotlib.org/stable/_downloads/b722ff173d4996c1a939d4e0d442adff/stackplot.py]
[matplotlib.org/stable/_downloads/a04480535ada164277b11516ef1f9019/stackplot.zip]
[matplotlib.org/stable/plot_types/basic/stackplot.html]
[matplotlib.org/stable/_images/sphx_glr_stairs_001.png]
[matplotlib.org/stable/_downloads/1b052bbfe9e6d6248dc225ff7df9ca18/stairs.ipynb]
[matplotlib.org/stable/_downloads/008c73d5ac1c4af82c0b90fde922ebb9/stairs.py]
[matplotlib.org/stable/_downloads/f68e38787ce561d0f194913418f19c5c/stairs.zip]
[matplotlib.org/stable/plot_types/basic/stairs.html]
[matplotlib.org/stable/plot_types/stats/index.html]
[matplotlib.org/stable/_images/sphx_glr_hist_plot_001.png]
[matplotlib.org/stable/_downloads/721e3406f8136c90efcd9d5508b8fcbb/hist_plot.ipynb]
[matplotlib.org/stable/_downloads/4b0bfc86a1ba58f96b40478cc4e5bb49/hist_plot.py]
[matplotlib.org/stable/_downloads/4978dc75c5e2b7eb3d21e66de6c06891/hist_plot.zip]
[matplotlib.org/stable/plot_types/stats/hist_plot.html]
[matplotlib.org/stable/_images/sphx_glr_boxplot_plot_001.png]
[matplotlib.org/stable/_downloads/474e956909497683b49d4551bd2b5a8a/boxplot_plot.ipynb]
[matplotlib.org/stable/_downloads/c4fed0d1844aa480572cb604997e8f0d/boxplot_plot.py]
[matplotlib.org/stable/_downloads/b8a78d64658b786e4e637140d114decc/boxplot_plot.zip]
[matplotlib.org/stable/plot_types/stats/boxplot_plot.html]
[matplotlib.org/stable/_images/sphx_glr_errorbar_plot_001.png]
[matplotlib.org/stable/_downloads/0791d1d23a687fbe5f0916bf1e77a3a1/errorbar_plot.ipynb]
[matplotlib.org/stable/_downloads/10e00aece1dc1fd5bcef726cece1fb79/errorbar_plot.py]
[matplotlib.org/stable/_downloads/643dd0b572da44bb948ded3a17344bab/errorbar_plot.zip]
[matplotlib.org/stable/plot_types/stats/errorbar_plot.html]
[matplotlib.org/stable/_images/sphx_glr_violin_001.png]
[matplotlib.org/stable/_downloads/96dfb78e5dc87b48afee09aaf6a84cd4/violin.ipynb]
[matplotlib.org/stable/_downloads/d9b65d60b61233554e1a6123317baad5/violin.py]
[matplotlib.org/stable/_downloads/25e3d8683ff1d01a46d298bac7568bc7/violin.zip]
[matplotlib.org/stable/plot_types/stats/violin.html]
[matplotlib.org/stable/_images/sphx_glr_eventplot_001.png]
[matplotlib.org/stable/_downloads/9221cb78e333a9ede94fd29917ae5973/eventplot.ipynb]
[matplotlib.org/stable/_downloads/68a4b2dbac0235d0eb62c070990bd582/eventplot.py]
[matplotlib.org/stable/_downloads/b2669d063d1d2c229380b75fd0ffceda/eventplot.zip]
[matplotlib.org/stable/plot_types/stats/eventplot.html]
[matplotlib.org/stable/_images/sphx_glr_hist2d_001.png]
[matplotlib.org/stable/_downloads/28d5ab153586d48cc859317980c33ea2/hist2d.ipynb]
[matplotlib.org/stable/_downloads/1c65b20cba3b1e61c5050dac2745529f/hist2d.py]
[matplotlib.org/stable/_downloads/c7eba7a60c4e807ee93fb5a869ff05ae/hist2d.zip]
[matplotlib.org/stable/plot_types/stats/hist2d.html]
[matplotlib.org/stable/_images/sphx_glr_hexbin_001.png]
[matplotlib.org/stable/_downloads/6e05805f47b2292d7de2d61ebde03410/hexbin.ipynb]
[matplotlib.org/stable/_downloads/56b7bf491b1d106143dcc5df38c73d04/hexbin.py]
[matplotlib.org/stable/_downloads/1de5e08278464fb84666eb0cfbaac64b/hexbin.zip]
[matplotlib.org/stable/plot_types/stats/hexbin.html]
[matplotlib.org/stable/_images/sphx_glr_pie_001.png]
[matplotlib.org/stable/_downloads/2fa20d04c4fbe9b7d334fcfd7c507390/pie.ipynb]
[matplotlib.org/stable/_downloads/f29f319fc4f61757834bdd1ed1c80f4f/pie.py]
[matplotlib.org/stable/_downloads/104cf3289bc8934cf473db7a6075f1dc/pie.zip]
[matplotlib.org/stable/plot_types/stats/pie.html]
[matplotlib.org/stable/_images/sphx_glr_ecdf_001.png]
[matplotlib.org/stable/_downloads/99856eef4309cd4b9e54885dc2658405/ecdf.ipynb]
[matplotlib.org/stable/_downloads/12862425b3d5700010f8f1448569b890/ecdf.py]
[matplotlib.org/stable/_downloads/1820b422f77fe6a00fac9d04a3ba5dba/ecdf.zip]
[matplotlib.org/stable/plot_types/stats/ecdf.html]
[matplotlib.org/stable/plot_types/arrays/index.html]
[matplotlib.org/stable/_images/sphx_glr_imshow_001.png]
[matplotlib.org/stable/_downloads/086e6bc8625886d5d0f79235622991ac/imshow.ipynb]
[matplotlib.org/stable/_downloads/553b241dfadd69049f1cb8b009914d00/imshow.py]
[matplotlib.org/stable/_downloads/ed16aaa233997a936431a9ed7605565f/imshow.zip]
[matplotlib.org/stable/plot_types/arrays/imshow.html]
[matplotlib.org/stable/_images/sphx_glr_pcolormesh_001.png]
[matplotlib.org/stable/_downloads/c07bbba0debb4426b16bbff949f2dc48/pcolormesh.ipynb]
[matplotlib.org/stable/_downloads/9bb146524d4291857179a30031ea856a/pcolormesh.py]
[matplotlib.org/stable/_downloads/8aa8450abdbf20af2fb0ee68e23b0c63/pcolormesh.zip]
[matplotlib.org/stable/plot_types/arrays/pcolormesh.html]
[matplotlib.org/stable/_images/sphx_glr_contour_001.png]
[matplotlib.org/stable/_downloads/3fc9f66200e91de8e6aa70dc4aa334cb/contour.ipynb]
[matplotlib.org/stable/_downloads/fc365a6fd57d6221728f200939a16a56/contour.py]
[matplotlib.org/stable/_downloads/9823f3a108e8bc17a6b08f8248712414/contour.zip]
[matplotlib.org/stable/plot_types/arrays/contour.html]
[matplotlib.org/stable/_images/sphx_glr_contourf_001.png]
[matplotlib.org/stable/_downloads/8d57aae9d22353bda3cdaff9a6c97986/contourf.ipynb]
[matplotlib.org/stable/_downloads/df733f9bc8fdc992fa8ea76034ce706a/contourf.py]
[matplotlib.org/stable/_downloads/c3a33ab4a3ff9d6f680f8b0487fa7a60/contourf.zip]
[matplotlib.org/stable/plot_types/arrays/contourf.html]
[matplotlib.org/stable/_images/sphx_glr_barbs_001.png]
[matplotlib.org/stable/_downloads/b6f78f97f7fbec71abb3c6aefc1d4c7d/barbs.ipynb]
[matplotlib.org/stable/_downloads/417acbb12d2b6a185f7af1ca9b76b6ff/barbs.py]
[matplotlib.org/stable/_downloads/bd94b7dc54ad2bd65502788388582524/barbs.zip]
[matplotlib.org/stable/plot_types/arrays/barbs.html]
[matplotlib.org/stable/_images/sphx_glr_quiver_001.png]
[matplotlib.org/stable/_downloads/27efbe0ba3d7a6ab8f824add7e7bc774/quiver.ipynb]
[matplotlib.org/stable/_downloads/bbc514f3a1016c7b7672428cb8502dbf/quiver.py]
[matplotlib.org/stable/_downloads/870cc757a73b3a05d4e54928b0d06465/quiver.zip]
[matplotlib.org/stable/plot_types/arrays/quiver.html]
[matplotlib.org/stable/_images/sphx_glr_streamplot_001.png]
[matplotlib.org/stable/_downloads/d5495da7bfff8a67e9727dec9dd93ded/streamplot.ipynb]
[matplotlib.org/stable/_downloads/a00878546a57593e801c23b20668d112/streamplot.py]
[matplotlib.org/stable/_downloads/35ebfac96679a1b3a26c0d0d2645d776/streamplot.zip]
[matplotlib.org/stable/plot_types/arrays/streamplot.html]
[matplotlib.org/stable/plot_types/unstructured/index.html]
[matplotlib.org/stable/_images/sphx_glr_tricontour_001.png]
[matplotlib.org/stable/_downloads/bc15cb912cd995fdd1a278ab73fd7f87/tricontour.ipynb]
[matplotlib.org/stable/_downloads/940df964c05c80d436d3c80ab81a4fec/tricontour.py]
[matplotlib.org/stable/_downloads/bdf1820cd937fd601e353f37118b0d9c/tricontour.zip]
[matplotlib.org/stable/plot_types/unstructured/tricontour.html]
[matplotlib.org/stable/_images/sphx_glr_tricontourf_001.png]
[matplotlib.org/stable/_downloads/06d8568c9c6f02bf1c64744e15c4a416/tricontourf.ipynb]
[matplotlib.org/stable/_downloads/e41d1680a93a490689990af0797a91bd/tricontourf.py]
[matplotlib.org/stable/_downloads/523aaf766630dad5e0af80f4cfffce7f/tricontourf.zip]
[matplotlib.org/stable/plot_types/unstructured/tricontourf.html]
[matplotlib.org/stable/_images/sphx_glr_tripcolor_001.png]
[matplotlib.org/stable/_downloads/819e2f1e607e1c86291ce273efb8c565/tripcolor.ipynb]
[matplotlib.org/stable/_downloads/4201830e67f8c228b56f01ff0fdd82a4/tripcolor.py]
[matplotlib.org/stable/_downloads/3b6617efe902502d83be9023b7f4ec97/tripcolor.zip]
[matplotlib.org/stable/plot_types/unstructured/tripcolor.html]
[matplotlib.org/stable/_images/sphx_glr_triplot_001.png]
[matplotlib.org/stable/_downloads/ca2a498beb12619961d43a7ba14a3ed1/triplot.ipynb]
[matplotlib.org/stable/_downloads/569f6d2696dbae812695e6d633b45b03/triplot.py]
[matplotlib.org/stable/_downloads/7e879d7f6ffa630b6bf1b6dca964f733/triplot.zip]
[matplotlib.org/stable/plot_types/unstructured/triplot.html]
[matplotlib.org/stable/plot_types/3D/index.html]
[matplotlib.org/stable/_images/sphx_glr_bar3d_simple_001.png]
[matplotlib.org/stable/_downloads/105325b5bfeb925dc4c29468ae7f7a82/bar3d_simple.ipynb]
[matplotlib.org/stable/_downloads/6dd574408d4e7ff99ff70d35985fd265/bar3d_simple.py]
[matplotlib.org/stable/_downloads/484534bf7a851af713d6d3244c93a8aa/bar3d_simple.zip]
[matplotlib.org/stable/plot_types/3D/bar3d_simple.html]
[matplotlib.org/stable/_images/sphx_glr_fill_between3d_simple_001.png]
[matplotlib.org/stable/_downloads/47197aff0b8ae49d54507a61effbe20c/fill_between3d_simple.ipynb]
[matplotlib.org/stable/_downloads/4b09ece01bb31d76e8210b7150521c3c/fill_between3d_simple.py]
[matplotlib.org/stable/_downloads/2ac4eceb12f5814b485768cdf6261874/fill_between3d_simple.zip]
[matplotlib.org/stable/plot_types/3D/fill_between3d_simple.html]
[matplotlib.org/stable/_images/sphx_glr_plot3d_simple_001.png]
[matplotlib.org/stable/_downloads/9668ea8d423c0e9bc73028daac3c0e8d/plot3d_simple.ipynb]
[matplotlib.org/stable/_downloads/fa0df995bf922691445c2d10ae27e915/plot3d_simple.py]
[matplotlib.org/stable/_downloads/66c973dc08da83f27835405ec48460c0/plot3d_simple.zip]
[matplotlib.org/stable/plot_types/3D/plot3d_simple.html]
[matplotlib.org/stable/_images/sphx_glr_quiver3d_simple_001.png]
[matplotlib.org/stable/_downloads/96d4baccdd2be2fa187e219d4e203258/quiver3d_simple.ipynb]
[matplotlib.org/stable/_downloads/bacb0e8985efda3d3a8ee00460ed06c3/quiver3d_simple.py]
[matplotlib.org/stable/_downloads/2d9fe906fc75014b66a5eeeaa8e8e876/quiver3d_simple.zip]
[matplotlib.org/stable/plot_types/3D/quiver3d_simple.html]
[matplotlib.org/stable/_images/sphx_glr_scatter3d_simple_001.png]
[matplotlib.org/stable/_downloads/6456ec22210b5ac17dfa7e88c007d7fc/scatter3d_simple.ipynb]
[matplotlib.org/stable/_downloads/7ace3c2232efcb0fd94e4999de5d1b3d/scatter3d_simple.py]
[matplotlib.org/stable/_downloads/03688ffb75eaa3d3d0993b54c34ec69c/scatter3d_simple.zip]
[matplotlib.org/stable/plot_types/3D/scatter3d_simple.html]
[matplotlib.org/stable/_images/sphx_glr_stem3d_001.png]
[matplotlib.org/stable/_downloads/cabc7543d4fe87236fdb8bb878823cd2/stem3d.ipynb]
[matplotlib.org/stable/_downloads/7236513de029a7bc6ac29aed9db1bf91/stem3d.py]
[matplotlib.org/stable/_downloads/a5f6454f7df0e8de030ce37580117307/stem3d.zip]
[matplotlib.org/stable/plot_types/3D/stem3d.html]
[matplotlib.org/stable/_images/sphx_glr_surface3d_simple_001.png]
[matplotlib.org/stable/_downloads/2fbb51497dcb6c194a7be35176511d73/surface3d_simple.ipynb]
[matplotlib.org/stable/_downloads/0c69e8950c767c2d95108979a24ace2f/surface3d_simple.py]
[matplotlib.org/stable/_downloads/1fcd655f21c26798cc10fe85926d2fc7/surface3d_simple.zip]
[matplotlib.org/stable/plot_types/3D/surface3d_simple.html]
[matplotlib.org/stable/_images/sphx_glr_trisurf3d_simple_001.png]
[matplotlib.org/stable/_downloads/cd674f07796f1263c2618071b6eb1746/trisurf3d_simple.ipynb]
[matplotlib.org/stable/_downloads/e3e638c790e8cedaa78c03303fd6f563/trisurf3d_simple.py]
[matplotlib.org/stable/_downloads/feaa60e57c5df8addf5e8058d10efe16/trisurf3d_simple.zip]
[matplotlib.org/stable/plot_types/3D/trisurf3d_simple.html]
[matplotlib.org/stable/_images/sphx_glr_voxels_simple_001.png]
[matplotlib.org/stable/_downloads/4fc11b0e276d5ef6db9f31bfbba6c141/voxels_simple.ipynb]
[matplotlib.org/stable/_downloads/88852f40d7e531f3d8efe9db69d12d9c/voxels_simple.py]
[matplotlib.org/stable/_downloads/199ca7c26dbfe5a62f3085fdb3823a77/voxels_simple.zip]
[matplotlib.org/stable/plot_types/3D/voxels_simple.html]
[matplotlib.org/stable/_images/sphx_glr_wire3d_simple_001.png]
[matplotlib.org/stable/_downloads/c14ff0fa876858aa18b6c08cfc360aa5/wire3d_simple.ipynb]
[matplotlib.org/stable/_downloads/3fc633415467280d09654ac462420fdd/wire3d_simple.py]
[matplotlib.org/stable/_downloads/d1248584d9ef37a5c5d3b050e8ac35c5/wire3d_simple.zip]
[matplotlib.org/stable/plot_types/3D/wire3d_simple.html]
[matplotlib.org/stable/_images/demo_mplot3d.png]
[matplotlib.org/stable/api/toolkits/mplot3d.html]
[matplotlib.org/stable/_images/sphx_glr_pyplot_001.png]
[matplotlib.org/stable/_images/sphx_glr_pyplot_002.png]
[matplotlib.org/stable/_images/sphx_glr_pyplot_003.png]
[matplotlib.org/stable/_images/sphx_glr_pyplot_004.png]
[matplotlib.org/stable/_images/sphx_glr_pyplot_005.png]
[matplotlib.org/stable/_images/sphx_glr_pyplot_006.png]
[matplotlib.org/stable/_images/sphx_glr_pyplot_007.png]
[matplotlib.org/stable/_images/sphx_glr_pyplot_008.png]
[matplotlib.org/stable/_images/sphx_glr_pyplot_009.png]
[matplotlib.org/stable/_images/sphx_glr_pyplot_010.png]
[matplotlib.org/stable/_downloads/0e5d53c90d360a55082257e36bfaa2c2/pyplot.ipynb]
[matplotlib.org/stable/_downloads/681f4dd25f8e46fafcfeb15d634a35bf/pyplot.py]
[matplotlib.org/stable/_downloads/953671ad604c4aa1ab001e24866c6505/pyplot.zip]
[matplotlib.org/stable/tutorials/pyplot.html]
[matplotlib.org/stable/_images/stinkbug.png]
[raw.githubusercontent.com/matplotlib/matplotlib/main/doc/_static/stinkbug.png]
[matplotlib.org/stable/_images/sphx_glr_images_001.png]
[matplotlib.org/stable/_images/sphx_glr_images_002.png]
[matplotlib.org/stable/_images/sphx_glr_images_003.png]
[matplotlib.org/stable/_images/sphx_glr_images_004.png]
[matplotlib.org/stable/_images/sphx_glr_images_005.png]
[matplotlib.org/stable/_images/sphx_glr_images_006.png]
[matplotlib.org/stable/_images/sphx_glr_images_007.png]
[matplotlib.org/stable/_images/sphx_glr_images_008.png]
[matplotlib.org/stable/_images/sphx_glr_images_009.png]
[matplotlib.org/stable/_images/sphx_glr_images_010.png]
[matplotlib.org/stable/_images/sphx_glr_images_011.png]
[matplotlib.org/stable/_downloads/33cdbcfd1b016e6cea1c03ad960b40ce/images.ipynb]
[matplotlib.org/stable/_downloads/6da5ecb585bca3fd57ae9c5b9f7c8699/images.py]
[matplotlib.org/stable/_downloads/09e23ac1295593e2867ca974c8cb5a22/images.zip]
[matplotlib.org/stable/tutorials/images.html]
[matplotlib.org/stable/_images/sphx_glr_lifecycle_001.png]
[matplotlib.org/stable/_images/sphx_glr_lifecycle_002.png]
[matplotlib.org/stable/_images/sphx_glr_lifecycle_003.png]
[matplotlib.org/stable/_images/sphx_glr_lifecycle_004.png]
[matplotlib.org/stable/_images/sphx_glr_lifecycle_005.png]
[matplotlib.org/stable/_images/sphx_glr_lifecycle_006.png]
[matplotlib.org/stable/_images/sphx_glr_lifecycle_007.png]
[matplotlib.org/stable/_images/sphx_glr_lifecycle_008.png]
[matplotlib.org/stable/_images/sphx_glr_lifecycle_009.png]
[matplotlib.org/stable/_images/sphx_glr_lifecycle_010.png]
[matplotlib.org/stable/_downloads/7de294e08c64b9d855f6e791ded043ab/lifecycle.ipynb]
[matplotlib.org/stable/_downloads/e60e5e546a1c3950925a111a58079660/lifecycle.py]
[matplotlib.org/stable/_downloads/0939e56d5bab3e8cca2af154196d3e36/lifecycle.zip]
[matplotlib.org/stable/tutorials/lifecycle.html]
[matplotlib.org/stable/gallery/lines_bars_and_markers/index.html]
[matplotlib.org/stable/_images/sphx_glr_axline_001.png]
[matplotlib.org/stable/_images/sphx_glr_axline_002.png]
[matplotlib.org/stable/_tags/component-annotation.html]
[matplotlib.org/stable/_downloads/f700b387a8684fd14502646d3cac0fae/axline.ipynb]
[matplotlib.org/stable/_downloads/1dacc0af8687a303f762959dc90a3690/axline.py]
[matplotlib.org/stable/_downloads/c305e7d5c7f14fda09129bf8bf7ccdb9/axline.zip]
[matplotlib.org/stable/gallery/lines_bars_and_markers/axline.html]
[matplotlib.org/stable/_images/sphx_glr_bar_colors_001.png]
[matplotlib.org/stable/_tags/styling-color.html]
[matplotlib.org/stable/_tags/plot-style-bar.html]
[matplotlib.org/stable/_tags/level-beginner.html]
[matplotlib.org/stable/_downloads/58c4f756f2acaf138a1ebda5944e1371/bar_colors.ipynb]
[matplotlib.org/stable/_downloads/1a19c468ce7a45f5806f970dd857af7b/bar_colors.py]
[matplotlib.org/stable/_downloads/39f225fc7e99e6b0f6edd250b8302749/bar_colors.zip]
[matplotlib.org/stable/gallery/lines_bars_and_markers/bar_colors.html]
[matplotlib.org/stable/_images/sphx_glr_bar_label_demo_001.png]
[matplotlib.org/stable/_images/sphx_glr_bar_label_demo_002.png]
[matplotlib.org/stable/_images/sphx_glr_bar_label_demo_003.png]
[matplotlib.org/stable/_images/sphx_glr_bar_label_demo_004.png]
[matplotlib.org/stable/_images/sphx_glr_bar_label_demo_005.png]
[matplotlib.org/stable/_tags/component-label.html]
[matplotlib.org/stable/_tags/plot-type-bar.html]
[matplotlib.org/stable/_downloads/f6ca908ce9c71d1d0faf7d0b77281ce7/bar_label_demo.ipynb]
[matplotlib.org/stable/_downloads/a2b801f410afc3c47aa5b22d4e188707/bar_label_demo.py]
[matplotlib.org/stable/_downloads/25c7107ccfafa3fc9e0ef32cefe872bb/bar_label_demo.zip]
[matplotlib.org/stable/gallery/lines_bars_and_markers/bar_label_demo.html]
[matplotlib.org/stable/_images/sphx_glr_bar_stacked_001.png]
[matplotlib.org/stable/_downloads/1bc85d47f3eb5c94245f86588b29de05/bar_stacked.ipynb]
[matplotlib.org/stable/_downloads/2ac62a2edbb00a99e8a853b17387ef14/bar_stacked.py]
[matplotlib.org/stable/_downloads/8c5451baed7a91246da43e1aa7328c3e/bar_stacked.zip]
[matplotlib.org/stable/gallery/lines_bars_and_markers/bar_stacked.html]
[matplotlib.org/stable/_images/sphx_glr_barchart_001.png]
[matplotlib.org/stable/_downloads/84f8193e80e39b9696e1bb5bd6522192/barchart.ipynb]
[matplotlib.org/stable/_downloads/9079c7956239a0c7507bbae7d553ce77/barchart.py]
[matplotlib.org/stable/_downloads/47cf3594d65a6e855dec277235119005/barchart.zip]
[matplotlib.org/stable/gallery/lines_bars_and_markers/barchart.html]
[matplotlib.org/stable/_images/sphx_glr_barh_001.png]
[matplotlib.org/stable/_downloads/84f86ab6ebf7f8b42b665e169d19d4cc/barh.ipynb]
[matplotlib.org/stable/_downloads/08f572befa64d1bf3877e30ed4ff919b/barh.py]
[matplotlib.org/stable/_downloads/0bf644e339f3d56191aeaa89dd1290fc/barh.zip]
[matplotlib.org/stable/gallery/lines_bars_and_markers/barh.html]
[matplotlib.org/stable/_images/sphx_glr_broken_barh_001.png]
[matplotlib.org/stable/_downloads/78d8b84f45e360f3a04b9d33e9119ad8/broken_barh.ipynb]
[matplotlib.org/stable/_downloads/2f350cc3d27096728668e15f21c44289/broken_barh.py]
[matplotlib.org/stable/_downloads/0d1e1e97120a88a68986943eba454a94/broken_barh.zip]
[matplotlib.org/stable/gallery/lines_bars_and_markers/broken_barh.html]
[matplotlib.org/stable/_images/sphx_glr_capstyle_001.png]
[matplotlib.org/stable/_tags/purpose-reference.html]
[matplotlib.org/stable/_downloads/e425e5bbb7c0e8ac60f3e6ddea5d4e59/capstyle.ipynb]
[matplotlib.org/stable/_downloads/ed352c10634e2cd8a7c1153d7d1d90dc/capstyle.py]
[matplotlib.org/stable/_downloads/736686fc11e33a71fa5a0430a1f5f7f8/capstyle.zip]
[matplotlib.org/stable/gallery/lines_bars_and_markers/capstyle.html]
[matplotlib.org/stable/_images/sphx_glr_categorical_variables_001.png]
[matplotlib.org/stable/_images/sphx_glr_categorical_variables_002.png]
[matplotlib.org/stable/_tags/plot-type-specialty.html]
[matplotlib.org/stable/_downloads/d1c8c37ff80ab9e3bf629e2b952c89a1/categorical_variables.ipynb]
[matplotlib.org/stable/_downloads/1cca3eedfb7940413267d0c7ae15d169/categorical_variables.py]
[matplotlib.org/stable/_downloads/d1680faf43cc055f3db7bf337ffac326/categorical_variables.zip]
[matplotlib.org/stable/gallery/lines_bars_and_markers/categorical_variables.html]
[matplotlib.org/stable/_images/sphx_glr_cohere_001.png]
[matplotlib.org/stable/_tags/domain-signal-processing.html]
[matplotlib.org/stable/_tags/plot-type-line.html]
[matplotlib.org/stable/_downloads/93b34e52ed47576dcc8ea60110b1e60c/cohere.ipynb]
[matplotlib.org/stable/_downloads/d9a49a8d4c331ce1df9ea376ce24554a/cohere.py]
[matplotlib.org/stable/_downloads/6914a3f30705687f2557e3c770299388/cohere.zip]
[matplotlib.org/stable/gallery/lines_bars_and_markers/cohere.html]
[matplotlib.org/stable/_images/sphx_glr_csd_demo_001.png]
[matplotlib.org/stable/_downloads/3d0316ef2496185a1998e3412329ebed/csd_demo.ipynb]
[matplotlib.org/stable/_downloads/84f6fe1dbfd66ce3495ed3a25b245d12/csd_demo.py]
[matplotlib.org/stable/_downloads/3755766f10e20dc46eba817afb2371e7/csd_demo.zip]
[matplotlib.org/stable/gallery/lines_bars_and_markers/csd_demo.html]
[matplotlib.org/stable/_images/sphx_glr_curve_error_band_001.png]
[matplotlib.org/stable/_images/sphx_glr_curve_error_band_002.png]
[matplotlib.org/stable/_tags/component-error.html]
[matplotlib.org/stable/_tags/level-intermediate.html]
[matplotlib.org/stable/_downloads/50d55c946f93967d16ede6f6770d681c/curve_error_band.ipynb]
[matplotlib.org/stable/_downloads/8f72383ba26aaafc43e68b69bdd4fffc/curve_error_band.py]
[matplotlib.org/stable/_downloads/82139790e0729e237a2db0f4cbfa23f0/curve_error_band.zip]
[matplotlib.org/stable/gallery/lines_bars_and_markers/curve_error_band.html]
[matplotlib.org/stable/_images/sphx_glr_errorbar_limits_simple_001.png]
[matplotlib.org/stable/_images/sphx_glr_errorbar_limits_simple_002.png]
[matplotlib.org/stable/_tags/plot-type-errorbar.html]
[matplotlib.org/stable/_downloads/8124d84a1d88b2c0f01755b8fc2e82e1/errorbar_limits_simple.ipynb]
[matplotlib.org/stable/_downloads/abacb9c9e7bf9a53e260eda5861b5829/errorbar_limits_simple.py]
[matplotlib.org/stable/_downloads/665ad486b43526e3333c1342c594590d/errorbar_limits_simple.zip]
[matplotlib.org/stable/gallery/lines_bars_and_markers/errorbar_limits_simple.html]
[matplotlib.org/stable/_images/sphx_glr_errorbar_subsample_001.png]
[matplotlib.org/stable/_downloads/84d7120eade96f855218bce179274445/errorbar_subsample.ipynb]
[matplotlib.org/stable/_downloads/d9092da607320ca28dcf66bcc9201b10/errorbar_subsample.py]
[matplotlib.org/stable/_downloads/7555c8bd6320f772c27fb677473e5b1c/errorbar_subsample.zip]
[matplotlib.org/stable/gallery/lines_bars_and_markers/errorbar_subsample.html]
[matplotlib.org/stable/_images/sphx_glr_eventcollection_demo_001.png]
[matplotlib.org/stable/_tags/plot-type-eventplot.html]
[matplotlib.org/stable/_downloads/150e433ef8e8b66582a04e38bc02c49c/eventcollection_demo.ipynb]
[matplotlib.org/stable/_downloads/3dc88c562de73f85d87e1851e2afa1db/eventcollection_demo.py]
[matplotlib.org/stable/_downloads/2810b27b5cbdc04428e9e1999e527212/eventcollection_demo.zip]
[matplotlib.org/stable/gallery/lines_bars_and_markers/eventcollection_demo.html]
[matplotlib.org/stable/_images/sphx_glr_eventplot_demo_001.png]
[matplotlib.org/stable/_tags/purpose-showcase.html]
[matplotlib.org/stable/_downloads/5a259b2bb38e7c783fd49340a7dc686a/eventplot_demo.ipynb]
[matplotlib.org/stable/_downloads/491e132174cc69dba0441dfe1697725d/eventplot_demo.py]
[matplotlib.org/stable/_downloads/1a4328446a0b3445f382cefe46c49129/eventplot_demo.zip]
[matplotlib.org/stable/gallery/lines_bars_and_markers/eventplot_demo.html]
[matplotlib.org/stable/_images/sphx_glr_fill_001.png]
[matplotlib.org/stable/_images/sphx_glr_fill_002.png]
[matplotlib.org/stable/_tags/styling-shape.html]
[matplotlib.org/stable/_downloads/a34c1373ea0f53cfa10f0f00cf9be233/fill.ipynb]
[matplotlib.org/stable/_downloads/7c4bf2de06c94e0c6ae8aaa88b90ef22/fill.py]
[matplotlib.org/stable/_downloads/45cd15978e001839386bcc24bcf1fc96/fill.zip]
[matplotlib.org/stable/gallery/lines_bars_and_markers/fill.html]
[matplotlib.org/stable/_images/sphx_glr_fill_between_alpha_001.png]
[matplotlib.org/stable/_images/sphx_glr_fill_between_alpha_002.png]
[matplotlib.org/stable/_images/sphx_glr_fill_between_alpha_003.png]
[matplotlib.org/stable/_tags/styling-alpha.html]
[matplotlib.org/stable/_tags/plot-type-fill_between.html]
[matplotlib.org/stable/_downloads/0a72db34a04fa8aa4cf4153afe882a6a/fill_between_alpha.ipynb]
[matplotlib.org/stable/_downloads/2a8eb74e039ed7cd390fd2e4ddd28e26/fill_between_alpha.py]
[matplotlib.org/stable/_downloads/771f5ed580441418d03d0448e1db8546/fill_between_alpha.zip]
[matplotlib.org/stable/gallery/lines_bars_and_markers/fill_between_alpha.html]
[matplotlib.org/stable/_images/sphx_glr_fill_between_demo_001.png]
[matplotlib.org/stable/_images/sphx_glr_fill_between_demo_002.png]
[matplotlib.org/stable/_images/sphx_glr_fill_between_demo_003.png]
[matplotlib.org/stable/_images/sphx_glr_fill_between_demo_004.png]
[matplotlib.org/stable/_tags/styling-conditional.html]
[matplotlib.org/stable/_downloads/d7016fb08fd2874af98ebb6a3172183c/fill_between_demo.ipynb]
[matplotlib.org/stable/_downloads/264a8be4de96930763e780682bdaba2d/fill_between_demo.py]
[matplotlib.org/stable/_downloads/b84441c6273b387e678f35733acc713e/fill_between_demo.zip]
[matplotlib.org/stable/gallery/lines_bars_and_markers/fill_between_demo.html]
[matplotlib.org/stable/_images/sphx_glr_fill_betweenx_demo_001.png]
[matplotlib.org/stable/_images/sphx_glr_fill_betweenx_demo_002.png]
[matplotlib.org/stable/_downloads/7e406faa61604cc10c30a781440a6802/fill_betweenx_demo.ipynb]
[matplotlib.org/stable/_downloads/25520da3172b0ab1766f2f0bd31a49f6/fill_betweenx_demo.py]
[matplotlib.org/stable/_downloads/db6965a28e99aee03ea9631bca850d9e/fill_betweenx_demo.zip]
[matplotlib.org/stable/gallery/lines_bars_and_markers/fill_betweenx_demo.html]
[matplotlib.org/stable/_images/sphx_glr_gradient_bar_001.png]
[matplotlib.org/stable/_tags/plot-type-imshow.html]
[matplotlib.org/stable/_downloads/87449719f97c0e3326a57c1a90dc3325/gradient_bar.ipynb]
[matplotlib.org/stable/_downloads/e83fa918d4012d4ca7e2bd48e7ab0935/gradient_bar.py]
[matplotlib.org/stable/_downloads/241001f1b7bbf3d091c50a4701ffc1f5/gradient_bar.zip]
[matplotlib.org/stable/gallery/lines_bars_and_markers/gradient_bar.html]
[matplotlib.org/stable/_images/sphx_glr_hat_graph_001.png]
[matplotlib.org/stable/_tags/component-annotate.html]
[matplotlib.org/stable/_downloads/ccd61beeedafcda3efc12672963d956e/hat_graph.ipynb]
[matplotlib.org/stable/_downloads/ff9b887ec7665e75d3992d3af408be52/hat_graph.py]
[matplotlib.org/stable/_downloads/5709e6945b593be88bf9ea614f7b06f7/hat_graph.zip]
[matplotlib.org/stable/gallery/lines_bars_and_markers/hat_graph.html]
[matplotlib.org/stable/_images/sphx_glr_horizontal_barchart_distribution_001.png]
[matplotlib.org/stable/_tags/domain-statistics.html]
[matplotlib.org/stable/_downloads/157bf147fc929e11134758e75c6f6110/horizontal_barchart_distribution.ipynb]
[matplotlib.org/stable/_downloads/77d0d6c2d02582d80df43b9b9e78610c/horizontal_barchart_distribution.py]
[matplotlib.org/stable/_downloads/32189259497007d39a62c3495172650b/horizontal_barchart_distribution.zip]
[matplotlib.org/stable/gallery/lines_bars_and_markers/horizontal_barchart_distribution.html]
[matplotlib.org/stable/_images/sphx_glr_joinstyle_001.png]
[matplotlib.org/stable/_tags/styling-linestyle.html]
[matplotlib.org/stable/_downloads/0d80045996fadd11562ab57fc10d99a5/joinstyle.ipynb]
[matplotlib.org/stable/_downloads/6bb713e635f8898fbc28683331020d84/joinstyle.py]
[matplotlib.org/stable/_downloads/5e83dfbdc7c09f41053ec48f3a2ec065/joinstyle.zip]
[matplotlib.org/stable/gallery/lines_bars_and_markers/joinstyle.html]
[matplotlib.org/stable/_images/sphx_glr_line_demo_dash_control_001.png]
[matplotlib.org/stable/_tags/plot-style-line.html]
[matplotlib.org/stable/_downloads/4f32bf39e78d4b54b802e1d726030b42/line_demo_dash_control.ipynb]
[matplotlib.org/stable/_downloads/1c02700bb13e6571e774c10ba73db267/line_demo_dash_control.py]
[matplotlib.org/stable/_downloads/3a1a41f50ed83a37c8bac35c4f86a00c/line_demo_dash_control.zip]
[matplotlib.org/stable/gallery/lines_bars_and_markers/line_demo_dash_control.html]
[matplotlib.org/stable/_images/sphx_glr_lines_with_ticks_demo_001.png]
[matplotlib.org/stable/_downloads/0234b09e9a73d4ee840adeb2955c67c3/lines_with_ticks_demo.ipynb]
[matplotlib.org/stable/_downloads/3269caad4b186ff2ba73f725b2cb5a12/lines_with_ticks_demo.py]
[matplotlib.org/stable/_downloads/a57a2948749125bcde398081b67f0be1/lines_with_ticks_demo.zip]
[matplotlib.org/stable/gallery/lines_bars_and_markers/lines_with_ticks_demo.html]
[matplotlib.org/stable/users/explain/customizing0692.html]
[matplotlib.org/stable/users/explain/customizinge45c.html]
[matplotlib.org/stable/users/explain/customizing25fa.html]
[matplotlib.org/stable/_images/sphx_glr_linestyles_001.png]
[matplotlib.org/stable/_downloads/02d0c4a462fb00f782e5ac08185695e5/linestyles.ipynb]
[matplotlib.org/stable/_downloads/79cca01aa25ff65b23b051f7e4ca55f5/linestyles.py]
[matplotlib.org/stable/_downloads/0da42c93cf8dea70a69a957aaaec4f7e/linestyles.zip]
[matplotlib.org/stable/gallery/lines_bars_and_markers/linestyles.html]
[matplotlib.org/stable/_images/sphx_glr_marker_reference_001.png]
[matplotlib.org/stable/_images/sphx_glr_marker_reference_002.png]
[matplotlib.org/stable/_images/sphx_glr_marker_reference_003.png]
[matplotlib.org/stable/_images/sphx_glr_marker_reference_004.png]
[matplotlib.org/stable/_images/sphx_glr_marker_reference_005.png]
[matplotlib.org/stable/_images/sphx_glr_marker_reference_006.png]
[matplotlib.org/stable/_images/sphx_glr_marker_reference_007.png]
[matplotlib.org/stable/_images/sphx_glr_marker_reference_008.png]
[matplotlib.org/stable/_tags/component-marker.html]
[matplotlib.org/stable/_downloads/06e654e0fb4f1e562a0a57e38cbc660c/marker_reference.ipynb]
[matplotlib.org/stable/_downloads/af914017c64db37d6e814a5e9cdfb4a2/marker_reference.py]
[matplotlib.org/stable/_downloads/8d1051f3bef6613d8ac2f3ebce7b5314/marker_reference.zip]
[matplotlib.org/stable/gallery/lines_bars_and_markers/marker_reference.html]
[matplotlib.org/stable/_images/sphx_glr_markevery_demo_001.png]
[matplotlib.org/stable/_images/sphx_glr_markevery_demo_002.png]
[matplotlib.org/stable/_images/sphx_glr_markevery_demo_003.png]
[matplotlib.org/stable/_images/sphx_glr_markevery_demo_004.png]
[matplotlib.org/stable/_downloads/97d182004997b17b767f4c217261ded9/markevery_demo.ipynb]
[matplotlib.org/stable/_downloads/d4832f59edf5628fed3ec2eee2cecbf9/markevery_demo.py]
[matplotlib.org/stable/_downloads/b64b2ecc0930bd80fee0e5e32252bd60/markevery_demo.zip]
[matplotlib.org/stable/gallery/lines_bars_and_markers/markevery_demo.html]
[matplotlib.org/stable/_images/sphx_glr_masked_demo_001.png]
[matplotlib.org/stable/_downloads/6b214437e649f1dd320cbbb48e5290cc/masked_demo.ipynb]
[matplotlib.org/stable/_downloads/285cf9001b13973e75842eb0b810371f/masked_demo.py]
[matplotlib.org/stable/_downloads/b0892dd76f378357cfa9e4cc26d3e001/masked_demo.zip]
[matplotlib.org/stable/gallery/lines_bars_and_markers/masked_demo.html]
[matplotlib.org/stable/_images/sphx_glr_multicolored_line_001.png]
[matplotlib.org/stable/_images/sphx_glr_multicolored_line_002.png]
[matplotlib.org/stable/_images/sphx_glr_multicolored_line_003.png]
[matplotlib.org/stable/_downloads/45d5685f3e8405991417776a213850fc/multicolored_line.ipynb]
[matplotlib.org/stable/_downloads/dde8bce4a3266a4b3702098ddc49f236/multicolored_line.py]
[matplotlib.org/stable/_downloads/a6d1c231fbd6dd5192b9066570caf3b2/multicolored_line.zip]
[matplotlib.org/stable/gallery/lines_bars_and_markers/multicolored_line.html]
[matplotlib.org/stable/_images/sphx_glr_multivariate_marker_plot_001.png]
[matplotlib.org/stable/_tags/purpose-fun.html]
[matplotlib.org/stable/_downloads/9f1f6b65b7e6be19a8d13e1b628d7044/multivariate_marker_plot.ipynb]
[matplotlib.org/stable/_downloads/0c9f82be1ea4cded0763a4430f4a0e83/multivariate_marker_plot.py]
[matplotlib.org/stable/_downloads/7f20d86781b3c2cd5011a465bf7ad97b/multivariate_marker_plot.zip]
[matplotlib.org/stable/gallery/lines_bars_and_markers/multivariate_marker_plot.html]
[matplotlib.org/stable/_images/sphx_glr_psd_demo_001.png]
[matplotlib.org/stable/_images/sphx_glr_psd_demo_002.png]
[matplotlib.org/stable/_images/sphx_glr_psd_demo_003.png]
[matplotlib.org/stable/_images/sphx_glr_psd_demo_004.png]
[matplotlib.org/stable/_downloads/7987133f2362c997aa79d4ff70891fed/psd_demo.ipynb]
[matplotlib.org/stable/_downloads/5297dff52c244336df5a0ee552a4abbf/psd_demo.py]
[matplotlib.org/stable/_downloads/fa6c00a42dca14cfff45b539e27ba15f/psd_demo.zip]
[matplotlib.org/stable/gallery/lines_bars_and_markers/psd_demo.html]
[matplotlib.org/stable/_images/sphx_glr_scatter_demo2_001.png]
[matplotlib.org/stable/_tags/component-color.html]
[matplotlib.org/stable/_tags/plot-style-scatter.html]
[matplotlib.org/stable/_downloads/e907154b844b545d5d44de7aab05fea3/scatter_demo2.ipynb]
[matplotlib.org/stable/_downloads/5b9eb7dec3f843b16e67ad82e4647a08/scatter_demo2.py]
[matplotlib.org/stable/_downloads/d39f5b330ed73751c0d61a7a20d032be/scatter_demo2.zip]
[matplotlib.org/stable/gallery/lines_bars_and_markers/scatter_demo2.html]
[matplotlib.org/stable/_images/sphx_glr_scatter_hist_001.png]
[matplotlib.org/stable/_images/sphx_glr_scatter_hist_002.png]
[matplotlib.org/stable/_tags/component-axes.html]
[matplotlib.org/stable/_tags/plot-type-scatter.html]
[matplotlib.org/stable/_tags/plot-type-histogram.html]
[matplotlib.org/stable/_downloads/0f50c93f4242dd7f7ed7a31b064465e6/scatter_hist.ipynb]
[matplotlib.org/stable/_downloads/3e1134ffd2662d0ad0c453c6dfb7882d/scatter_hist.py]
[matplotlib.org/stable/_downloads/c52b5e2b7018c74ee3bcfd193a535c6a/scatter_hist.zip]
[matplotlib.org/stable/gallery/lines_bars_and_markers/scatter_hist.html]
[matplotlib.org/stable/_images/sphx_glr_scatter_masked_001.png]
[matplotlib.org/stable/_downloads/a339d5376e5e5fd36fc33e5bfd4aab9d/scatter_masked.ipynb]
[matplotlib.org/stable/_downloads/68d80e3d1e3f3561a71b3e5c8efae907/scatter_masked.py]
[matplotlib.org/stable/_downloads/f5c7e2f4609acaad17a58a2ba7b9bf38/scatter_masked.zip]
[matplotlib.org/stable/gallery/lines_bars_and_markers/scatter_masked.html]
[matplotlib.org/stable/_images/sphx_glr_scatter_star_poly_001.png]
[matplotlib.org/stable/_downloads/504fdb7ac271d99d328d1d1d75d77e78/scatter_star_poly.ipynb]
[matplotlib.org/stable/_downloads/bec52923c4e8bde35b6455fdff6def07/scatter_star_poly.py]
[matplotlib.org/stable/_downloads/49db9d1769c7dcdae7bf39fa8cf1cefe/scatter_star_poly.zip]
[matplotlib.org/stable/gallery/lines_bars_and_markers/scatter_star_poly.html]
[matplotlib.org/stable/_images/sphx_glr_scatter_with_legend_001.png]
[matplotlib.org/stable/_images/sphx_glr_scatter_with_legend_002.png]
[matplotlib.org/stable/_images/sphx_glr_scatter_with_legend_003.png]
[matplotlib.org/stable/_tags/component-legend.html]
[matplotlib.org/stable/_downloads/0683d72347b9f107ec3f791a9f28a1d9/scatter_with_legend.ipynb]
[matplotlib.org/stable/_downloads/e296fc40ba715311fdebebae0ecf1c71/scatter_with_legend.py]
[matplotlib.org/stable/_downloads/bbc094b2d06a9747b59fe4939e300463/scatter_with_legend.zip]
[matplotlib.org/stable/gallery/lines_bars_and_markers/scatter_with_legend.html]
[matplotlib.org/stable/_images/sphx_glr_simple_plot_001.png]
[matplotlib.org/stable/_downloads/34cb8a042b06742f29a5327afd71fffc/simple_plot.ipynb]
[matplotlib.org/stable/_downloads/841352d8ea6065fce570abdf6225ef02/simple_plot.py]
[matplotlib.org/stable/_downloads/ce9a80738bcfae0bcadfdb0c145d431c/simple_plot.zip]
[matplotlib.org/stable/gallery/lines_bars_and_markers/simple_plot.html]
[matplotlib.org/stable/_images/sphx_glr_span_regions_001.png]
[matplotlib.org/stable/_tags/plot-style-fill_between.html]
[matplotlib.org/stable/_downloads/447be9b773d0981a80bf5fefa8f7f90d/span_regions.ipynb]
[matplotlib.org/stable/_downloads/ae69400014c751155c2d298248eb41e6/span_regions.py]
[matplotlib.org/stable/_downloads/c23fe095d5a87062d4d70760148d9485/span_regions.zip]
[matplotlib.org/stable/gallery/lines_bars_and_markers/span_regions.html]
[matplotlib.org/stable/_images/sphx_glr_spectrum_demo_001.png]
[matplotlib.org/stable/_downloads/8326b90de4cd3b6b3b39684cb6d732f0/spectrum_demo.ipynb]
[matplotlib.org/stable/_downloads/b8c57e62999229824f455e779d286772/spectrum_demo.py]
[matplotlib.org/stable/_downloads/4d88498c7238b049792e0fda03c9a1e2/spectrum_demo.zip]
[matplotlib.org/stable/gallery/lines_bars_and_markers/spectrum_demo.html]
[matplotlib.org/stable/_images/sphx_glr_stackplot_demo_001.png]
[matplotlib.org/stable/_images/sphx_glr_stackplot_demo_002.png]
[matplotlib.org/stable/_tags/plot-type-stackplot.html]
[matplotlib.org/stable/_downloads/7afd487d29d3e4007341ca5784ceb850/stackplot_demo.ipynb]
[matplotlib.org/stable/_downloads/a4ca2d398a778f09d428679d85cdef43/stackplot_demo.py]
[matplotlib.org/stable/_downloads/6301f743b360194a40d4921074be4bdd/stackplot_demo.zip]
[matplotlib.org/stable/gallery/lines_bars_and_markers/stackplot_demo.html]
[matplotlib.org/stable/_images/sphx_glr_stairs_demo_001.png]
[matplotlib.org/stable/_images/sphx_glr_stairs_demo_002.png]
[matplotlib.org/stable/_images/sphx_glr_stairs_demo_003.png]
[matplotlib.org/stable/_tags/plot-type-stairs.html]
[matplotlib.org/stable/_downloads/c451a463d09263d1eb52792106c96266/stairs_demo.ipynb]
[matplotlib.org/stable/_downloads/99b2228ef8ead5b15771558e042ee4f3/stairs_demo.py]
[matplotlib.org/stable/_downloads/6c9ac4dc8e6375af8789e1fe62b3f6e7/stairs_demo.zip]
[matplotlib.org/stable/gallery/lines_bars_and_markers/stairs_demo.html]
[matplotlib.org/stable/_images/sphx_glr_stem_plot_001.png]
[matplotlib.org/stable/_images/sphx_glr_stem_plot_002.png]
[matplotlib.org/stable/_tags/plot-type-stem.html]
[matplotlib.org/stable/_downloads/a9d7666ecc546aca5a09ec9b65cbb407/stem_plot.ipynb]
[matplotlib.org/stable/_downloads/605cad767f8ac8bf813bcd4941015322/stem_plot.py]
[matplotlib.org/stable/_downloads/a13d778c0ea3ee96846869b663ec941a/stem_plot.zip]
[matplotlib.org/stable/gallery/lines_bars_and_markers/stem_plot.html]
[matplotlib.org/stable/_images/sphx_glr_step_demo_001.png]
[matplotlib.org/stable/_images/sphx_glr_step_demo_002.png]
[matplotlib.org/stable/_tags/plot-type-step.html]
[matplotlib.org/stable/_downloads/91807ca683a623e8daa1476c6f5d0302/step_demo.ipynb]
[matplotlib.org/stable/_downloads/f8a42a328abce5e8455725246cb68710/step_demo.py]
[matplotlib.org/stable/_downloads/f21385f0e342b77be857a1b375189ae1/step_demo.zip]
[matplotlib.org/stable/gallery/lines_bars_and_markers/step_demo.html]
[matplotlib.org/stable/_images/sphx_glr_timeline_001.png]
[matplotlib.org/stable/_downloads/8323aa2f43944c2eb345c63483dc9f7f/timeline.ipynb]
[matplotlib.org/stable/_downloads/e4e3bbd0b1c82e93b916e64bd632f7a9/timeline.py]
[matplotlib.org/stable/_downloads/8f65f61e1ebd23065e631d34762f8fb2/timeline.zip]
[matplotlib.org/stable/gallery/lines_bars_and_markers/timeline.html]
[matplotlib.org/stable/_images/sphx_glr_vline_hline_demo_001.png]
[matplotlib.org/stable/_downloads/1fad0163989a71e30dc20878bbf11d2d/vline_hline_demo.ipynb]
[matplotlib.org/stable/_downloads/fcbc14b23962009bcf6e5a7d52e939c8/vline_hline_demo.py]
[matplotlib.org/stable/_downloads/524ca4d747245a364d542b6e641cf9cc/vline_hline_demo.zip]
[matplotlib.org/stable/gallery/lines_bars_and_markers/vline_hline_demo.html]
[matplotlib.org/stable/_images/sphx_glr_xcorr_acorr_demo_001.png]
[matplotlib.org/stable/_downloads/a101c88976d472bedd54c05a090c2e1e/xcorr_acorr_demo.ipynb]
[matplotlib.org/stable/_downloads/fad6b154bf9cffbaaac152da639e6889/xcorr_acorr_demo.py]
[matplotlib.org/stable/_downloads/03cf5effc6bd228332e85b2c44e7c3f2/xcorr_acorr_demo.zip]
[matplotlib.org/stable/gallery/lines_bars_and_markers/xcorr_acorr_demo.html]
[matplotlib.org/stable/gallery/images_contours_and_fields/index.html]
[matplotlib.org/stable/_images/sphx_glr_affine_image_001.png]
[matplotlib.org/stable/_downloads/cf1efe942fecc62438dcd76a6bfdb169/affine_image.ipynb]
[matplotlib.org/stable/_downloads/a0ba87a82fe3b31fd9b06f25a2c11522/affine_image.py]
[matplotlib.org/stable/_downloads/fddac3f367a343b601b586a982fe4a9b/affine_image.zip]
[matplotlib.org/stable/gallery/images_contours_and_fields/affine_image.html]
[matplotlib.org/stable/_images/sphx_glr_barb_demo_001.png]
[matplotlib.org/stable/_images/sphx_glr_barb_demo_002.png]
[matplotlib.org/stable/_downloads/bab4843756699babb62930efa5ac44d0/barb_demo.ipynb]
[matplotlib.org/stable/_downloads/bd67ba4ff04d8ab5785fdcdf1d0f2c9c/barb_demo.py]
[matplotlib.org/stable/_downloads/20a326842422149af9d41e78579e80a8/barb_demo.zip]
[matplotlib.org/stable/gallery/images_contours_and_fields/barb_demo.html]
[matplotlib.org/stable/_images/sphx_glr_barcode_demo_001.png]
[matplotlib.org/stable/_downloads/629441a6e97357694a3ec20ea8a6711f/barcode_demo.ipynb]
[matplotlib.org/stable/_downloads/7773e82aca62130e700b147505be37d4/barcode_demo.py]
[matplotlib.org/stable/_downloads/40935b0d9445938592149d16a81c21d5/barcode_demo.zip]
[matplotlib.org/stable/gallery/images_contours_and_fields/barcode_demo.html]
[matplotlib.org/stable/_images/sphx_glr_colormap_interactive_adjustment_001.png]
[matplotlib.org/stable/_downloads/a4d77c3bfad6be9fceab4325a6f46866/colormap_interactive_adjustment.ipynb]
[matplotlib.org/stable/_downloads/514daa758297484d0d616371a934225a/colormap_interactive_adjustment.py]
[matplotlib.org/stable/_downloads/b5f07082d1411be5efbfe5f37706ca6c/colormap_interactive_adjustment.zip]
[matplotlib.org/stable/gallery/images_contours_and_fields/colormap_interactive_adjustment.html]
[matplotlib.org/stable/_images/sphx_glr_colormap_normalizations_001.png]
[matplotlib.org/stable/_images/sphx_glr_colormap_normalizations_002.png]
[matplotlib.org/stable/_images/sphx_glr_colormap_normalizations_003.png]
[matplotlib.org/stable/_images/sphx_glr_colormap_normalizations_004.png]
[matplotlib.org/stable/_images/sphx_glr_colormap_normalizations_005.png]
[matplotlib.org/stable/_downloads/869e3c65dc7474626743d2b417cf1742/colormap_normalizations.ipynb]
[matplotlib.org/stable/_downloads/7246e4cd4f0a538ca175e2afddd49c5e/colormap_normalizations.py]
[matplotlib.org/stable/_downloads/a8f556a135e4d7a87218600d1e751d84/colormap_normalizations.zip]
[matplotlib.org/stable/gallery/images_contours_and_fields/colormap_normalizations.html]
[matplotlib.org/stable/_images/sphx_glr_colormap_normalizations_symlognorm_001.png]
[matplotlib.org/stable/_images/sphx_glr_colormap_normalizations_symlognorm_002.png]
[matplotlib.org/stable/_downloads/6a3af30cb526b0f1e2e1af8980d24001/colormap_normalizations_symlognorm.ipynb]
[matplotlib.org/stable/_downloads/add263170379d71b432151cf853a3c0d/colormap_normalizations_symlognorm.py]
[matplotlib.org/stable/_downloads/582fd6a005d74740345e497249240d9a/colormap_normalizations_symlognorm.zip]
[matplotlib.org/stable/gallery/images_contours_and_fields/colormap_normalizations_symlognorm.html]
[matplotlib.org/stable/users/explain/customizing13bd.html]
[matplotlib.org/stable/_images/sphx_glr_contour_corner_mask_001.png]
[matplotlib.org/stable/_downloads/969cb0e1dc19d33a607ccbe4cc663ecc/contour_corner_mask.ipynb]
[matplotlib.org/stable/_downloads/fbb6e9cece4e0795d669b7ba3bbb3495/contour_corner_mask.py]
[matplotlib.org/stable/_downloads/b3c29efc743743bd1e338e39a40e6ac1/contour_corner_mask.zip]
[matplotlib.org/stable/gallery/images_contours_and_fields/contour_corner_mask.html]
[matplotlib.org/stable/_images/sphx_glr_contour_demo_001.png]
[matplotlib.org/stable/_images/sphx_glr_contour_demo_002.png]
[matplotlib.org/stable/_images/sphx_glr_contour_demo_003.png]
[matplotlib.org/stable/_images/sphx_glr_contour_demo_004.png]
[matplotlib.org/stable/_images/sphx_glr_contour_demo_005.png]
[matplotlib.org/stable/_images/sphx_glr_contour_demo_006.png]
[matplotlib.org/stable/_downloads/c7e10c41640ecb77082fd4b32cbbfb6a/contour_demo.ipynb]
[matplotlib.org/stable/_downloads/f1ae4d59ecd3898684380f6391e3c42c/contour_demo.py]
[matplotlib.org/stable/_downloads/55c4d18deeb19e6cb20ca9f42dc61d65/contour_demo.zip]
[matplotlib.org/stable/gallery/images_contours_and_fields/contour_demo.html]
[matplotlib.org/stable/_images/sphx_glr_contour_image_001.png]
[matplotlib.org/stable/_downloads/dbc30f6ec3387cee273cc3fb99774937/contour_image.ipynb]
[matplotlib.org/stable/_downloads/f1b1499ed8a765a5e00f7f294d269903/contour_image.py]
[matplotlib.org/stable/_downloads/a0b7c1f2030cfa6e9718cb95820bce72/contour_image.zip]
[matplotlib.org/stable/gallery/images_contours_and_fields/contour_image.html]
[matplotlib.org/stable/_images/sphx_glr_contour_label_demo_001.png]
[matplotlib.org/stable/_images/sphx_glr_contour_label_demo_002.png]
[matplotlib.org/stable/_images/sphx_glr_contour_label_demo_003.png]
[matplotlib.org/stable/_downloads/1ef3d8d533bb63a92ffa1e82e39d76c0/contour_label_demo.ipynb]
[matplotlib.org/stable/_downloads/aad94dfade69ead9a77cbfaa5cfddd61/contour_label_demo.py]
[matplotlib.org/stable/_downloads/cb7cd4d2cf80c6170ecf28308b37bc96/contour_label_demo.zip]
[matplotlib.org/stable/gallery/images_contours_and_fields/contour_label_demo.html]
[matplotlib.org/stable/_images/sphx_glr_contourf_demo_001.png]
[matplotlib.org/stable/_images/sphx_glr_contourf_demo_002.png]
[matplotlib.org/stable/_images/sphx_glr_contourf_demo_003.png]
[matplotlib.org/stable/_images/sphx_glr_contourf_demo_004.png]
[matplotlib.org/stable/_downloads/8740f540ba9848d9c5cd46e378d68e10/contourf_demo.ipynb]
[matplotlib.org/stable/_downloads/56e51f9906e5b6bcd0521284660f9a3d/contourf_demo.py]
[matplotlib.org/stable/_downloads/dc736dda3ed733ad2dc0b0203c792710/contourf_demo.zip]
[matplotlib.org/stable/gallery/images_contours_and_fields/contourf_demo.html]
[matplotlib.org/stable/_images/sphx_glr_contourf_hatching_001.png]
[matplotlib.org/stable/_images/sphx_glr_contourf_hatching_002.png]
[matplotlib.org/stable/_downloads/7643aa86fee2c48c0c52585feacd87c5/contourf_hatching.ipynb]
[matplotlib.org/stable/_downloads/7cce118215208459709254a02dc09d69/contourf_hatching.py]
[matplotlib.org/stable/_downloads/844028a882b16b3e4b1ca6f12415991e/contourf_hatching.zip]
[matplotlib.org/stable/gallery/images_contours_and_fields/contourf_hatching.html]
[matplotlib.org/stable/_images/sphx_glr_contourf_log_001.png]
[matplotlib.org/stable/_downloads/a18365d572242ad1c2a687108c0c710c/contourf_log.ipynb]
[matplotlib.org/stable/_downloads/bdf1327bcdd8760e8c91d7fc29b81b8e/contourf_log.py]
[matplotlib.org/stable/_downloads/7485caeb81d5ada89e051776c1eac0bf/contourf_log.zip]
[matplotlib.org/stable/gallery/images_contours_and_fields/contourf_log.html]
[matplotlib.org/stable/_images/sphx_glr_contours_in_optimization_demo_001.png]
[matplotlib.org/stable/_downloads/98351e64c40ec8099262729ba5f5ba0e/contours_in_optimization_demo.ipynb]
[matplotlib.org/stable/_downloads/1218cd5e94040ae915edce0c78b0043b/contours_in_optimization_demo.py]
[matplotlib.org/stable/_downloads/1df19f7028d6f96346d34d403d986a4c/contours_in_optimization_demo.zip]
[matplotlib.org/stable/gallery/images_contours_and_fields/contours_in_optimization_demo.html]
[matplotlib.org/stable/_images/sphx_glr_demo_bboximage_001.png]
[matplotlib.org/stable/_downloads/296762be8feb600deae3a83309b7ec7d/demo_bboximage.ipynb]
[matplotlib.org/stable/_downloads/ee266dc4f781adee6f25e7723fd7089c/demo_bboximage.py]
[matplotlib.org/stable/_downloads/7c44d600b5aa551e1b751900bedc8550/demo_bboximage.zip]
[matplotlib.org/stable/gallery/images_contours_and_fields/demo_bboximage.html]
[matplotlib.org/stable/_images/sphx_glr_figimage_demo_001.png]
[matplotlib.org/stable/_downloads/320c1bb7d3723325b89059c22de7fa7c/figimage_demo.ipynb]
[matplotlib.org/stable/_downloads/a9fbced66a5ecdb68b4c5d20b95845bf/figimage_demo.py]
[matplotlib.org/stable/_downloads/1c2043f860240ad9c71236657ce8a89e/figimage_demo.zip]
[matplotlib.org/stable/gallery/images_contours_and_fields/figimage_demo.html]
[matplotlib.org/stable/_images/sphx_glr_image_annotated_heatmap_001.png]
[matplotlib.org/stable/_images/sphx_glr_image_annotated_heatmap_002.png]
[matplotlib.org/stable/_images/sphx_glr_image_annotated_heatmap_003.png]
[matplotlib.org/stable/_downloads/e1a9efcd0a9e889499abacec5670fae2/image_annotated_heatmap.ipynb]
[matplotlib.org/stable/_downloads/9d9e065de89f1666f743d014a09fc0b4/image_annotated_heatmap.py]
[matplotlib.org/stable/_downloads/a55f12e7d94747eda261a6ed3e82b9b0/image_annotated_heatmap.zip]
[matplotlib.org/stable/gallery/images_contours_and_fields/image_annotated_heatmap.html]
[matplotlib.org/stable/_images/sphx_glr_image_antialiasing_001.png]
[matplotlib.org/stable/_images/sphx_glr_image_antialiasing_002.png]
[matplotlib.org/stable/_images/sphx_glr_image_antialiasing_003.png]
[matplotlib.org/stable/_images/sphx_glr_image_antialiasing_004.png]
[matplotlib.org/stable/_images/sphx_glr_image_antialiasing_005.png]
[matplotlib.org/stable/_images/sphx_glr_image_antialiasing_006.png]
[matplotlib.org/stable/_images/sphx_glr_image_antialiasing_007.png]
[matplotlib.org/stable/_images/sphx_glr_image_antialiasing_008.png]
[matplotlib.org/stable/_images/sphx_glr_image_antialiasing_009.png]
[matplotlib.org/stable/_images/sphx_glr_image_antialiasing_010.png]
[matplotlib.org/stable/_images/sphx_glr_image_antialiasing_011.png]
[matplotlib.org/stable/_downloads/2fbe4413b0e026535c43cbc125dcdd6c/image_antialiasing.ipynb]
[matplotlib.org/stable/_downloads/b6b8bdee6cb17ac313bed674ef0b372b/image_antialiasing.py]
[matplotlib.org/stable/_downloads/9df878d7230ef27700e412b745f96d30/image_antialiasing.zip]
[matplotlib.org/stable/gallery/images_contours_and_fields/image_antialiasing.html]
[matplotlib.org/stable/_images/sphx_glr_image_clip_path_001.png]
[matplotlib.org/stable/_downloads/051b3eaa40b0559c106645ff213ae918/image_clip_path.ipynb]
[matplotlib.org/stable/_downloads/ce934135c1eb77d0aa284a948f1a584e/image_clip_path.py]
[matplotlib.org/stable/_downloads/0eaf8cc7522980ed00d6ce8ece9ff741/image_clip_path.zip]
[matplotlib.org/stable/gallery/images_contours_and_fields/image_clip_path.html]
[matplotlib.org/stable/_images/sphx_glr_image_demo_001.png]
[matplotlib.org/stable/_images/sphx_glr_image_demo_002.png]
[matplotlib.org/stable/_images/sphx_glr_image_demo_003.png]
[matplotlib.org/stable/_images/sphx_glr_image_demo_004.png]
[matplotlib.org/stable/_images/sphx_glr_image_demo_005.png]
[matplotlib.org/stable/_downloads/25334b1324ebbea655e5cf16ac6dac95/image_demo.ipynb]
[matplotlib.org/stable/_downloads/b5a350ce8afb3588da1f78a11d15ad0d/image_demo.py]
[matplotlib.org/stable/_downloads/ea0bf22a8b0272f4058f2926ff2ef645/image_demo.zip]
[matplotlib.org/stable/gallery/images_contours_and_fields/image_demo.html]
[matplotlib.org/stable/_images/sphx_glr_image_masked_001.png]
[matplotlib.org/stable/_downloads/3c70239ca296fbd6f0e0258d94b81620/image_masked.ipynb]
[matplotlib.org/stable/_downloads/455c7369df685db431cee2fd16862fdd/image_masked.py]
[matplotlib.org/stable/_downloads/02364fe9e55f3dfcd38ea93f7be43beb/image_masked.zip]
[matplotlib.org/stable/gallery/images_contours_and_fields/image_masked.html]
[matplotlib.org/stable/_images/sphx_glr_image_nonuniform_001.png]
[matplotlib.org/stable/_downloads/c2aacf36b8871ca0f2235e2803662802/image_nonuniform.ipynb]
[matplotlib.org/stable/_downloads/cfc16c13f4a562ee23bf206246c5da51/image_nonuniform.py]
[matplotlib.org/stable/_downloads/9f19a96c5fe85f8e4d515bb3dd031b53/image_nonuniform.zip]
[matplotlib.org/stable/gallery/images_contours_and_fields/image_nonuniform.html]
[matplotlib.org/stable/_images/sphx_glr_image_transparency_blend_001.png]
[matplotlib.org/stable/_images/sphx_glr_image_transparency_blend_002.png]
[matplotlib.org/stable/_images/sphx_glr_image_transparency_blend_003.png]
[matplotlib.org/stable/_downloads/d79f0b2ef4fc0669703e8de6a3edc5b9/image_transparency_blend.ipynb]
[matplotlib.org/stable/_downloads/f916babc2a191fb56bf15aadecb3bae1/image_transparency_blend.py]
[matplotlib.org/stable/_downloads/14b7dee82206b088ff3767916333845d/image_transparency_blend.zip]
[matplotlib.org/stable/gallery/images_contours_and_fields/image_transparency_blend.html]
[matplotlib.org/stable/_images/sphx_glr_image_zcoord_001.png]
[matplotlib.org/stable/_downloads/92d1084c1a1529237127123b55900bdf/image_zcoord.ipynb]
[matplotlib.org/stable/_downloads/a3c1cad47bdc471a440b69e949e3af19/image_zcoord.py]
[matplotlib.org/stable/_downloads/90fe42b28ef43ff82f4c8fbf2a22546e/image_zcoord.zip]
[matplotlib.org/stable/gallery/images_contours_and_fields/image_zcoord.html]
[matplotlib.org/stable/users/explain/customizinga113.html]
[matplotlib.org/stable/_images/sphx_glr_interpolation_methods_001.png]
[matplotlib.org/stable/_downloads/0f724583c62896dfe11a7d36b7e64ea4/interpolation_methods.ipynb]
[matplotlib.org/stable/_downloads/1b7a83577fbe998fc2f1a84e50c81939/interpolation_methods.py]
[matplotlib.org/stable/_downloads/ba7783a302328a21e3c1e55123a8be61/interpolation_methods.zip]
[matplotlib.org/stable/gallery/images_contours_and_fields/interpolation_methods.html]
[matplotlib.org/stable/_images/sphx_glr_irregulardatagrid_001.png]
[matplotlib.org/stable/_downloads/dbebf5e34b56820f67ad4cfeeacefaa9/irregulardatagrid.ipynb]
[matplotlib.org/stable/_downloads/758c39512ff467ae08f5d49cccfb7f30/irregulardatagrid.py]
[matplotlib.org/stable/_downloads/96dd97c30ea1233604567352a6b8d90b/irregulardatagrid.zip]
[matplotlib.org/stable/gallery/images_contours_and_fields/irregulardatagrid.html]
[matplotlib.org/stable/_images/sphx_glr_layer_images_001.png]
[matplotlib.org/stable/_downloads/5b7da5d89a95404a194791fbd1c97d0d/layer_images.ipynb]
[matplotlib.org/stable/_downloads/36a5c3960fdb309b098795e7222235d5/layer_images.py]
[matplotlib.org/stable/_downloads/b42b0ae4400fbf527a4a818a48b16354/layer_images.zip]
[matplotlib.org/stable/gallery/images_contours_and_fields/layer_images.html]
[matplotlib.org/stable/_images/sphx_glr_matshow_001.png]
[matplotlib.org/stable/_downloads/f061868cbb12c910b927cae337afd628/matshow.ipynb]
[matplotlib.org/stable/_downloads/7769822d44c75e67a774a10e19660713/matshow.py]
[matplotlib.org/stable/_downloads/b3b664ad15de3f8f2bb1be3bc3372fd3/matshow.zip]
[matplotlib.org/stable/gallery/images_contours_and_fields/matshow.html]
[matplotlib.org/stable/_images/sphx_glr_multi_image_001.png]
[matplotlib.org/stable/_downloads/958ba75a83e53893ae8c26ee5d0ebeb2/multi_image.ipynb]
[matplotlib.org/stable/_downloads/3d9ed4bd74fec2fd15978e0cd1497919/multi_image.py]
[matplotlib.org/stable/_downloads/4d70005190751ba7774b6f67e1e5b335/multi_image.zip]
[matplotlib.org/stable/gallery/images_contours_and_fields/multi_image.html]
[matplotlib.org/stable/_images/sphx_glr_pcolor_demo_001.png]
[matplotlib.org/stable/_images/sphx_glr_pcolor_demo_002.png]
[matplotlib.org/stable/_images/sphx_glr_pcolor_demo_003.png]
[matplotlib.org/stable/_downloads/7de2c3d9e9d491c83c4f0d5c5dc6dfd4/pcolor_demo.ipynb]
[matplotlib.org/stable/_downloads/edc9e862d9e0d115b20877b32f705afc/pcolor_demo.py]
[matplotlib.org/stable/_downloads/61eea617217b2b053c3c85b0d5f2274c/pcolor_demo.zip]
[matplotlib.org/stable/gallery/images_contours_and_fields/pcolor_demo.html]
[matplotlib.org/stable/_images/sphx_glr_pcolormesh_grids_001.png]
[matplotlib.org/stable/_images/sphx_glr_pcolormesh_grids_002.png]
[matplotlib.org/stable/_images/sphx_glr_pcolormesh_grids_003.png]
[matplotlib.org/stable/_images/sphx_glr_pcolormesh_grids_004.png]
[matplotlib.org/stable/_images/sphx_glr_pcolormesh_grids_005.png]
[matplotlib.org/stable/_downloads/f7405321d08c06171756124b544410c0/pcolormesh_grids.ipynb]
[matplotlib.org/stable/_downloads/51ce5d45a9f81f08536085d417152499/pcolormesh_grids.py]
[matplotlib.org/stable/_downloads/e66646f8d72450a891179d587033de36/pcolormesh_grids.zip]
[matplotlib.org/stable/gallery/images_contours_and_fields/pcolormesh_grids.html]
[matplotlib.org/stable/_images/sphx_glr_pcolormesh_levels_001.png]
[matplotlib.org/stable/_images/sphx_glr_pcolormesh_levels_002.png]
[matplotlib.org/stable/users/explain/customizingfae3.html]
[matplotlib.org/stable/_images/sphx_glr_pcolormesh_levels_003.png]
[matplotlib.org/stable/_images/sphx_glr_pcolormesh_levels_004.png]
[matplotlib.org/stable/_downloads/8456a29d3b37c93723f100bce32eafa3/pcolormesh_levels.ipynb]
[matplotlib.org/stable/_downloads/03781bf1f3fd18cae78c6b58d0385d23/pcolormesh_levels.py]
[matplotlib.org/stable/_downloads/698e598be73cf25125242ba90869056c/pcolormesh_levels.zip]
[matplotlib.org/stable/gallery/images_contours_and_fields/pcolormesh_levels.html]
[matplotlib.org/stable/_images/sphx_glr_plot_streamplot_001.png]
[matplotlib.org/stable/_downloads/8248040a71d5b5cca0e679a4d40d62e0/plot_streamplot.ipynb]
[matplotlib.org/stable/_downloads/ccb41fb8b32e1fa15ca039a7877b3f49/plot_streamplot.py]
[matplotlib.org/stable/_downloads/4d5aa5b2cb7fda2c55e3d36abbab35d6/plot_streamplot.zip]
[matplotlib.org/stable/gallery/images_contours_and_fields/plot_streamplot.html]
[matplotlib.org/stable/_images/sphx_glr_quadmesh_demo_001.png]
[matplotlib.org/stable/_downloads/24166cc7a4ed9bb7c9dc61e08989f279/quadmesh_demo.ipynb]
[matplotlib.org/stable/_downloads/30e49bc716f8977e6fcbadd395b6240f/quadmesh_demo.py]
[matplotlib.org/stable/_downloads/9ba66894dfa0cd8ff98a0b1c41a81860/quadmesh_demo.zip]
[matplotlib.org/stable/gallery/images_contours_and_fields/quadmesh_demo.html]
[matplotlib.org/stable/_images/sphx_glr_quiver_demo_001.png]
[matplotlib.org/stable/_images/sphx_glr_quiver_demo_002.png]
[matplotlib.org/stable/_images/sphx_glr_quiver_demo_003.png]
[matplotlib.org/stable/_downloads/db9f9b74b3c17904326f73e9806fe317/quiver_demo.ipynb]
[matplotlib.org/stable/_downloads/f0464b60f3d0eca1718a7ab6747faa06/quiver_demo.py]
[matplotlib.org/stable/_downloads/83e30a5ec8cadec127aca1227aa53a85/quiver_demo.zip]
[matplotlib.org/stable/gallery/images_contours_and_fields/quiver_demo.html]
[matplotlib.org/stable/_images/sphx_glr_quiver_simple_demo_001.png]
[matplotlib.org/stable/_downloads/d0141c97ca8c36319384c707e7c5c3d7/quiver_simple_demo.ipynb]
[matplotlib.org/stable/_downloads/5a48ca1008ec889cb849275558b036a9/quiver_simple_demo.py]
[matplotlib.org/stable/_downloads/627f04740610855df8fa8e92e887cb1a/quiver_simple_demo.zip]
[matplotlib.org/stable/gallery/images_contours_and_fields/quiver_simple_demo.html]
[matplotlib.org/stable/_images/sphx_glr_shading_example_001.png]
[matplotlib.org/stable/_images/sphx_glr_shading_example_002.png]
[matplotlib.org/stable/_downloads/9a566359e1ce3cd72d2f794ca1ad785a/shading_example.ipynb]
[matplotlib.org/stable/_downloads/51f72ac52a09ab1afd7282dc56b96fb3/shading_example.py]
[matplotlib.org/stable/_downloads/5874da281e15ac8fd62c91dd22af6fa5/shading_example.zip]
[matplotlib.org/stable/gallery/images_contours_and_fields/shading_example.html]
[matplotlib.org/stable/_images/sphx_glr_specgram_demo_001.png]
[matplotlib.org/stable/_downloads/477677ca771a108eb0204c44fd33428d/specgram_demo.ipynb]
[matplotlib.org/stable/_downloads/e46a8d77906904db48e0e64959be9b24/specgram_demo.py]
[matplotlib.org/stable/_downloads/5a2fd9b9cc32f68cdef2c2f0ad2d503b/specgram_demo.zip]
[matplotlib.org/stable/gallery/images_contours_and_fields/specgram_demo.html]
[matplotlib.org/stable/_images/sphx_glr_spy_demos_001.png]
[matplotlib.org/stable/_downloads/a652071adf79bbd1de5a86eb1e3be78c/spy_demos.ipynb]
[matplotlib.org/stable/_downloads/4fe4be973e85752a53c9544548ec4f8b/spy_demos.py]
[matplotlib.org/stable/_downloads/158a640c997679687d07ee542e255065/spy_demos.zip]
[matplotlib.org/stable/gallery/images_contours_and_fields/spy_demos.html]
[matplotlib.org/stable/_images/sphx_glr_tricontour_demo_001.png]
[matplotlib.org/stable/_images/sphx_glr_tricontour_demo_002.png]
[matplotlib.org/stable/_images/sphx_glr_tricontour_demo_003.png]
[matplotlib.org/stable/_images/sphx_glr_tricontour_demo_004.png]
[matplotlib.org/stable/_downloads/e29586626ddd310a651e9d18a24b2803/tricontour_demo.ipynb]
[matplotlib.org/stable/_downloads/01526d1bc6f0260beff6382b79ae89ea/tricontour_demo.py]
[matplotlib.org/stable/_downloads/a77c0a643b012d2baa2c9f279d8209bf/tricontour_demo.zip]
[matplotlib.org/stable/gallery/images_contours_and_fields/tricontour_demo.html]
[matplotlib.org/stable/_images/sphx_glr_tricontour_smooth_delaunay_001.png]
[matplotlib.org/stable/_downloads/2b27807fd43d90bc64e88f8934069535/tricontour_smooth_delaunay.ipynb]
[matplotlib.org/stable/_downloads/0e6c09e389820026dfb75063860b5045/tricontour_smooth_delaunay.py]
[matplotlib.org/stable/_downloads/91cb7289cc0742a0402b62cfd80716f1/tricontour_smooth_delaunay.zip]
[matplotlib.org/stable/gallery/images_contours_and_fields/tricontour_smooth_delaunay.html]
[matplotlib.org/stable/_images/sphx_glr_tricontour_smooth_user_001.png]
[matplotlib.org/stable/_downloads/6397642d5090e7e146c4b51121da5ad6/tricontour_smooth_user.ipynb]
[matplotlib.org/stable/_downloads/de185df8069c302ac85adb149de3a67d/tricontour_smooth_user.py]
[matplotlib.org/stable/_downloads/788fd28c391bbd19317c631ee127ee37/tricontour_smooth_user.zip]
[matplotlib.org/stable/gallery/images_contours_and_fields/tricontour_smooth_user.html]
[matplotlib.org/stable/_images/sphx_glr_trigradient_demo_001.png]
[matplotlib.org/stable/_downloads/5d186c5dea4d6bb9a444c26795fd41db/trigradient_demo.ipynb]
[matplotlib.org/stable/_downloads/49c0b2ce987e181c996206b69c9ac9d9/trigradient_demo.py]
[matplotlib.org/stable/_downloads/e60065192448782704ea11997e8fbbee/trigradient_demo.zip]
[matplotlib.org/stable/gallery/images_contours_and_fields/trigradient_demo.html]
[matplotlib.org/stable/_images/sphx_glr_triinterp_demo_001.png]
[matplotlib.org/stable/_downloads/16cbf477a4e69133c3df55e50029793a/triinterp_demo.ipynb]
[matplotlib.org/stable/_downloads/361aba6dfcdc72919013a5c7520af2e2/triinterp_demo.py]
[matplotlib.org/stable/_downloads/c6ffa34d87ef33cbeb18250b23b0c66c/triinterp_demo.zip]
[matplotlib.org/stable/gallery/images_contours_and_fields/triinterp_demo.html]
[matplotlib.org/stable/_images/sphx_glr_tripcolor_demo_001.png]
[matplotlib.org/stable/_images/sphx_glr_tripcolor_demo_002.png]
[matplotlib.org/stable/_images/sphx_glr_tripcolor_demo_003.png]
[matplotlib.org/stable/_downloads/5dc06754547454fb041caaae7b07e9dd/tripcolor_demo.ipynb]
[matplotlib.org/stable/_downloads/46ef0c6a91a50cf87f407e9ba1c5d746/tripcolor_demo.py]
[matplotlib.org/stable/_downloads/fecca97056bbd5c44de411f0f565b688/tripcolor_demo.zip]
[matplotlib.org/stable/gallery/images_contours_and_fields/tripcolor_demo.html]
[matplotlib.org/stable/_images/sphx_glr_triplot_demo_001.png]
[matplotlib.org/stable/_images/sphx_glr_triplot_demo_002.png]
[matplotlib.org/stable/_downloads/0bd1a8e995583965bd9982eea897efc9/triplot_demo.ipynb]
[matplotlib.org/stable/_downloads/3df28a3c8ff5be58c4e114559ebb6ac7/triplot_demo.py]
[matplotlib.org/stable/_downloads/f19073a36975c98fd033e3e505ae8b89/triplot_demo.zip]
[matplotlib.org/stable/gallery/images_contours_and_fields/triplot_demo.html]
[matplotlib.org/stable/_images/sphx_glr_watermark_image_001.png]
[matplotlib.org/stable/_downloads/25e8a65dc5917bca00a73bcad495cd75/watermark_image.ipynb]
[matplotlib.org/stable/_downloads/5f96e9c3090dbe1028725071e100d1bc/watermark_image.py]
[matplotlib.org/stable/_downloads/3a5840160b4f09930bfdb739d30766be/watermark_image.zip]
[matplotlib.org/stable/gallery/images_contours_and_fields/watermark_image.html]
[matplotlib.org/stable/gallery/subplots_axes_and_figures/index.html]
[matplotlib.org/stable/_images/sphx_glr_align_labels_demo_001.png]
[matplotlib.org/stable/_tags/component-title.html]
[matplotlib.org/stable/_tags/styling-position.html]
[matplotlib.org/stable/_downloads/d47f0a12e13c29ce360f348eed4d373c/align_labels_demo.ipynb]
[matplotlib.org/stable/_downloads/05fd218296847a32c17ab9a2fea8bbd7/align_labels_demo.py]
[matplotlib.org/stable/_downloads/2a85db5795c032518d3f797a708cc610/align_labels_demo.zip]
[matplotlib.org/stable/gallery/subplots_axes_and_figures/align_labels_demo.html]
[matplotlib.org/stable/_images/sphx_glr_auto_subplots_adjust_001.png]
[matplotlib.org/stable/_tags/component-subplot.html]
[matplotlib.org/stable/_tags/level-advanced.html]
[matplotlib.org/stable/_downloads/66808b7e152335729a1eadf1d1ff336c/auto_subplots_adjust.ipynb]
[matplotlib.org/stable/_downloads/a54f19823bde998a456571636498aa98/auto_subplots_adjust.py]
[matplotlib.org/stable/_downloads/8dbb07953cd3c2fba9242bd168fc55d4/auto_subplots_adjust.zip]
[matplotlib.org/stable/gallery/subplots_axes_and_figures/auto_subplots_adjust.html]
[matplotlib.org/stable/_images/sphx_glr_axes_box_aspect_001.png]
[matplotlib.org/stable/_images/sphx_glr_axes_box_aspect_002.png]
[matplotlib.org/stable/_images/sphx_glr_axes_box_aspect_003.png]
[matplotlib.org/stable/_images/sphx_glr_axes_box_aspect_004.png]
[matplotlib.org/stable/_images/sphx_glr_axes_box_aspect_005.png]
[matplotlib.org/stable/_images/sphx_glr_axes_box_aspect_006.png]
[matplotlib.org/stable/_images/sphx_glr_axes_box_aspect_007.png]
[matplotlib.org/stable/_tags/styling-size.html]
[matplotlib.org/stable/_downloads/0f6515ec907616925c0b1cb0bd925d01/axes_box_aspect.ipynb]
[matplotlib.org/stable/_downloads/a0e86663d543ed61329cd06205bcdd62/axes_box_aspect.py]
[matplotlib.org/stable/_downloads/25199d689a9593cdf1af811ae2fd0420/axes_box_aspect.zip]
[matplotlib.org/stable/gallery/subplots_axes_and_figures/axes_box_aspect.html]
[matplotlib.org/stable/_images/sphx_glr_axes_demo_001.png]
[matplotlib.org/stable/_downloads/ebed78ea33c0a9f39a8e84b2003fb0bd/axes_demo.ipynb]
[matplotlib.org/stable/_downloads/fbec90da3a9f58258ab121e0d2037693/axes_demo.py]
[matplotlib.org/stable/_downloads/03126b3c404ca99908a0e628065bf83f/axes_demo.zip]
[matplotlib.org/stable/gallery/subplots_axes_and_figures/axes_demo.html]
[matplotlib.org/stable/_images/sphx_glr_axes_margins_001.png]
[matplotlib.org/stable/_images/sphx_glr_axes_margins_002.png]
[matplotlib.org/stable/_tags/plot-type-pcolor.html]
[matplotlib.org/stable/_downloads/07dc5a95fb1c93323a31a36b68196113/axes_margins.ipynb]
[matplotlib.org/stable/_downloads/4d3bc54481c3ff3a1ac6712bc2904875/axes_margins.py]
[matplotlib.org/stable/_downloads/1878933cf3a5d31df16d9473ab955ff1/axes_margins.zip]
[matplotlib.org/stable/gallery/subplots_axes_and_figures/axes_margins.html]
[matplotlib.org/stable/_images/sphx_glr_axes_props_001.png]
[matplotlib.org/stable/_tags/component-ticks.html]
[matplotlib.org/stable/_downloads/704533d3a6df6f9c002c7a98ee2db5b9/axes_props.ipynb]
[matplotlib.org/stable/_downloads/133d6b93e6be0d2a30bf6521b952cba8/axes_props.py]
[matplotlib.org/stable/_downloads/847db21ae60561ff95910125c9e985fa/axes_props.zip]
[matplotlib.org/stable/gallery/subplots_axes_and_figures/axes_props.html]
[matplotlib.org/stable/_tags/component-transform.html]
[matplotlib.org/stable/_downloads/54ca8f70991224d0d2325d48314a3ce5/axes_zoom_effect.ipynb]
[matplotlib.org/stable/_downloads/9d8894d6769fb413514179203a72d47d/axes_zoom_effect.py]
[matplotlib.org/stable/_downloads/08b42a743e5745300138fd7347d07d8b/axes_zoom_effect.zip]
[matplotlib.org/stable/gallery/subplots_axes_and_figures/axes_zoom_effect.html]
[matplotlib.org/stable/_images/sphx_glr_axhspan_demo_001.png]
[matplotlib.org/stable/_downloads/fb74c75146177c4b4ad37e0cee639902/axhspan_demo.ipynb]
[matplotlib.org/stable/_downloads/e24e3e0db408a967fe1592ecb628b5d1/axhspan_demo.py]
[matplotlib.org/stable/_downloads/9d6cfa03c318e16e30a4dc17f1017ee8/axhspan_demo.zip]
[matplotlib.org/stable/gallery/subplots_axes_and_figures/axhspan_demo.html]
[matplotlib.org/stable/_images/sphx_glr_axis_equal_demo_001.png]
[matplotlib.org/stable/_downloads/44eeab0ae80997a24100ab1af85c5ff9/axis_equal_demo.ipynb]
[matplotlib.org/stable/_downloads/a34ce712bfa4dbed78c5388cfff389d8/axis_equal_demo.py]
[matplotlib.org/stable/_downloads/1415c8099db21dc67397ced72715b106/axis_equal_demo.zip]
[matplotlib.org/stable/gallery/subplots_axes_and_figures/axis_equal_demo.html]
[matplotlib.org/stable/_images/sphx_glr_axis_labels_demo_001.png]
[matplotlib.org/stable/_tags/component-axis.html]
[matplotlib.org/stable/_downloads/150a7509e05299e8421bbd0bc16bc93e/axis_labels_demo.ipynb]
[matplotlib.org/stable/_downloads/ee4b8bb2eb0c45b0fa38b2fc13377a69/axis_labels_demo.py]
[matplotlib.org/stable/_downloads/4e4ca0292916ba3926e552aeb4197a44/axis_labels_demo.zip]
[matplotlib.org/stable/gallery/subplots_axes_and_figures/axis_labels_demo.html]
[matplotlib.org/stable/_images/sphx_glr_broken_axis_001.png]
[matplotlib.org/stable/_downloads/31d312b3fca8102ce334ea92d3b3c448/broken_axis.ipynb]
[matplotlib.org/stable/_downloads/5c94489dd50eebf5ed1e62b297d004ec/broken_axis.py]
[matplotlib.org/stable/_downloads/41fcc8a6024ff2bd451ee4b5c826d77c/broken_axis.zip]
[matplotlib.org/stable/gallery/subplots_axes_and_figures/broken_axis.html]
[matplotlib.org/stable/_images/sphx_glr_custom_figure_class_001.png]
[matplotlib.org/stable/_tags/component-figure.html]
[matplotlib.org/stable/_downloads/5ad4cd4affa59bdbc02196aedf4b9e4b/custom_figure_class.ipynb]
[matplotlib.org/stable/_downloads/c959932316ffd40d04ead8bdf210461d/custom_figure_class.py]
[matplotlib.org/stable/_downloads/17027d13900028cfd5995dd107ea0b2d/custom_figure_class.zip]
[matplotlib.org/stable/gallery/subplots_axes_and_figures/custom_figure_class.html]
[matplotlib.org/stable/_images/sphx_glr_demo_constrained_layout_001.png]
[matplotlib.org/stable/_images/sphx_glr_demo_constrained_layout_002.png]
[matplotlib.org/stable/_images/sphx_glr_demo_constrained_layout_003.png]
[matplotlib.org/stable/_downloads/fa98e802319e88ee825b6325b97f7f6c/demo_constrained_layout.ipynb]
[matplotlib.org/stable/_downloads/6df2e93b521f5d0c52fe05c45656be59/demo_constrained_layout.py]
[matplotlib.org/stable/_downloads/074aa9a907ede7d1275fcce78459d198/demo_constrained_layout.zip]
[matplotlib.org/stable/gallery/subplots_axes_and_figures/demo_constrained_layout.html]
[matplotlib.org/stable/_images/sphx_glr_demo_tight_layout_001.png]
[matplotlib.org/stable/_images/sphx_glr_demo_tight_layout_002.png]
[matplotlib.org/stable/_images/sphx_glr_demo_tight_layout_003.png]
[matplotlib.org/stable/_images/sphx_glr_demo_tight_layout_004.png]
[matplotlib.org/stable/_images/sphx_glr_demo_tight_layout_005.png]
[matplotlib.org/stable/_images/sphx_glr_demo_tight_layout_006.png]
[matplotlib.org/stable/_images/sphx_glr_demo_tight_layout_007.png]
[matplotlib.org/stable/_images/sphx_glr_demo_tight_layout_008.png]
[matplotlib.org/stable/_downloads/1a2e8c841bdf879e6ad0a1187c294c81/demo_tight_layout.ipynb]
[matplotlib.org/stable/_downloads/2a442c53a2a5807aa52e00553b406f8f/demo_tight_layout.py]
[matplotlib.org/stable/_downloads/79edd55d0041e0c155a88e6e9e696618/demo_tight_layout.zip]
[matplotlib.org/stable/gallery/subplots_axes_and_figures/demo_tight_layout.html]
[matplotlib.org/stable/_images/sphx_glr_fahrenheit_celsius_scales_001.png]
[matplotlib.org/stable/_downloads/d218c20e6f55e32b0fa4a8a6c30a85c2/fahrenheit_celsius_scales.ipynb]
[matplotlib.org/stable/_downloads/7ba5e0e5fce23a73d7778b0e6b6cea9d/fahrenheit_celsius_scales.py]
[matplotlib.org/stable/_downloads/ae04a7ea621a1df6aadf072de75b01f3/fahrenheit_celsius_scales.zip]
[matplotlib.org/stable/gallery/subplots_axes_and_figures/fahrenheit_celsius_scales.html]
[matplotlib.org/stable/_images/sphx_glr_figure_size_units_001.png]
[matplotlib.org/stable/_images/sphx_glr_figure_size_units_002.png]
[matplotlib.org/stable/_images/sphx_glr_figure_size_units_003.png]
[matplotlib.org/stable/_images/sphx_glr_figure_size_units_004.png]
[matplotlib.org/stable/_downloads/2b8a8458d23f0c7e2ab390a23d1a02d7/figure_size_units.ipynb]
[matplotlib.org/stable/_downloads/69acc8b9ce1af724427c3422182b1194/figure_size_units.py]
[matplotlib.org/stable/_downloads/d6d30208a962b9d6a65b82db0653cca6/figure_size_units.zip]
[matplotlib.org/stable/gallery/subplots_axes_and_figures/figure_size_units.html]
[matplotlib.org/stable/_images/sphx_glr_figure_title_001.png]
[matplotlib.org/stable/_images/sphx_glr_figure_title_002.png]
[matplotlib.org/stable/_downloads/e8f5fb547c55505e758bccbd0583f193/figure_title.ipynb]
[matplotlib.org/stable/_downloads/cbc6cc42af06a4be6b3d6f8c5e33ead1/figure_title.py]
[matplotlib.org/stable/_downloads/24507fc6105fb780dd67ae201816436f/figure_title.zip]
[matplotlib.org/stable/gallery/subplots_axes_and_figures/figure_title.html]
[matplotlib.org/stable/_images/sphx_glr_ganged_plots_001.png]
[matplotlib.org/stable/_downloads/5eaf3821d444df38a806657fbb3ace64/ganged_plots.ipynb]
[matplotlib.org/stable/_downloads/1c31697528bdd19aee667f5ab1ddb14f/ganged_plots.py]
[matplotlib.org/stable/_downloads/c62c768d269c09118cabd324e8337e2e/ganged_plots.zip]
[matplotlib.org/stable/gallery/subplots_axes_and_figures/ganged_plots.html]
[matplotlib.org/stable/_images/sphx_glr_geo_demo_001.png]
[matplotlib.org/stable/_images/sphx_glr_geo_demo_002.png]
[matplotlib.org/stable/_images/sphx_glr_geo_demo_003.png]
[matplotlib.org/stable/_images/sphx_glr_geo_demo_004.png]
[matplotlib.org/stable/_tags/component-projection.html]
[matplotlib.org/stable/_tags/domain-cartography.html]
[matplotlib.org/stable/_downloads/333307aae380f8ba98a2136aa2d0aa2a/geo_demo.ipynb]
[matplotlib.org/stable/_downloads/4fc64c4adf40fca6c0f00c65a4d84e3f/geo_demo.py]
[matplotlib.org/stable/_downloads/25bb1071d00c5b8eb82dc50a01da07d7/geo_demo.zip]
[matplotlib.org/stable/gallery/subplots_axes_and_figures/geo_demo.html]
[matplotlib.org/stable/_images/sphx_glr_gridspec_and_subplots_001.png]
[matplotlib.org/stable/_downloads/24f9ea6e6c86518bcdc77699fffc02bd/gridspec_and_subplots.ipynb]
[matplotlib.org/stable/_downloads/1e01451841b499da6640677973bcab50/gridspec_and_subplots.py]
[matplotlib.org/stable/_downloads/9832d8c1e9ff1e62ced355c5a844550d/gridspec_and_subplots.zip]
[matplotlib.org/stable/gallery/subplots_axes_and_figures/gridspec_and_subplots.html]
[matplotlib.org/stable/_images/sphx_glr_gridspec_customization_001.png]
[matplotlib.org/stable/_images/sphx_glr_gridspec_customization_002.png]
[matplotlib.org/stable/_downloads/d01c7d053fc3d2443351f3c855406dce/gridspec_customization.ipynb]
[matplotlib.org/stable/_downloads/d2a676c30804b3fae8ca5b0fd74cebe1/gridspec_customization.py]
[matplotlib.org/stable/_downloads/20690bd886dbf98ba43925c390834583/gridspec_customization.zip]
[matplotlib.org/stable/gallery/subplots_axes_and_figures/gridspec_customization.html]
[matplotlib.org/stable/_images/sphx_glr_gridspec_multicolumn_001.png]
[matplotlib.org/stable/_downloads/13f360b593e1ee1f60df408c86de7437/gridspec_multicolumn.ipynb]
[matplotlib.org/stable/_downloads/d13b9f7b735ed9cdf774ff1d83114d08/gridspec_multicolumn.py]
[matplotlib.org/stable/_downloads/47c73d88fad20e6935a818980dc73d07/gridspec_multicolumn.zip]
[matplotlib.org/stable/gallery/subplots_axes_and_figures/gridspec_multicolumn.html]
[matplotlib.org/stable/_images/sphx_glr_gridspec_nested_001.png]
[matplotlib.org/stable/_downloads/dc5ba078aebe8d7561daefb7dda542a8/gridspec_nested.ipynb]
[matplotlib.org/stable/_downloads/6f740ff878eb7af08d204edefcd427ba/gridspec_nested.py]
[matplotlib.org/stable/_downloads/d910e063c1a9ba6d5c5653a4cb7937f9/gridspec_nested.zip]
[matplotlib.org/stable/gallery/subplots_axes_and_figures/gridspec_nested.html]
[matplotlib.org/stable/_images/sphx_glr_invert_axes_001.png]
[matplotlib.org/stable/_downloads/91afeab6be7a1337ef5e46f820b4f00a/invert_axes.ipynb]
[matplotlib.org/stable/_downloads/d1b6738fcf4b442f210407389ef9e181/invert_axes.py]
[matplotlib.org/stable/_downloads/a0f71173c01ef1fe4ebd315bd24b8c97/invert_axes.zip]
[matplotlib.org/stable/gallery/subplots_axes_and_figures/invert_axes.html]
[matplotlib.org/stable/_images/sphx_glr_multiple_figs_demo_001.png]
[matplotlib.org/stable/_images/sphx_glr_multiple_figs_demo_002.png]
[matplotlib.org/stable/_images/sphx_glr_multiple_figs_demo_003.png]
[matplotlib.org/stable/_downloads/a24e7beb60cf11dc4bc8fc0ed31769f5/multiple_figs_demo.ipynb]
[matplotlib.org/stable/_downloads/059067d4247dad92d898873389274388/multiple_figs_demo.py]
[matplotlib.org/stable/_downloads/2ff3fe660765da6daf1a2667cc1458c6/multiple_figs_demo.zip]
[matplotlib.org/stable/gallery/subplots_axes_and_figures/multiple_figs_demo.html]
[matplotlib.org/stable/_images/sphx_glr_secondary_axis_001.png]
[matplotlib.org/stable/_images/sphx_glr_secondary_axis_002.png]
[matplotlib.org/stable/_images/sphx_glr_secondary_axis_003.png]
[matplotlib.org/stable/_images/sphx_glr_secondary_axis_004.png]
[matplotlib.org/stable/_images/sphx_glr_secondary_axis_005.png]
[matplotlib.org/stable/_downloads/379388c5a6ce979cdc78447225e06c4f/secondary_axis.ipynb]
[matplotlib.org/stable/_downloads/e9052d0215fa39419437bd7cf90e02cb/secondary_axis.py]
[matplotlib.org/stable/_downloads/c24292a70d97d942fe22fab2c2d4afa6/secondary_axis.zip]
[matplotlib.org/stable/gallery/subplots_axes_and_figures/secondary_axis.html]
[matplotlib.org/stable/_images/sphx_glr_share_axis_lims_views_001.png]
[matplotlib.org/stable/_downloads/5b0d39d09da1add304573a404cbaa7d1/share_axis_lims_views.ipynb]
[matplotlib.org/stable/_downloads/e29deef9b0546c8b5558462757e2cbaa/share_axis_lims_views.py]
[matplotlib.org/stable/_downloads/5fd1b48e1480cb3da3b178ebb1d06119/share_axis_lims_views.zip]
[matplotlib.org/stable/gallery/subplots_axes_and_figures/share_axis_lims_views.html]
[matplotlib.org/stable/_images/sphx_glr_shared_axis_demo_001.png]
[matplotlib.org/stable/_downloads/b4898889a201346ffdd44885896b2ec2/shared_axis_demo.ipynb]
[matplotlib.org/stable/_downloads/268bf2a830c1140e907940f9c32a672b/shared_axis_demo.py]
[matplotlib.org/stable/_downloads/d585d59595980230bf07fa1beccf741f/shared_axis_demo.zip]
[matplotlib.org/stable/gallery/subplots_axes_and_figures/shared_axis_demo.html]
[matplotlib.org/stable/_images/sphx_glr_subfigures_001.png]
[matplotlib.org/stable/_images/sphx_glr_subfigures_002.png]
[matplotlib.org/stable/_images/sphx_glr_subfigures_003.png]
[matplotlib.org/stable/_images/sphx_glr_subfigures_004.png]
[matplotlib.org/stable/_tags/plot-type-pcolormesh.html]
[matplotlib.org/stable/_downloads/ca675a104825e0fc1f5523a07e03aec6/subfigures.ipynb]
[matplotlib.org/stable/_downloads/a60fd01ed70531c8e03f55f32b6c55ff/subfigures.py]
[matplotlib.org/stable/_downloads/15c76c1f97b82b13cf6a6312e11d8837/subfigures.zip]
[matplotlib.org/stable/gallery/subplots_axes_and_figures/subfigures.html]
[matplotlib.org/stable/_images/sphx_glr_subplot_001.png]
[matplotlib.org/stable/_images/sphx_glr_subplot_002.png]
[matplotlib.org/stable/_downloads/0b0cb67fcd5bdba2f3d86c573642b4de/subplot.ipynb]
[matplotlib.org/stable/_downloads/9a9c8ab515a92a91eda7dac9bcb348ec/subplot.py]
[matplotlib.org/stable/_downloads/97d2aba23954b2f975485e7dcce72e87/subplot.zip]
[matplotlib.org/stable/gallery/subplots_axes_and_figures/subplot.html]
[matplotlib.org/stable/_images/sphx_glr_subplot2grid_001.png]
[matplotlib.org/stable/_downloads/9daec55e51d863af6763e40e0e313b4e/subplot2grid.ipynb]
[matplotlib.org/stable/_downloads/4be179670089e2aef92ee35952df0b04/subplot2grid.py]
[matplotlib.org/stable/_downloads/ad2eb38bbafcc5d4eab1c11038927e63/subplot2grid.zip]
[matplotlib.org/stable/gallery/subplots_axes_and_figures/subplot2grid.html]
[matplotlib.org/stable/_images/sphx_glr_subplots_adjust_001.png]
[matplotlib.org/stable/_downloads/e2b0096ce1e0adac0b3d5006e3fc7b5f/subplots_adjust.ipynb]
[matplotlib.org/stable/_downloads/ae98d6400556dc85e7f24d68d8480dd7/subplots_adjust.py]
[matplotlib.org/stable/_downloads/8fb0efddc4593611ed5d96cf0fb055bd/subplots_adjust.zip]
[matplotlib.org/stable/gallery/subplots_axes_and_figures/subplots_adjust.html]
[matplotlib.org/stable/_images/sphx_glr_subplots_demo_001.png]
[matplotlib.org/stable/_images/sphx_glr_subplots_demo_002.png]
[matplotlib.org/stable/_images/sphx_glr_subplots_demo_003.png]
[matplotlib.org/stable/_images/sphx_glr_subplots_demo_004.png]
[matplotlib.org/stable/_images/sphx_glr_subplots_demo_005.png]
[matplotlib.org/stable/_images/sphx_glr_subplots_demo_006.png]
[matplotlib.org/stable/_images/sphx_glr_subplots_demo_007.png]
[matplotlib.org/stable/_images/sphx_glr_subplots_demo_008.png]
[matplotlib.org/stable/_images/sphx_glr_subplots_demo_009.png]
[matplotlib.org/stable/_images/sphx_glr_subplots_demo_010.png]
[matplotlib.org/stable/_images/sphx_glr_subplots_demo_011.png]
[matplotlib.org/stable/_images/sphx_glr_subplots_demo_012.png]
[matplotlib.org/stable/_images/sphx_glr_subplots_demo_013.png]
[matplotlib.org/stable/_tags/plot-type-polar.html]
[matplotlib.org/stable/_downloads/4a8db41bb850567e9fd7e426f443dba4/subplots_demo.ipynb]
[matplotlib.org/stable/_downloads/5c62f1316efb781bfb7c3acccd2b688c/subplots_demo.py]
[matplotlib.org/stable/_downloads/187d730aeef6c1f1b42f20d21ec1930f/subplots_demo.zip]
[matplotlib.org/stable/gallery/subplots_axes_and_figures/subplots_demo.html]
[matplotlib.org/stable/_images/sphx_glr_two_scales_001.png]
[matplotlib.org/stable/_downloads/902360d5b515dbcbef3e63a4ed00c0cc/two_scales.ipynb]
[matplotlib.org/stable/_downloads/dabc4913b2e476e7980afa4897896ece/two_scales.py]
[matplotlib.org/stable/_downloads/ad08dba630ee294c522b364536494449/two_scales.zip]
[matplotlib.org/stable/gallery/subplots_axes_and_figures/two_scales.html]
[matplotlib.org/stable/_images/sphx_glr_zoom_inset_axes_001.png]
[matplotlib.org/stable/_downloads/8240186cd25536b696d5c0bce0e3d5c9/zoom_inset_axes.ipynb]
[matplotlib.org/stable/_downloads/7600459cba10d19716daad4a919e2705/zoom_inset_axes.py]
[matplotlib.org/stable/_downloads/284b5e3f39b44c94296fcea0f8a389f5/zoom_inset_axes.zip]
[matplotlib.org/stable/gallery/subplots_axes_and_figures/zoom_inset_axes.html]
[matplotlib.org/stable/gallery/statistics/index.html]
[matplotlib.org/stable/_images/sphx_glr_boxplot_001.png]
[matplotlib.org/stable/_images/sphx_glr_boxplot_002.png]
[matplotlib.org/stable/_tags/plot-type-boxplot.html]
[matplotlib.org/stable/_downloads/43dfdc3242d6e3f7d2a54971e771b799/boxplot.ipynb]
[matplotlib.org/stable/_downloads/91eae76e954fa871772e65b23de96ffe/boxplot.py]
[matplotlib.org/stable/_downloads/4a138d640ccc764c6d3a9023ced9b592/boxplot.zip]
[matplotlib.org/stable/gallery/statistics/boxplot.html]
[matplotlib.org/stable/_images/sphx_glr_boxplot_color_001.png]
[matplotlib.org/stable/_downloads/cab87f33fe8231420d0cdca293f6b8eb/boxplot_color.ipynb]
[matplotlib.org/stable/_downloads/38761f6a99c4cb7b7f91b79f2d3cbea4/boxplot_color.py]
[matplotlib.org/stable/_downloads/6bc53a259ab3b6d1f1f2149f5c1c362c/boxplot_color.zip]
[matplotlib.org/stable/gallery/statistics/boxplot_color.html]
[matplotlib.org/stable/_images/sphx_glr_boxplot_demo_001.png]
[matplotlib.org/stable/_images/sphx_glr_boxplot_demo_002.png]
[matplotlib.org/stable/_images/sphx_glr_boxplot_demo_003.png]
[matplotlib.org/stable/_images/sphx_glr_boxplot_demo_004.png]
[matplotlib.org/stable/_images/sphx_glr_boxplot_demo_005.png]
[matplotlib.org/stable/_downloads/691a80253e42e8ca84fe26961b1ee684/boxplot_demo.ipynb]
[matplotlib.org/stable/_downloads/62c71faf74da9063a3e8cccd6bfdbed9/boxplot_demo.py]
[matplotlib.org/stable/_downloads/164f8527dcf6ccac1e75952ae289af6a/boxplot_demo.zip]
[matplotlib.org/stable/gallery/statistics/boxplot_demo.html]
[matplotlib.org/stable/_images/sphx_glr_boxplot_vs_violin_001.png]
[matplotlib.org/stable/_tags/plot-type-violin.html]
[matplotlib.org/stable/_downloads/5338ee4cbadb24f31e9dd0465c609cb1/boxplot_vs_violin.ipynb]
[matplotlib.org/stable/_downloads/82c8fa6f7fde224ac82e9fb57e603326/boxplot_vs_violin.py]
[matplotlib.org/stable/_downloads/f42277c229e613fabdf9bb4b76f8c3ef/boxplot_vs_violin.zip]
[matplotlib.org/stable/gallery/statistics/boxplot_vs_violin.html]
[matplotlib.org/stable/_images/sphx_glr_bxp_001.png]
[matplotlib.org/stable/_images/sphx_glr_bxp_002.png]
[matplotlib.org/stable/_tags/plot-type-speciality.html]
[matplotlib.org/stable/_downloads/f1dc0583b704179f720a3839eff6d57c/bxp.ipynb]
[matplotlib.org/stable/_downloads/19e830e3793676dff715e60078f0dd91/bxp.py]
[matplotlib.org/stable/_downloads/d61c0a0763c0256ff1e483ed09273d57/bxp.zip]
[matplotlib.org/stable/gallery/statistics/bxp.html]
[matplotlib.org/stable/_images/sphx_glr_confidence_ellipse_001.png]
[matplotlib.org/stable/_images/sphx_glr_confidence_ellipse_002.png]
[matplotlib.org/stable/_images/sphx_glr_confidence_ellipse_003.png]
[matplotlib.org/stable/_tags/component-ellipse.html]
[matplotlib.org/stable/_tags/component-patch.html]
[matplotlib.org/stable/_downloads/3cce71e0693a21efebb16112b9101a2b/confidence_ellipse.ipynb]
[matplotlib.org/stable/_downloads/331a8f0ed4f8c08eecd40b9703eb70a5/confidence_ellipse.py]
[matplotlib.org/stable/_downloads/3c8344511495058237bf1858829ee31b/confidence_ellipse.zip]
[matplotlib.org/stable/gallery/statistics/confidence_ellipse.html]
[matplotlib.org/stable/_images/sphx_glr_customized_violin_001.png]
[matplotlib.org/stable/_downloads/d595ac356685e81c555d776a958885b3/customized_violin.ipynb]
[matplotlib.org/stable/_downloads/b12095cadca065936a22019675f933dd/customized_violin.py]
[matplotlib.org/stable/_downloads/35a97d1b165fddfc7eac01596acc1727/customized_violin.zip]
[matplotlib.org/stable/gallery/statistics/customized_violin.html]
[matplotlib.org/stable/_images/sphx_glr_errorbar_001.png]
[matplotlib.org/stable/_downloads/336df8401d39a02df5e50a546a75a08f/errorbar.ipynb]
[matplotlib.org/stable/_downloads/871f1dfe57528195a138d2a28362948e/errorbar.py]
[matplotlib.org/stable/_downloads/06391663eb22bad4de6a1b93d4b959c4/errorbar.zip]
[matplotlib.org/stable/gallery/statistics/errorbar.html]
[matplotlib.org/stable/_images/sphx_glr_errorbar_features_001.png]
[matplotlib.org/stable/_downloads/326cbebbeee37892d960b6161e86e1c9/errorbar_features.ipynb]
[matplotlib.org/stable/_downloads/ca487dc8c2591cb27330da8e51e2a621/errorbar_features.py]
[matplotlib.org/stable/_downloads/fb4fae36b5a1f44bfe83647aa1b63ec3/errorbar_features.zip]
[matplotlib.org/stable/gallery/statistics/errorbar_features.html]
[matplotlib.org/stable/_images/sphx_glr_errorbar_limits_001.png]
[matplotlib.org/stable/_downloads/5a085a4a5771b27b72088bf4784cdf25/errorbar_limits.ipynb]
[matplotlib.org/stable/_downloads/d17bb6e684a598039531c6414d6890b1/errorbar_limits.py]
[matplotlib.org/stable/_downloads/069944dd54192666f10e19a24cee7654/errorbar_limits.zip]
[matplotlib.org/stable/gallery/statistics/errorbar_limits.html]
[matplotlib.org/stable/_images/sphx_glr_errorbars_and_boxes_001.png]
[matplotlib.org/stable/_tags/component-rectangle.html]
[matplotlib.org/stable/_tags/component-patchcollection.html]
[matplotlib.org/stable/_downloads/2e73e580ebd152110e1775281f45c672/errorbars_and_boxes.ipynb]
[matplotlib.org/stable/_downloads/8a1e61de9e8945cfa899d5457afd5838/errorbars_and_boxes.py]
[matplotlib.org/stable/_downloads/dfc7e0260adb3edbdacc545c8ba86701/errorbars_and_boxes.zip]
[matplotlib.org/stable/gallery/statistics/errorbars_and_boxes.html]
[matplotlib.org/stable/_images/sphx_glr_hexbin_demo_001.png]
[matplotlib.org/stable/_tags/plot-type-hexbin.html]
[matplotlib.org/stable/_downloads/9c8c2d65864aea7819fe105e149ec332/hexbin_demo.ipynb]
[matplotlib.org/stable/_downloads/0bc1dcea7f6f63c4a84c92bb99b984da/hexbin_demo.py]
[matplotlib.org/stable/_downloads/4468f120e2c363526b5b691d5e6c13d7/hexbin_demo.zip]
[matplotlib.org/stable/gallery/statistics/hexbin_demo.html]
[matplotlib.org/stable/_images/sphx_glr_hist_001.png]
[matplotlib.org/stable/_images/sphx_glr_hist_002.png]
[matplotlib.org/stable/_images/sphx_glr_hist_003.png]
[matplotlib.org/stable/_images/sphx_glr_hist_004.png]
[matplotlib.org/stable/_tags/plot-type-histogram2d.html]
[matplotlib.org/stable/_tags/component-normalization.html]
[matplotlib.org/stable/_downloads/3521362dc0e73684626f9a6f0a9ec8a0/hist.ipynb]
[matplotlib.org/stable/_downloads/2abff75c7d5b7683b4b3246fb3d41d44/hist.py]
[matplotlib.org/stable/_downloads/618e44fb789ddc42bfeeb4f7bffa1cff/hist.zip]
[matplotlib.org/stable/gallery/statistics/hist.html]
[matplotlib.org/stable/_images/sphx_glr_histogram_bihistogram_001.png]
[matplotlib.org/stable/_downloads/0bf3e2cf1e74c1b07549d595e76d2d97/histogram_bihistogram.ipynb]
[matplotlib.org/stable/_downloads/5de653d80bcc9ea35116a0e4d36d75b5/histogram_bihistogram.py]
[matplotlib.org/stable/_downloads/2e63fa6040b0d66b789c94205555bf39/histogram_bihistogram.zip]
[matplotlib.org/stable/gallery/statistics/histogram_bihistogram.html]
[matplotlib.org/stable/_images/sphx_glr_histogram_cumulative_001.png]
[matplotlib.org/stable/_tags/plot-type-ecdf.html]
[matplotlib.org/stable/_downloads/a9a1c37825bddcdb3793adbd89b30ed0/histogram_cumulative.ipynb]
[matplotlib.org/stable/_downloads/58a1dc1dad006bedcf1fe41aa699b676/histogram_cumulative.py]
[matplotlib.org/stable/_downloads/b6c29cd767f9b279b89da429b77b9b6b/histogram_cumulative.zip]
[matplotlib.org/stable/gallery/statistics/histogram_cumulative.html]
[matplotlib.org/stable/_images/sphx_glr_histogram_histtypes_001.png]
[matplotlib.org/stable/_downloads/37abb4a85ffcd007e8f7cbf2f4d24d67/histogram_histtypes.ipynb]
[matplotlib.org/stable/_downloads/f8c0358a738de22bc3fd0b333e981c29/histogram_histtypes.py]
[matplotlib.org/stable/_downloads/e29d8220ef916b83f2d8f046d0d2a0ec/histogram_histtypes.zip]
[matplotlib.org/stable/gallery/statistics/histogram_histtypes.html]
[matplotlib.org/stable/_images/sphx_glr_histogram_multihist_001.png]
[matplotlib.org/stable/_images/sphx_glr_histogram_multihist_002.png]
[matplotlib.org/stable/_images/sphx_glr_histogram_multihist_003.png]
[matplotlib.org/stable/_images/sphx_glr_histogram_multihist_004.png]
[matplotlib.org/stable/_images/sphx_glr_histogram_multihist_005.png]
[matplotlib.org/stable/_images/sphx_glr_histogram_multihist_006.png]
[matplotlib.org/stable/_downloads/3e6c719f7d1fe721c72d931dc8a96f38/histogram_multihist.ipynb]
[matplotlib.org/stable/_downloads/04f39a3d85a1b2537b2f1fa65e101df4/histogram_multihist.py]
[matplotlib.org/stable/_downloads/62b25e16385d940a71f50643538f9f8d/histogram_multihist.zip]
[matplotlib.org/stable/gallery/statistics/histogram_multihist.html]
[matplotlib.org/stable/_images/sphx_glr_histogram_normalization_001.png]
[matplotlib.org/stable/_images/sphx_glr_histogram_normalization_002.png]
[matplotlib.org/stable/_images/sphx_glr_histogram_normalization_003.png]
[matplotlib.org/stable/_images/sphx_glr_histogram_normalization_004.png]
[matplotlib.org/stable/_images/sphx_glr_histogram_normalization_005.png]
[matplotlib.org/stable/_images/sphx_glr_histogram_normalization_006.png]
[matplotlib.org/stable/_images/sphx_glr_histogram_normalization_007.png]
[matplotlib.org/stable/_images/sphx_glr_histogram_normalization_008.png]
[matplotlib.org/stable/_images/sphx_glr_histogram_normalization_009.png]
[matplotlib.org/stable/_downloads/12169718046ea2615f3f512dfd44a9f5/histogram_normalization.ipynb]
[matplotlib.org/stable/_downloads/53dc4031905590e5af06cab7e2cdb32d/histogram_normalization.py]
[matplotlib.org/stable/_downloads/7124922c393f1777456a3a86e4a9d24b/histogram_normalization.zip]
[matplotlib.org/stable/gallery/statistics/histogram_normalization.html]
[matplotlib.org/stable/_images/sphx_glr_multiple_histograms_side_by_side_001.png]
[matplotlib.org/stable/_tags/plot-type-barh.html]
[matplotlib.org/stable/_downloads/2018481c7f104b447e00b9df2654b4e0/multiple_histograms_side_by_side.ipynb]
[matplotlib.org/stable/_downloads/a2298827019c2c94b5fc1bf606e6d29b/multiple_histograms_side_by_side.py]
[matplotlib.org/stable/_downloads/d3e3c638b2379402d00163d9480c0669/multiple_histograms_side_by_side.zip]
[matplotlib.org/stable/gallery/statistics/multiple_histograms_side_by_side.html]
[matplotlib.org/stable/_images/sphx_glr_time_series_histogram_001.png]
[matplotlib.org/stable/_tags/purpose-storytelling.html]
[matplotlib.org/stable/_tags/component-colormap.html]
[matplotlib.org/stable/_downloads/134e3c614df98c9ca81dbc9175fc02ec/time_series_histogram.ipynb]
[matplotlib.org/stable/_downloads/8ccc27687e832118a85d3c746c15f6fa/time_series_histogram.py]
[matplotlib.org/stable/_downloads/1b19aa0adfcc5d34c292cbbbae4cbd59/time_series_histogram.zip]
[matplotlib.org/stable/gallery/statistics/time_series_histogram.html]
[matplotlib.org/stable/_images/sphx_glr_violinplot_001.png]
[matplotlib.org/stable/_downloads/604f15717c1743907b81ea19a7a0bb6c/violinplot.ipynb]
[matplotlib.org/stable/_downloads/77f53caf20c3697ea59d377ac3f4ebeb/violinplot.py]
[matplotlib.org/stable/_downloads/1f7038e54249466332a3c93d84e24fd6/violinplot.zip]
[matplotlib.org/stable/gallery/statistics/violinplot.html]
[matplotlib.org/stable/gallery/pie_and_polar_charts/index.html]
[matplotlib.org/stable/_images/sphx_glr_pie_features_001.png]
[matplotlib.org/stable/_images/sphx_glr_pie_features_002.png]
[matplotlib.org/stable/_images/sphx_glr_pie_features_003.png]
[matplotlib.org/stable/_images/sphx_glr_pie_features_004.png]
[matplotlib.org/stable/_images/sphx_glr_pie_features_005.png]
[matplotlib.org/stable/_images/sphx_glr_pie_features_006.png]
[matplotlib.org/stable/_images/sphx_glr_pie_features_007.png]
[matplotlib.org/stable/_images/sphx_glr_pie_features_008.png]
[matplotlib.org/stable/_tags/plot-type-pie.html]
[matplotlib.org/stable/_downloads/73a60ebdc8c6b15650865a49a3bb7d44/pie_features.ipynb]
[matplotlib.org/stable/_downloads/d1637d3ecea58588a83ea116a2883a26/pie_features.py]
[matplotlib.org/stable/_downloads/bab3cc1aa40a5404e184d0d0600fcbc5/pie_features.zip]
[matplotlib.org/stable/gallery/pie_and_polar_charts/pie_features.html]
[matplotlib.org/stable/_images/sphx_glr_bar_of_pie_001.png]
[matplotlib.org/stable/_downloads/7a222153a650a0e97d03f638e371556f/bar_of_pie.ipynb]
[matplotlib.org/stable/_downloads/b14f56c0ed0bf29c1b150290df6f369a/bar_of_pie.py]
[matplotlib.org/stable/_downloads/c10a940ef73acb1dadf2c52ed37ee8a8/bar_of_pie.zip]
[matplotlib.org/stable/gallery/pie_and_polar_charts/bar_of_pie.html]
[matplotlib.org/stable/_images/sphx_glr_nested_pie_001.png]
[matplotlib.org/stable/_images/sphx_glr_nested_pie_002.png]
[matplotlib.org/stable/_downloads/5b2548c8549bd695e969cc65e29bd3c5/nested_pie.ipynb]
[matplotlib.org/stable/_downloads/aeb91f5a1cf185045e90c1aa9f6d1c81/nested_pie.py]
[matplotlib.org/stable/_downloads/6436f2b2833f023fa29a82ca341c7aec/nested_pie.zip]
[matplotlib.org/stable/gallery/pie_and_polar_charts/nested_pie.html]
[matplotlib.org/stable/_images/sphx_glr_pie_and_donut_labels_001.png]
[matplotlib.org/stable/_images/sphx_glr_pie_and_donut_labels_002.png]
[matplotlib.org/stable/_downloads/9a0785a0a15638a736f7c29ff78d9bfd/pie_and_donut_labels.ipynb]
[matplotlib.org/stable/_downloads/99cbf25b3f3fab0fe11b5d265af14565/pie_and_donut_labels.py]
[matplotlib.org/stable/_downloads/581347859c25676fd7d65ae34b4e2fd9/pie_and_donut_labels.zip]
[matplotlib.org/stable/gallery/pie_and_polar_charts/pie_and_donut_labels.html]
[matplotlib.org/stable/_images/sphx_glr_polar_bar_001.png]
[matplotlib.org/stable/_downloads/c9d805dc2da30933aec9cd00f489e347/polar_bar.ipynb]
[matplotlib.org/stable/_downloads/0d94160c338d1cb111a4d38e5df5307f/polar_bar.py]
[matplotlib.org/stable/_downloads/13437c2dd0ae038862bc5eb484b5eaa6/polar_bar.zip]
[matplotlib.org/stable/gallery/pie_and_polar_charts/polar_bar.html]
[matplotlib.org/stable/_images/sphx_glr_polar_demo_001.png]
[matplotlib.org/stable/_downloads/779e848506cf7b3883ee44dd8065793e/polar_demo.ipynb]
[matplotlib.org/stable/_downloads/71f6f1571f197ea4d33c60225bfb2213/polar_demo.py]
[matplotlib.org/stable/_downloads/072917bc771e7922dab81ccc839f4721/polar_demo.zip]
[matplotlib.org/stable/gallery/pie_and_polar_charts/polar_demo.html]
[matplotlib.org/stable/_images/sphx_glr_polar_error_caps_001.png]
[matplotlib.org/stable/_images/sphx_glr_polar_error_caps_002.png]
[matplotlib.org/stable/_images/sphx_glr_polar_error_caps_003.png]
[matplotlib.org/stable/_downloads/122ae47afe79631d03542f6649990d9d/polar_error_caps.ipynb]
[matplotlib.org/stable/_downloads/3a181fd218a35ba7aa01a74c98e3a9c6/polar_error_caps.py]
[matplotlib.org/stable/_downloads/798c7e176cb4a3364f8fd57866e96209/polar_error_caps.zip]
[matplotlib.org/stable/gallery/pie_and_polar_charts/polar_error_caps.html]
[matplotlib.org/stable/_images/sphx_glr_polar_legend_001.png]
[matplotlib.org/stable/_downloads/eb09b496b073828e9d736e0ec0b27360/polar_legend.ipynb]
[matplotlib.org/stable/_downloads/c2271ead33e5ab00cba2a86f335aabb3/polar_legend.py]
[matplotlib.org/stable/_downloads/f45fd3b8f6b8d3d1fecff9b18e491223/polar_legend.zip]
[matplotlib.org/stable/gallery/pie_and_polar_charts/polar_legend.html]
[matplotlib.org/stable/_images/sphx_glr_polar_scatter_001.png]
[matplotlib.org/stable/_images/sphx_glr_polar_scatter_002.png]
[matplotlib.org/stable/_images/sphx_glr_polar_scatter_003.png]
[matplotlib.org/stable/_tags/plot-style-polar.html]
[matplotlib.org/stable/_downloads/505d706d61bd16e6245dc00a6eb74376/polar_scatter.ipynb]
[matplotlib.org/stable/_downloads/163c7ac912de33914401bf15b5b79ad0/polar_scatter.py]
[matplotlib.org/stable/_downloads/ddab86fc72f478872a3bd93724de1730/polar_scatter.zip]
[matplotlib.org/stable/gallery/pie_and_polar_charts/polar_scatter.html]
[matplotlib.org/stable/gallery/text_labels_and_annotations/index.html]
[matplotlib.org/stable/_images/sphx_glr_accented_text_001.png]
[matplotlib.org/stable/_images/sphx_glr_accented_text_002.png]
[matplotlib.org/stable/_downloads/32692f6160c1c402e084acaba1e041dc/accented_text.ipynb]
[matplotlib.org/stable/_downloads/6fd60662b3bc1e803fc9f7e8e24a9025/accented_text.py]
[matplotlib.org/stable/_downloads/7d415d48fceae1de5bbb07ab8c1c9dc2/accented_text.zip]
[matplotlib.org/stable/gallery/text_labels_and_annotations/accented_text.html]
[matplotlib.org/stable/_images/sphx_glr_align_ylabels_001.png]
[matplotlib.org/stable/_images/sphx_glr_align_ylabels_002.png]
[matplotlib.org/stable/_downloads/385c37e5e0b1ea8b884444b978efd0a2/align_ylabels.ipynb]
[matplotlib.org/stable/_downloads/a7cb4dbd7d8bb0c0adb3f15a2ae98b68/align_ylabels.py]
[matplotlib.org/stable/_downloads/7b723adf2677c8ea9b2f2c365eed816c/align_ylabels.zip]
[matplotlib.org/stable/gallery/text_labels_and_annotations/align_ylabels.html]
[matplotlib.org/stable/_images/sphx_glr_angle_annotation_001.png]
[matplotlib.org/stable/_images/sphx_glr_angle_annotation_002.png]
[matplotlib.org/stable/_downloads/d50a07beba6cff38addad517c5db2d2d/angle_annotation.ipynb]
[matplotlib.org/stable/_downloads/c293090f798b3d244c3be9d67f90f728/angle_annotation.py]
[matplotlib.org/stable/_downloads/8f5aada654666f4ef79abde7a1d69839/angle_annotation.zip]
[matplotlib.org/stable/gallery/text_labels_and_annotations/angle_annotation.html]
[matplotlib.org/stable/_images/sphx_glr_angles_on_bracket_arrows_001.png]
[matplotlib.org/stable/_downloads/cbc861114d23f7b90a621d96ab81f4b4/angles_on_bracket_arrows.ipynb]
[matplotlib.org/stable/_downloads/4af2c72e985d6771b93719ce29b0b6ac/angles_on_bracket_arrows.py]
[matplotlib.org/stable/_downloads/00c5504fb7c2dac95f97dfc7fb5df3a0/angles_on_bracket_arrows.zip]
[matplotlib.org/stable/gallery/text_labels_and_annotations/angles_on_bracket_arrows.html]
[matplotlib.org/stable/_images/sphx_glr_annotate_transform_001.png]
[matplotlib.org/stable/_downloads/6373f9b9ceb68e7cc1ed05fcf04458bb/annotate_transform.ipynb]
[matplotlib.org/stable/_downloads/769c988a8b983293c51e2052df2b2526/annotate_transform.py]
[matplotlib.org/stable/_downloads/bfb3884f361d8f943c5915b37a280c85/annotate_transform.zip]
[matplotlib.org/stable/gallery/text_labels_and_annotations/annotate_transform.html]
[matplotlib.org/stable/_images/sphx_glr_annotation_basic_001.png]
[matplotlib.org/stable/_downloads/4226042e4a578fd63feea75fb9078fe8/annotation_basic.ipynb]
[matplotlib.org/stable/_downloads/6233ee91b5659f73e6087e12c2079d1d/annotation_basic.py]
[matplotlib.org/stable/_downloads/be7d6540c41f39aff5b9e77a00c875fc/annotation_basic.zip]
[matplotlib.org/stable/gallery/text_labels_and_annotations/annotation_basic.html]
[matplotlib.org/stable/_images/sphx_glr_annotation_demo_001.png]
[matplotlib.org/stable/_images/sphx_glr_annotation_demo_002.png]
[matplotlib.org/stable/_images/sphx_glr_annotation_demo_003.png]
[matplotlib.org/stable/_images/sphx_glr_annotation_demo_004.png]
[matplotlib.org/stable/_images/sphx_glr_annotation_demo_005.png]
[matplotlib.org/stable/_images/sphx_glr_annotation_demo_006.png]
[matplotlib.org/stable/_downloads/b612fc5ce4b8f662c0ab4a08ad25f697/annotation_demo.ipynb]
[matplotlib.org/stable/_downloads/d9affd4778c6449c175e11db4270dc15/annotation_demo.py]
[matplotlib.org/stable/_downloads/3d9b64363d2db6b20ba234cf5b975bc8/annotation_demo.zip]
[matplotlib.org/stable/gallery/text_labels_and_annotations/annotation_demo.html]
[matplotlib.org/stable/_images/sphx_glr_annotation_polar_001.png]
[matplotlib.org/stable/_downloads/157e627d53f215035d7f6d226e5e87f8/annotation_polar.ipynb]
[matplotlib.org/stable/_downloads/ffc150ccbb9ee266a1f585c63bad2603/annotation_polar.py]
[matplotlib.org/stable/_downloads/d55f510d06bab221b70ed83fed76c855/annotation_polar.zip]
[matplotlib.org/stable/gallery/text_labels_and_annotations/annotation_polar.html]
[matplotlib.org/stable/_images/sphx_glr_arrow_demo_001.png]
[matplotlib.org/stable/_downloads/cc4e36bfe238f043e60002b4c16370c6/arrow_demo.ipynb]
[matplotlib.org/stable/_downloads/2d636f361d6c4d193b00e03241a15176/arrow_demo.py]
[matplotlib.org/stable/_downloads/ac8a7b3d01629e0813f017e5f770fe8d/arrow_demo.zip]
[matplotlib.org/stable/gallery/text_labels_and_annotations/arrow_demo.html]
[matplotlib.org/stable/_images/sphx_glr_autowrap_001.png]
[matplotlib.org/stable/_downloads/a074c5407d650034039eb6cdcd6b69e9/autowrap.ipynb]
[matplotlib.org/stable/_downloads/66fbde84b16e47d48c1453370b36aa55/autowrap.py]
[matplotlib.org/stable/_downloads/a4c374ddc36ed8f474f0845070eef4d9/autowrap.zip]
[matplotlib.org/stable/gallery/text_labels_and_annotations/autowrap.html]
[matplotlib.org/stable/_images/sphx_glr_custom_legends_001.png]
[matplotlib.org/stable/_images/sphx_glr_custom_legends_002.png]
[matplotlib.org/stable/_images/sphx_glr_custom_legends_003.png]
[matplotlib.org/stable/_downloads/b757a464e6c36d1fb3a78463a8df8511/custom_legends.ipynb]
[matplotlib.org/stable/_downloads/dcd6af3a3384b030d707536e9a7319f3/custom_legends.py]
[matplotlib.org/stable/_downloads/0a1a7bdd88420360cf7832cb20733c15/custom_legends.zip]
[matplotlib.org/stable/gallery/text_labels_and_annotations/custom_legends.html]
[matplotlib.org/stable/_images/sphx_glr_date_001.png]
[matplotlib.org/stable/_downloads/9e1f069c55386e27c9d5c4be29853bcf/date.ipynb]
[matplotlib.org/stable/_downloads/6b4d05c6b8388c1af173947c30162317/date.py]
[matplotlib.org/stable/_downloads/2b66842aec9e5072c029d69482ba33af/date.zip]
[matplotlib.org/stable/gallery/text_labels_and_annotations/date.html]
[matplotlib.org/stable/_images/sphx_glr_demo_annotation_box_001.png]
[matplotlib.org/stable/_downloads/5f28215dd6e4e385c7b317d1a113df72/demo_annotation_box.ipynb]
[matplotlib.org/stable/_downloads/8f8964e173a4b95160a8595de75794d4/demo_annotation_box.py]
[matplotlib.org/stable/_downloads/84b07ef1e7f52a055e1b67c2901dc6bc/demo_annotation_box.zip]
[matplotlib.org/stable/gallery/text_labels_and_annotations/demo_annotation_box.html]
[matplotlib.org/stable/_images/sphx_glr_demo_text_path_001.png]
[matplotlib.org/stable/_downloads/05551433a67337134e29a429c24d6769/demo_text_path.ipynb]
[matplotlib.org/stable/_downloads/986997c8a8bb17b365f417251e167454/demo_text_path.py]
[matplotlib.org/stable/_downloads/418371c6032d86e47b1e0874fbf5c889/demo_text_path.zip]
[matplotlib.org/stable/gallery/text_labels_and_annotations/demo_text_path.html]
[matplotlib.org/stable/_images/sphx_glr_demo_text_rotation_mode_001.png]
[matplotlib.org/stable/_downloads/5b5d52ac8b43604288d79ae75c5a8dc5/demo_text_rotation_mode.ipynb]
[matplotlib.org/stable/_downloads/58345f9f57bb466b821c32d7c2c5509e/demo_text_rotation_mode.py]
[matplotlib.org/stable/_downloads/5574605b39e94be9f40b74b68ba68d03/demo_text_rotation_mode.zip]
[matplotlib.org/stable/gallery/text_labels_and_annotations/demo_text_rotation_mode.html]
[matplotlib.org/stable/_images/sphx_glr_dfrac_demo_001.png]
[matplotlib.org/stable/_downloads/d8275194e7ed6da5b3463164aa84a91e/dfrac_demo.ipynb]
[matplotlib.org/stable/_downloads/468271b27d3e686f08b0ec06f8327ef9/dfrac_demo.py]
[matplotlib.org/stable/_downloads/508e9d8b6127ad60f56844993972bf8f/dfrac_demo.zip]
[matplotlib.org/stable/gallery/text_labels_and_annotations/dfrac_demo.html]
[matplotlib.org/stable/_images/sphx_glr_engineering_formatter_001.png]
[matplotlib.org/stable/_downloads/61bc3eb07f021c5f963541b0167b70bf/engineering_formatter.ipynb]
[matplotlib.org/stable/_downloads/9edc866078c8d2f5c4b1d68a9856d0fc/engineering_formatter.py]
[matplotlib.org/stable/_downloads/bfeeb3ab4b3a4b97cdb6206f0bd3e9ba/engineering_formatter.zip]
[matplotlib.org/stable/gallery/text_labels_and_annotations/engineering_formatter.html]
[matplotlib.org/stable/_downloads/0388069c25c84d6bc3a8b03a4f424035/fancyarrow_demo.ipynb]
[matplotlib.org/stable/_downloads/5c12d4b66c26fc9c8cdfd42f3e8008a7/fancyarrow_demo.py]
[matplotlib.org/stable/_downloads/ecbc5dc092a37a300dff91286a6f1d86/fancyarrow_demo.zip]
[matplotlib.org/stable/gallery/text_labels_and_annotations/fancyarrow_demo.html]
[matplotlib.org/stable/_images/sphx_glr_fancytextbox_demo_001.png]
[matplotlib.org/stable/_downloads/12c809606ac61c52169007cf19a725a9/fancytextbox_demo.ipynb]
[matplotlib.org/stable/_downloads/2d93c172a0e3842ed12e6211628fe0f5/fancytextbox_demo.py]
[matplotlib.org/stable/_downloads/5468f2df0c1b8dedf3ca36fec91b3b19/fancytextbox_demo.zip]
[matplotlib.org/stable/gallery/text_labels_and_annotations/fancytextbox_demo.html]
[matplotlib.org/stable/_images/sphx_glr_figlegend_demo_001.png]
[matplotlib.org/stable/_downloads/25e33319638f2e3971829d70fb305d42/figlegend_demo.ipynb]
[matplotlib.org/stable/_downloads/5f2c35d6ffe75884c672ca725851c0f4/figlegend_demo.py]
[matplotlib.org/stable/_downloads/7b289cf0b87b3296dac8425beec3e96f/figlegend_demo.zip]
[matplotlib.org/stable/gallery/text_labels_and_annotations/figlegend_demo.html]
[matplotlib.org/stable/_images/sphx_glr_font_family_rc_001.png]
[matplotlib.org/stable/_images/sphx_glr_font_family_rc_002.png]
[matplotlib.org/stable/_images/sphx_glr_font_family_rc_003.png]
[matplotlib.org/stable/_images/sphx_glr_font_family_rc_004.png]
[matplotlib.org/stable/_downloads/66637889d80e1ce800c1e3de058c22be/font_family_rc.ipynb]
[matplotlib.org/stable/_downloads/855769f70f221ad26f2f3ef0c960bb67/font_family_rc.py]
[matplotlib.org/stable/_downloads/6ab3a89e502eb9bce49afdea59857292/font_family_rc.zip]
[matplotlib.org/stable/gallery/text_labels_and_annotations/font_family_rc.html]
[matplotlib.org/stable/_images/sphx_glr_font_file_001.png]
[matplotlib.org/stable/_downloads/4aa5073a49b89bb854998a7c9b331f94/font_file.ipynb]
[matplotlib.org/stable/_downloads/f3eab81c1f29bec924d1fb4a0f5519d5/font_file.py]
[matplotlib.org/stable/_downloads/dc549222160036dbe8166461c86f55fe/font_file.zip]
[matplotlib.org/stable/gallery/text_labels_and_annotations/font_file.html]
[matplotlib.org/stable/_images/sphx_glr_font_table_001.png]
[matplotlib.org/stable/_downloads/c272bdcecbece4cba783b89e80ea4b70/font_table.ipynb]
[matplotlib.org/stable/_downloads/bc9735ba2ce09278809c68b7f82bdee8/font_table.py]
[matplotlib.org/stable/_downloads/4a748e2c7dfb900c906c7f95f48a13ac/font_table.zip]
[matplotlib.org/stable/gallery/text_labels_and_annotations/font_table.html]
[matplotlib.org/stable/_images/sphx_glr_fonts_demo_001.png]
[matplotlib.org/stable/_downloads/7fceed023d9ab7f540f3ab5aa5f87514/fonts_demo.ipynb]
[matplotlib.org/stable/_downloads/a07ccc7ac96893982528857f66715b4d/fonts_demo.py]
[matplotlib.org/stable/_downloads/80797c847eb3eba50da6e6d7b2063d3e/fonts_demo.zip]
[matplotlib.org/stable/gallery/text_labels_and_annotations/fonts_demo.html]
[matplotlib.org/stable/_images/sphx_glr_fonts_demo_kw_001.png]
[matplotlib.org/stable/_downloads/329693a7abd578dec6c6a6e45787d7dc/fonts_demo_kw.ipynb]
[matplotlib.org/stable/_downloads/9c5f5b75a1364025604ffb07f11a7118/fonts_demo_kw.py]
[matplotlib.org/stable/_downloads/60dd72cbc9a57a0dcd5154c729859af1/fonts_demo_kw.zip]
[matplotlib.org/stable/gallery/text_labels_and_annotations/fonts_demo_kw.html]
[matplotlib.org/stable/_images/sphx_glr_label_subplots_001.png]
[matplotlib.org/stable/_images/sphx_glr_label_subplots_002.png]
[matplotlib.org/stable/_images/sphx_glr_label_subplots_003.png]
[matplotlib.org/stable/_downloads/b1f5ca501205571bdd192ef9d081b1ef/label_subplots.ipynb]
[matplotlib.org/stable/_downloads/827a1d72743e3fc3edb7c08e7b5a4f5c/label_subplots.py]
[matplotlib.org/stable/_downloads/dae4bb6a1c2860477f2eb6b463b244a9/label_subplots.zip]
[matplotlib.org/stable/gallery/text_labels_and_annotations/label_subplots.html]
[matplotlib.org/stable/_images/sphx_glr_legend_001.png]
[matplotlib.org/stable/_downloads/84743212483db08694f82d84e078c3fe/legend.ipynb]
[matplotlib.org/stable/_downloads/4ba945f00bae04f2da137e370ec93cb6/legend.py]
[matplotlib.org/stable/_downloads/0904ae0e1d553563bf6b990fc68a2477/legend.zip]
[matplotlib.org/stable/gallery/text_labels_and_annotations/legend.html]
[matplotlib.org/stable/_images/sphx_glr_legend_demo_001.png]
[matplotlib.org/stable/_images/sphx_glr_legend_demo_002.png]
[matplotlib.org/stable/_images/sphx_glr_legend_demo_003.png]
[matplotlib.org/stable/_images/sphx_glr_legend_demo_004.png]
[matplotlib.org/stable/_images/sphx_glr_legend_demo_005.png]
[matplotlib.org/stable/_downloads/4c0ce4a33804cb08f86ba70337fad464/legend_demo.ipynb]
[matplotlib.org/stable/_downloads/6aa8e5919ce32e892d549350231357cd/legend_demo.py]
[matplotlib.org/stable/_downloads/22e2fad02d0d1099c3a19206ebf4a960/legend_demo.zip]
[matplotlib.org/stable/gallery/text_labels_and_annotations/legend_demo.html]
[matplotlib.org/stable/_images/sphx_glr_line_with_text_001.png]
[matplotlib.org/stable/_downloads/454d14286bc8bd693ac8001a86d96cf6/line_with_text.ipynb]
[matplotlib.org/stable/_downloads/41b07a606d47877f7b24b3b5e4dcbca8/line_with_text.py]
[matplotlib.org/stable/_downloads/55d431b31a8483e135181aa8866857d3/line_with_text.zip]
[matplotlib.org/stable/gallery/text_labels_and_annotations/line_with_text.html]
[matplotlib.org/stable/_images/sphx_glr_mathtext_asarray_001.png]
[matplotlib.org/stable/_downloads/646ed6e33bfbf13d7f8129414dcebf05/mathtext_asarray.ipynb]
[matplotlib.org/stable/_downloads/fb498376a4f52d3e7e49f9367638b72d/mathtext_asarray.py]
[matplotlib.org/stable/_downloads/242e27b95d8f37478c527909ac05776d/mathtext_asarray.zip]
[matplotlib.org/stable/gallery/text_labels_and_annotations/mathtext_asarray.html]
[matplotlib.org/stable/_images/sphx_glr_mathtext_demo_001.png]
[matplotlib.org/stable/_downloads/13c7fb96c5057c43c7d4ba5a0e069f3e/mathtext_demo.ipynb]
[matplotlib.org/stable/_downloads/620a5968857fc04683697be2487f7d32/mathtext_demo.py]
[matplotlib.org/stable/_downloads/cae7bcd45277a8faca14082bb374def1/mathtext_demo.zip]
[matplotlib.org/stable/gallery/text_labels_and_annotations/mathtext_demo.html]
[matplotlib.org/stable/_images/sphx_glr_mathtext_examples_001.png]
[matplotlib.org/stable/_downloads/983012f0c1ca50a7d8560886c8b27470/mathtext_examples.ipynb]
[matplotlib.org/stable/_downloads/23eac6456b32a7aa35c13776e6b555a4/mathtext_examples.py]
[matplotlib.org/stable/_downloads/3a35875b1f3ffaca847532a67d848112/mathtext_examples.zip]
[matplotlib.org/stable/gallery/text_labels_and_annotations/mathtext_examples.html]
[matplotlib.org/stable/_images/sphx_glr_mathtext_fontfamily_example_001.png]
[matplotlib.org/stable/_downloads/d605f66c0b13fb65486ea1c2b748f14e/mathtext_fontfamily_example.ipynb]
[matplotlib.org/stable/_downloads/b2cb9eb5412482e7116e4d49ed1a77b7/mathtext_fontfamily_example.py]
[matplotlib.org/stable/_downloads/704961d83b3da01e0e1ea639903cee04/mathtext_fontfamily_example.zip]
[matplotlib.org/stable/gallery/text_labels_and_annotations/mathtext_fontfamily_example.html]
[matplotlib.org/stable/_images/sphx_glr_multiline_001.png]
[matplotlib.org/stable/_downloads/c6761544e9275747ef2762700a87d329/multiline.ipynb]
[matplotlib.org/stable/_downloads/54f178535adde28359d49641be996dbf/multiline.py]
[matplotlib.org/stable/_downloads/d0948ed345f18a030cd4a4fdb06ba3d1/multiline.zip]
[matplotlib.org/stable/gallery/text_labels_and_annotations/multiline.html]
[matplotlib.org/stable/_images/sphx_glr_placing_text_boxes_001.png]
[matplotlib.org/stable/_downloads/945a3cb57e8cb36e61dffbdec85bebfb/placing_text_boxes.ipynb]
[matplotlib.org/stable/_downloads/5791f26b231e858c2348b402b3931922/placing_text_boxes.py]
[matplotlib.org/stable/_downloads/524c7e814b0d5173365a0866b3586b3e/placing_text_boxes.zip]
[matplotlib.org/stable/gallery/text_labels_and_annotations/placing_text_boxes.html]
[matplotlib.org/stable/_images/sphx_glr_rainbow_text_001.png]
[matplotlib.org/stable/_downloads/088ca86d579a97933334b09cf8f9f03f/rainbow_text.ipynb]
[matplotlib.org/stable/_downloads/a5b6cfad5a914962a881f60a919c0ca7/rainbow_text.py]
[matplotlib.org/stable/_downloads/740c51cb6f3028eab042fed5164bfdbf/rainbow_text.zip]
[matplotlib.org/stable/gallery/text_labels_and_annotations/rainbow_text.html]
[matplotlib.org/stable/_images/sphx_glr_stix_fonts_demo_001.png]
[matplotlib.org/stable/_downloads/1581b4468d0238829e026731953b7caf/stix_fonts_demo.ipynb]
[matplotlib.org/stable/_downloads/23ab755716d61de16e37cb2c219347b1/stix_fonts_demo.py]
[matplotlib.org/stable/_downloads/0bb797d74d99c3838073aea823db33fe/stix_fonts_demo.zip]
[matplotlib.org/stable/gallery/text_labels_and_annotations/stix_fonts_demo.html]
[matplotlib.org/stable/_images/sphx_glr_tex_demo_002.png]
[matplotlib.org/stable/_downloads/84173137b190a55e7ea7a5a3a20037e1/tex_demo.ipynb]
[matplotlib.org/stable/_downloads/3e49b41bad58a5fe4ed136d033412e7c/tex_demo.py]
[matplotlib.org/stable/_downloads/23f9461a3f38495a2c49660e20f0ef34/tex_demo.zip]
[matplotlib.org/stable/gallery/text_labels_and_annotations/tex_demo.html]
[matplotlib.org/stable/_downloads/34b57850619635be59d7cd6efce83636/text_alignment-1.py]
[matplotlib.org/stable/_downloads/d1e6cc4abab17a9df4a4e155b6a13a3b/text_alignment-1.2x.png]
[matplotlib.org/stable/_downloads/9ace2c4b211a681cc795c4d18229934f/text_alignment-1.png]
[matplotlib.org/stable/_images/gallery-text_labels_and_annotations-text_alignment-1.2x.png]
[matplotlib.org/stable/_images/gallery-text_labels_and_annotations-text_alignment-1.png]
[matplotlib.org/stable/_images/sphx_glr_text_alignment_001.png]
[matplotlib.org/stable/_downloads/78978cde8f6f8ff3d132e70551f73977/text_alignment.ipynb]
[matplotlib.org/stable/_downloads/5cab53f2f56674b26cb1a8e3c1eeb899/text_alignment.py]
[matplotlib.org/stable/_downloads/3438cafcc0454d2246fd862faa196c71/text_alignment.zip]
[matplotlib.org/stable/gallery/text_labels_and_annotations/text_alignment.html]
[matplotlib.org/stable/_images/sphx_glr_text_commands_001.png]
[matplotlib.org/stable/_downloads/5802fa629e7e4209a281a26b2d799dde/text_commands.ipynb]
[matplotlib.org/stable/_downloads/467b5b3581cf7c3e6fe735585466276d/text_commands.py]
[matplotlib.org/stable/_downloads/5043b322d9e63270c1083deac8b32d51/text_commands.zip]
[matplotlib.org/stable/gallery/text_labels_and_annotations/text_commands.html]
[matplotlib.org/stable/_images/sphx_glr_text_fontdict_001.png]
[matplotlib.org/stable/_downloads/77fe2f922beea3ee690c61c6bf96e13f/text_fontdict.ipynb]
[matplotlib.org/stable/_downloads/26217c4473de44985babfe2e37d1d431/text_fontdict.py]
[matplotlib.org/stable/_downloads/04a6bde47d76891d5a78ff2aaf0ddee8/text_fontdict.zip]
[matplotlib.org/stable/gallery/text_labels_and_annotations/text_fontdict.html]
[matplotlib.org/stable/_images/sphx_glr_text_rotation_relative_to_line_001.png]
[matplotlib.org/stable/_downloads/6ffd4eee0efb8e96aa2912b8c6d1353a/text_rotation_relative_to_line.ipynb]
[matplotlib.org/stable/_downloads/ee1cbb890f9e69dbce9cce81e064a375/text_rotation_relative_to_line.py]
[matplotlib.org/stable/_downloads/e07a2e52b0efa5e34a7a10a4d6b0b549/text_rotation_relative_to_line.zip]
[matplotlib.org/stable/gallery/text_labels_and_annotations/text_rotation_relative_to_line.html]
[matplotlib.org/stable/_images/sphx_glr_titles_demo_001.png]
[matplotlib.org/stable/_images/sphx_glr_titles_demo_002.png]
[matplotlib.org/stable/users/explain/customizingca63.html]
[matplotlib.org/stable/_images/sphx_glr_titles_demo_003.png]
[matplotlib.org/stable/_downloads/5b2b339ceb70cb94f3c5fc4e7d486a64/titles_demo.ipynb]
[matplotlib.org/stable/_downloads/3f6f83882b13d7594b12c5868530ce0f/titles_demo.py]
[matplotlib.org/stable/_downloads/21cdb8b46bd32b586c10b6815ad355dd/titles_demo.zip]
[matplotlib.org/stable/gallery/text_labels_and_annotations/titles_demo.html]
[matplotlib.org/stable/users/explain/customizing3bd2.html]
[matplotlib.org/stable/_images/sphx_glr_unicode_minus_001.png]
[matplotlib.org/stable/_downloads/7a2c4b29da4ee41d4fc398fb9b1656ad/unicode_minus.ipynb]
[matplotlib.org/stable/_downloads/50ebbb8a676599f84ab33e447f10241d/unicode_minus.py]
[matplotlib.org/stable/_downloads/952186cb6d80262d4ccaa89c778a6f4d/unicode_minus.zip]
[matplotlib.org/stable/gallery/text_labels_and_annotations/unicode_minus.html]
[matplotlib.org/stable/_images/sphx_glr_usetex_baseline_test_001.png]
[matplotlib.org/stable/_downloads/a0801fb12a71ca3d339e0c8d90ca5e7b/usetex_baseline_test.ipynb]
[matplotlib.org/stable/_downloads/f7473146da331478160ed3d1f7355e2f/usetex_baseline_test.py]
[matplotlib.org/stable/_downloads/4a76a91df89ed363566e576b0d5c8069/usetex_baseline_test.zip]
[matplotlib.org/stable/gallery/text_labels_and_annotations/usetex_baseline_test.html]
[matplotlib.org/stable/_images/sphx_glr_usetex_fonteffects_001.png]
[matplotlib.org/stable/_downloads/5922844a937ba3ea01f2e9e8430fc37d/usetex_fonteffects.ipynb]
[matplotlib.org/stable/_downloads/163cd5cb6f89537551c83a99889e2adc/usetex_fonteffects.py]
[matplotlib.org/stable/_downloads/fa2ad12097eda79694092705d58674d9/usetex_fonteffects.zip]
[matplotlib.org/stable/gallery/text_labels_and_annotations/usetex_fonteffects.html]
[matplotlib.org/stable/_images/sphx_glr_watermark_text_001.png]
[matplotlib.org/stable/_downloads/979cd89bd7a256cbd436224cfe8073a3/watermark_text.ipynb]
[matplotlib.org/stable/_downloads/5882cc2b4c058b7b6cc23d60a0e9ba43/watermark_text.py]
[matplotlib.org/stable/_downloads/50d87a061628d52d8168eb9cd056511d/watermark_text.zip]
[matplotlib.org/stable/gallery/text_labels_and_annotations/watermark_text.html]
[matplotlib.org/stable/gallery/color/index.html]
[matplotlib.org/stable/_images/sphx_glr_color_demo_001.png]
[matplotlib.org/stable/_downloads/05cba99c136bdd8ec24d46ef4ed6ba80/color_demo.ipynb]
[matplotlib.org/stable/_downloads/0622457b6b860061b937fd5f8d899da8/color_demo.py]
[matplotlib.org/stable/_downloads/b65054cb3fd5a98199b8d7ac43eef5c9/color_demo.zip]
[matplotlib.org/stable/gallery/color/color_demo.html]
[matplotlib.org/stable/_images/sphx_glr_color_by_yvalue_001.png]
[matplotlib.org/stable/_downloads/10e79e961d6af2dfa2d6c7899afe8326/color_by_yvalue.ipynb]
[matplotlib.org/stable/_downloads/03190594ca1f6702e35730d7e22745c5/color_by_yvalue.py]
[matplotlib.org/stable/_downloads/66839ba7e10de6291c6bb5fc68257168/color_by_yvalue.zip]
[matplotlib.org/stable/gallery/color/color_by_yvalue.html]
[matplotlib.org/stable/_images/sphx_glr_color_cycle_default_001.png]
[matplotlib.org/stable/_downloads/12f988776a8f665343bd3a3e57058a9b/color_cycle_default.ipynb]
[matplotlib.org/stable/_downloads/233af54bee28814ae4bb34817226f0ea/color_cycle_default.py]
[matplotlib.org/stable/_downloads/0bec4b6ae179a8ba06f521bc1d4a5b4e/color_cycle_default.zip]
[matplotlib.org/stable/gallery/color/color_cycle_default.html]
[matplotlib.org/stable/_images/sphx_glr_color_sequences_001.png]
[matplotlib.org/stable/_downloads/8e0c9d0a9e51a5ef27dd8f57ce946e11/color_sequences.ipynb]
[matplotlib.org/stable/_downloads/9e70d40e9d045adb66bdd483958508f2/color_sequences.py]
[matplotlib.org/stable/_downloads/3a9f371660ae050f9b90d1304ac8f71e/color_sequences.zip]
[matplotlib.org/stable/gallery/color/color_sequences.html]
[matplotlib.org/stable/_images/sphx_glr_colorbar_basics_001.png]
[matplotlib.org/stable/_tags/component-colorbar.html]
[matplotlib.org/stable/_downloads/424a7cb6f32b2f8b69101c20554cf1de/colorbar_basics.ipynb]
[matplotlib.org/stable/_downloads/642498711ab58d6f80ef376a375dda14/colorbar_basics.py]
[matplotlib.org/stable/_downloads/7dc976a64d96595665512c8845bdcf26/colorbar_basics.zip]
[matplotlib.org/stable/gallery/color/colorbar_basics.html]
[matplotlib.org/stable/_images/sphx_glr_colormap_reference_001.png]
[matplotlib.org/stable/_images/sphx_glr_colormap_reference_002.png]
[matplotlib.org/stable/_images/sphx_glr_colormap_reference_003.png]
[matplotlib.org/stable/_images/sphx_glr_colormap_reference_004.png]
[matplotlib.org/stable/_images/sphx_glr_colormap_reference_005.png]
[matplotlib.org/stable/_images/sphx_glr_colormap_reference_006.png]
[matplotlib.org/stable/_images/sphx_glr_colormap_reference_007.png]
[matplotlib.org/stable/_images/sphx_glr_colormap_reference_008.png]
[matplotlib.org/stable/_tags/styling-colormap.html]
[matplotlib.org/stable/_downloads/ae2ae6268ccd7744803f2b64513ddf74/colormap_reference.ipynb]
[matplotlib.org/stable/_downloads/dd314a83577f446493e34d27a1ed8451/colormap_reference.py]
[matplotlib.org/stable/_downloads/e0a5a2285bdbf495ed4237f955e4e825/colormap_reference.zip]
[matplotlib.org/stable/gallery/color/colormap_reference.html]
[matplotlib.org/stable/_images/sphx_glr_custom_cmap_001.png]
[matplotlib.org/stable/_images/sphx_glr_custom_cmap_002.png]
[matplotlib.org/stable/_downloads/26f5b5c2451ffd373350d617a08d2e7d/custom_cmap.ipynb]
[matplotlib.org/stable/_downloads/fba15be770735fdb1b9272eaaf80104e/custom_cmap.py]
[matplotlib.org/stable/_downloads/5362b2cabb593f911a3d98f4e4fc612f/custom_cmap.zip]
[matplotlib.org/stable/gallery/color/custom_cmap.html]
[matplotlib.org/stable/_images/sphx_glr_individual_colors_from_cmap_001.png]
[matplotlib.org/stable/_images/sphx_glr_individual_colors_from_cmap_002.png]
[matplotlib.org/stable/_downloads/0733bde90fc614781827c1492842b18a/individual_colors_from_cmap.ipynb]
[matplotlib.org/stable/_downloads/b1c9924f6057db5fd639115816c61470/individual_colors_from_cmap.py]
[matplotlib.org/stable/_downloads/77c01f39ed73cfa255dde57fb373b30e/individual_colors_from_cmap.zip]
[matplotlib.org/stable/gallery/color/individual_colors_from_cmap.html]
[matplotlib.org/stable/_images/sphx_glr_named_colors_001.png]
[matplotlib.org/stable/_images/sphx_glr_named_colors_002.png]
[matplotlib.org/stable/_images/sphx_glr_named_colors_003.png]
[matplotlib.org/stable/_downloads/bad4569afffc59fab7369853eda950d9/named_colors.ipynb]
[matplotlib.org/stable/_downloads/861cf0b07b083f3c44ddd625a0e99000/named_colors.py]
[matplotlib.org/stable/_downloads/93afd368b21efcbac3b47023e40fffc9/named_colors.zip]
[matplotlib.org/stable/gallery/color/named_colors.html]
[matplotlib.org/stable/_images/sphx_glr_set_alpha_001.png]
[matplotlib.org/stable/_downloads/3ef845f9a2adcd4ab9114e0f796b40ae/set_alpha.ipynb]
[matplotlib.org/stable/_downloads/8ac9df75950acff1ebf040a1d2761824/set_alpha.py]
[matplotlib.org/stable/_downloads/8ce35c0c5f9e0ce890695337afad6ce9/set_alpha.zip]
[matplotlib.org/stable/gallery/color/set_alpha.html]
[matplotlib.org/stable/gallery/shapes_and_collections/index.html]
[matplotlib.org/stable/_images/sphx_glr_arrow_guide_001.png]
[matplotlib.org/stable/_images/sphx_glr_arrow_guide_002.png]
[matplotlib.org/stable/_images/sphx_glr_arrow_guide_003.png]
[matplotlib.org/stable/_downloads/578d1f39fb2f856effcd9fa4221cee9b/arrow_guide.ipynb]
[matplotlib.org/stable/_downloads/c39f9f8d3e9365cef90ba58badb9c0be/arrow_guide.py]
[matplotlib.org/stable/_downloads/ccceb104f9680673035f7018ad2ddc5e/arrow_guide.zip]
[matplotlib.org/stable/gallery/shapes_and_collections/arrow_guide.html]
[matplotlib.org/stable/_images/sphx_glr_artist_reference_001.png]
[matplotlib.org/stable/_downloads/8ecdfd594df7e4d6632cf5ae2d9a5764/artist_reference.ipynb]
[matplotlib.org/stable/_downloads/57b7f4e80c39d1b607caeb4ddb875a88/artist_reference.py]
[matplotlib.org/stable/_downloads/59674c06193260f18e0a5a2f13138206/artist_reference.zip]
[matplotlib.org/stable/gallery/shapes_and_collections/artist_reference.html]
[matplotlib.org/stable/_images/sphx_glr_collections_001.png]
[matplotlib.org/stable/_downloads/c1fdd4c65339ba1e6d8e9045b456eb06/collections.ipynb]
[matplotlib.org/stable/_downloads/630514b3cff2ab2df9eb51e7c5cea20b/collections.py]
[matplotlib.org/stable/_downloads/9b645918e832c122bc6d2d8e54c63695/collections.zip]
[matplotlib.org/stable/gallery/shapes_and_collections/collections.html]
[matplotlib.org/stable/_images/sphx_glr_compound_path_001.png]
[matplotlib.org/stable/_downloads/59028c7eeed49045809591f183876c57/compound_path.ipynb]
[matplotlib.org/stable/_downloads/2093d89024338e445161580da8e68837/compound_path.py]
[matplotlib.org/stable/_downloads/46c88e91656f97ee893dd0249d97eeb5/compound_path.zip]
[matplotlib.org/stable/gallery/shapes_and_collections/compound_path.html]
[matplotlib.org/stable/_images/sphx_glr_dolphin_001.png]
[matplotlib.org/stable/_downloads/b4f7b74609121e23ec259b94a685c667/dolphin.ipynb]
[matplotlib.org/stable/_downloads/10d104944eed9df046d0a9efa3257590/dolphin.py]
[matplotlib.org/stable/_downloads/4e5c1b1e8a08c87d76685bf2f094a03f/dolphin.zip]
[matplotlib.org/stable/gallery/shapes_and_collections/dolphin.html]
[matplotlib.org/stable/_images/sphx_glr_donut_001.png]
[matplotlib.org/stable/_downloads/16f80547fd46301cee5c6aee0e2ca160/donut.ipynb]
[matplotlib.org/stable/_downloads/77d9fa1895777883fc8274b1bdce1579/donut.py]
[matplotlib.org/stable/_downloads/9d4caa8a330e2cd65fcba80142e60be4/donut.zip]
[matplotlib.org/stable/gallery/shapes_and_collections/donut.html]
[matplotlib.org/stable/_images/sphx_glr_ellipse_arrow_001.png]
[matplotlib.org/stable/_downloads/a3262b8c2b73257ec928a41efbf2c3ec/ellipse_arrow.ipynb]
[matplotlib.org/stable/_downloads/fb232f1d61103dbdcc09a95b875bcce7/ellipse_arrow.py]
[matplotlib.org/stable/_downloads/8ea200449280481d5dccca21ba7506d1/ellipse_arrow.zip]
[matplotlib.org/stable/gallery/shapes_and_collections/ellipse_arrow.html]
[matplotlib.org/stable/_images/sphx_glr_ellipse_collection_001.png]
[matplotlib.org/stable/_downloads/7b0f509c752f8ccc41afab443f524854/ellipse_collection.ipynb]
[matplotlib.org/stable/_downloads/bceb4b9f5e5ac5d82ae5766799c93e0e/ellipse_collection.py]
[matplotlib.org/stable/_downloads/e8cf2f5973f6ecffa51835f1ff9028f8/ellipse_collection.zip]
[matplotlib.org/stable/gallery/shapes_and_collections/ellipse_collection.html]
[matplotlib.org/stable/_images/sphx_glr_ellipse_demo_001.png]
[matplotlib.org/stable/_images/sphx_glr_ellipse_demo_002.png]
[matplotlib.org/stable/_downloads/a3de40e57ef69c154a4856d1f21f1a53/ellipse_demo.ipynb]
[matplotlib.org/stable/_downloads/31fa58ec8d6c8fd749693c492182e91e/ellipse_demo.py]
[matplotlib.org/stable/_downloads/14a795d49aab094d4b83174f17418bf2/ellipse_demo.zip]
[matplotlib.org/stable/gallery/shapes_and_collections/ellipse_demo.html]
[matplotlib.org/stable/_images/sphx_glr_fancybox_demo_002.png]
[matplotlib.org/stable/_images/sphx_glr_fancybox_demo_003.png]
[matplotlib.org/stable/_downloads/210021ff118a667d0bea86dcb158be37/fancybox_demo.ipynb]
[matplotlib.org/stable/_downloads/bf03b3b7a1c4e04acbb2d88dcedc0f39/fancybox_demo.py]
[matplotlib.org/stable/_downloads/c6246b2650c326bee2b88818b710c78d/fancybox_demo.zip]
[matplotlib.org/stable/gallery/shapes_and_collections/fancybox_demo.html]
[matplotlib.org/stable/_images/sphx_glr_hatch_demo_001.png]
[matplotlib.org/stable/_downloads/ce6efd42f86b4acf02ad01757a206da3/hatch_demo.ipynb]
[matplotlib.org/stable/_downloads/5b3124f09b7e3e5b644a2408570d7f9b/hatch_demo.py]
[matplotlib.org/stable/_downloads/a137b15f9521d9fbf98392c150460083/hatch_demo.zip]
[matplotlib.org/stable/gallery/shapes_and_collections/hatch_demo.html]
[matplotlib.org/stable/_images/sphx_glr_hatch_style_reference_001.png]
[matplotlib.org/stable/_images/sphx_glr_hatch_style_reference_002.png]
[matplotlib.org/stable/_images/sphx_glr_hatch_style_reference_003.png]
[matplotlib.org/stable/_downloads/00fb9b6278ae3996d0eda53a7198ae42/hatch_style_reference.ipynb]
[matplotlib.org/stable/_downloads/8001758ca7a6a0a62185dff602f25056/hatch_style_reference.py]
[matplotlib.org/stable/_downloads/e84542c87c556ca1759485c226faca56/hatch_style_reference.zip]
[matplotlib.org/stable/gallery/shapes_and_collections/hatch_style_reference.html]
[matplotlib.org/stable/_images/sphx_glr_line_collection_001.png]
[matplotlib.org/stable/_images/sphx_glr_line_collection_002.png]
[matplotlib.org/stable/_downloads/0017d0c84e03d6c5e463e23d8e570671/line_collection.ipynb]
[matplotlib.org/stable/_downloads/5086e85997e1d0406d173665660629da/line_collection.py]
[matplotlib.org/stable/_downloads/9057316dc6fd0ba668f6c9a9b9983361/line_collection.zip]
[matplotlib.org/stable/gallery/shapes_and_collections/line_collection.html]
[matplotlib.org/stable/_images/sphx_glr_patch_collection_001.png]
[matplotlib.org/stable/_downloads/eecce69251db7f6fa0b2442cad0f9e9f/patch_collection.ipynb]
[matplotlib.org/stable/_downloads/2f6e22c5f0dbcf5e7b461fcc905783c5/patch_collection.py]
[matplotlib.org/stable/_downloads/2fb556060f52a38f89a875b19f91b536/patch_collection.zip]
[matplotlib.org/stable/gallery/shapes_and_collections/patch_collection.html]
[matplotlib.org/stable/_images/sphx_glr_path_patch_001.png]
[matplotlib.org/stable/_downloads/2a1546a6e0f3ce3734cafdfa34700ca3/path_patch.ipynb]
[matplotlib.org/stable/_downloads/4a648ef9456f696258a19b26debbbdcc/path_patch.py]
[matplotlib.org/stable/_downloads/38b21672c33f5987e1dc3a1c7175031d/path_patch.zip]
[matplotlib.org/stable/gallery/shapes_and_collections/path_patch.html]
[matplotlib.org/stable/_images/sphx_glr_quad_bezier_001.png]
[matplotlib.org/stable/_downloads/d66c3af865863890580b2d3a7257664d/quad_bezier.ipynb]
[matplotlib.org/stable/_downloads/64b72931ba7d2523dcf12bc573b095f0/quad_bezier.py]
[matplotlib.org/stable/_downloads/d13c768f09fad23dfab5aa7cce2c0268/quad_bezier.zip]
[matplotlib.org/stable/gallery/shapes_and_collections/quad_bezier.html]
[matplotlib.org/stable/_images/sphx_glr_scatter_001.png]
[matplotlib.org/stable/_downloads/f11eb6d5249a880d9214fbae8ae42aec/scatter.ipynb]
[matplotlib.org/stable/_downloads/bfeb934bd7e87a776c31ca73c7218c9e/scatter.py]
[matplotlib.org/stable/_downloads/200fac0c3afaa3df42757a3a2cb5edaf/scatter.zip]
[matplotlib.org/stable/gallery/shapes_and_collections/scatter.html]
[matplotlib.org/stable/gallery/style_sheets/index.html]
[matplotlib.org/stable/_images/sphx_glr_bmh_001.png]
[matplotlib.org/stable/_downloads/aefe67fccc81f0455ed685d49e971186/bmh.ipynb]
[matplotlib.org/stable/_downloads/3c5b4af7f815cc5a3cf3d24e847a393c/bmh.py]
[matplotlib.org/stable/_downloads/61e6f65e765cbd20d075437f0b3656c8/bmh.zip]
[matplotlib.org/stable/gallery/style_sheets/bmh.html]
[matplotlib.org/stable/_images/sphx_glr_dark_background_001.png]
[matplotlib.org/stable/_downloads/20d6f403df4b7e675dea9b948e33e6ca/dark_background.ipynb]
[matplotlib.org/stable/_downloads/0cee8bd2570d6fd96a0625bedd56b764/dark_background.py]
[matplotlib.org/stable/_downloads/e57efc92f45b2d8b9812da3a9e7680b3/dark_background.zip]
[matplotlib.org/stable/gallery/style_sheets/dark_background.html]
[matplotlib.org/stable/_images/sphx_glr_fivethirtyeight_001.png]
[matplotlib.org/stable/_downloads/0ffeb94aa4c80c1016f9f23e8b898337/fivethirtyeight.ipynb]
[matplotlib.org/stable/_downloads/d4e260f77c291c8033ec515c25bc676d/fivethirtyeight.py]
[matplotlib.org/stable/_downloads/a471e6388d9f735dfb0b1fcae8c25e3a/fivethirtyeight.zip]
[matplotlib.org/stable/gallery/style_sheets/fivethirtyeight.html]
[matplotlib.org/stable/_images/sphx_glr_ggplot_001.png]
[matplotlib.org/stable/_downloads/5a53966d7b072eb57e94eccadaa59abb/ggplot.ipynb]
[matplotlib.org/stable/_downloads/72d9c8d6175bf589e501a67cc9e8e654/ggplot.py]
[matplotlib.org/stable/_downloads/1fa033f5d845fc01ec94e0eccdc0cc69/ggplot.zip]
[matplotlib.org/stable/gallery/style_sheets/ggplot.html]
[matplotlib.org/stable/_images/sphx_glr_grayscale_001.png]
[matplotlib.org/stable/_downloads/ab0b1da4943283af1cc3dae6b2a017d0/grayscale.ipynb]
[matplotlib.org/stable/_downloads/b302bd743b7e069a18575b6e8622c527/grayscale.py]
[matplotlib.org/stable/_downloads/9f331524427a017b6a29ab0b0af449b0/grayscale.zip]
[matplotlib.org/stable/gallery/style_sheets/grayscale.html]
[matplotlib.org/stable/_images/sphx_glr_petroff10_001.png]
[matplotlib.org/stable/_downloads/7579f6571f658ca6f415183c275c1d80/petroff10.ipynb]
[matplotlib.org/stable/_downloads/e2c39e6f3401571735d4016ca6837593/petroff10.py]
[matplotlib.org/stable/_downloads/64ba42d315309c6f41dcd62374245f29/petroff10.zip]
[matplotlib.org/stable/gallery/style_sheets/petroff10.html]
[matplotlib.org/stable/_images/sphx_glr_plot_solarizedlight2_001.png]
[matplotlib.org/stable/_downloads/d12aab149ad2b04d0a069d36555f43b6/plot_solarizedlight2.ipynb]
[matplotlib.org/stable/_downloads/ec2716e1888eee027c7e9752b6db8fff/plot_solarizedlight2.py]
[matplotlib.org/stable/_downloads/a59d5edc8454d8aeb0ff72354c730b0c/plot_solarizedlight2.zip]
[matplotlib.org/stable/gallery/style_sheets/plot_solarizedlight2.html]
[matplotlib.org/stable/_images/sphx_glr_style_sheets_reference_001.png]
[matplotlib.org/stable/_images/sphx_glr_style_sheets_reference_002.png]
[matplotlib.org/stable/_images/sphx_glr_style_sheets_reference_003.png]
[matplotlib.org/stable/_images/sphx_glr_style_sheets_reference_004.png]
[matplotlib.org/stable/_images/sphx_glr_style_sheets_reference_005.png]
[matplotlib.org/stable/_images/sphx_glr_style_sheets_reference_006.png]
[matplotlib.org/stable/_images/sphx_glr_style_sheets_reference_007.png]
[matplotlib.org/stable/_images/sphx_glr_style_sheets_reference_008.png]
[matplotlib.org/stable/_images/sphx_glr_style_sheets_reference_009.png]
[matplotlib.org/stable/_images/sphx_glr_style_sheets_reference_010.png]
[matplotlib.org/stable/_images/sphx_glr_style_sheets_reference_011.png]
[matplotlib.org/stable/_images/sphx_glr_style_sheets_reference_012.png]
[matplotlib.org/stable/_images/sphx_glr_style_sheets_reference_013.png]
[matplotlib.org/stable/_images/sphx_glr_style_sheets_reference_014.png]
[matplotlib.org/stable/_images/sphx_glr_style_sheets_reference_015.png]
[matplotlib.org/stable/_images/sphx_glr_style_sheets_reference_016.png]
[matplotlib.org/stable/_images/sphx_glr_style_sheets_reference_017.png]
[matplotlib.org/stable/_images/sphx_glr_style_sheets_reference_018.png]
[matplotlib.org/stable/_images/sphx_glr_style_sheets_reference_019.png]
[matplotlib.org/stable/_images/sphx_glr_style_sheets_reference_020.png]
[matplotlib.org/stable/_images/sphx_glr_style_sheets_reference_021.png]
[matplotlib.org/stable/_images/sphx_glr_style_sheets_reference_022.png]
[matplotlib.org/stable/_images/sphx_glr_style_sheets_reference_023.png]
[matplotlib.org/stable/_images/sphx_glr_style_sheets_reference_024.png]
[matplotlib.org/stable/_images/sphx_glr_style_sheets_reference_025.png]
[matplotlib.org/stable/_images/sphx_glr_style_sheets_reference_026.png]
[matplotlib.org/stable/_images/sphx_glr_style_sheets_reference_027.png]
[matplotlib.org/stable/_downloads/5580fb11601e7fea671cda489866cdb8/style_sheets_reference.ipynb]
[matplotlib.org/stable/_downloads/3b8638526d6f09e07d6f2914f17daed1/style_sheets_reference.py]
[matplotlib.org/stable/_downloads/5eb470670c5eca815219f689acb6b63e/style_sheets_reference.zip]
[matplotlib.org/stable/gallery/style_sheets/style_sheets_reference.html]
[matplotlib.org/stable/gallery/pyplots/index.html]
[matplotlib.org/stable/_images/sphx_glr_pyplot_simple_001.png]
[matplotlib.org/stable/_downloads/6362a993ca8741ffc7f8ce87c14d889d/pyplot_simple.ipynb]
[matplotlib.org/stable/_downloads/b506995d6dc3b4863bc9e8b4ac6b6613/pyplot_simple.py]
[matplotlib.org/stable/_downloads/8d01dbded810f50f0c5b08fefe1cae68/pyplot_simple.zip]
[matplotlib.org/stable/gallery/pyplots/pyplot_simple.html]
[matplotlib.org/stable/_images/sphx_glr_pyplot_text_001.png]
[matplotlib.org/stable/_downloads/b51edb915fd1fddf45f365a736c6a174/pyplot_text.ipynb]
[matplotlib.org/stable/_downloads/d348774266db78e5bad380d4ae2a2121/pyplot_text.py]
[matplotlib.org/stable/_downloads/abd12027d222f1c2a83a2a42d7b41188/pyplot_text.zip]
[matplotlib.org/stable/gallery/pyplots/pyplot_text.html]
[matplotlib.org/stable/_images/sphx_glr_pyplot_three_001.png]
[matplotlib.org/stable/_downloads/da6930bc5421b788de76bab0070fb56a/pyplot_three.ipynb]
[matplotlib.org/stable/_downloads/b16ce021cb7f9ac8f732993258b592b5/pyplot_three.py]
[matplotlib.org/stable/_downloads/6fd4b65a30fa5ad39b5eabe7a93edfb9/pyplot_three.zip]
[matplotlib.org/stable/gallery/pyplots/pyplot_three.html]
[matplotlib.org/stable/_images/sphx_glr_pyplot_two_subplots_001.png]
[matplotlib.org/stable/_downloads/33e6572e0be1b2c8c9dbcb23daf04dd4/pyplot_two_subplots.ipynb]
[matplotlib.org/stable/_downloads/26dd75d958753b0dc3d58b734bcb6c14/pyplot_two_subplots.py]
[matplotlib.org/stable/_downloads/37d70986a7a7fe4549b80fb7ee5f7dd4/pyplot_two_subplots.zip]
[matplotlib.org/stable/gallery/pyplots/pyplot_two_subplots.html]
[matplotlib.org/stable/gallery/axes_grid1/index.html]
[matplotlib.org/stable/_images/sphx_glr_demo_anchored_direction_arrows_001.png]
[matplotlib.org/stable/_downloads/af125fa66a3ddaf7ff8145913de95397/demo_anchored_direction_arrows.ipynb]
[matplotlib.org/stable/_downloads/82ac862070a073a69fc9b974db5ab46b/demo_anchored_direction_arrows.py]
[matplotlib.org/stable/_downloads/b464a80bb9f43fc4250570849b2e4a86/demo_anchored_direction_arrows.zip]
[matplotlib.org/stable/gallery/axes_grid1/demo_anchored_direction_arrows.html]
[matplotlib.org/stable/_images/sphx_glr_demo_axes_divider_001.png]
[matplotlib.org/stable/_downloads/28d949c0d06f2ed62eb1d10112c36bc5/demo_axes_divider.ipynb]
[matplotlib.org/stable/_downloads/52e9d9c67d12b0707ec2ebfda10937f5/demo_axes_divider.py]
[matplotlib.org/stable/_downloads/5e2cd26138680564e2aac4c749270532/demo_axes_divider.zip]
[matplotlib.org/stable/gallery/axes_grid1/demo_axes_divider.html]
[matplotlib.org/stable/_downloads/6174472b158bd25cca1b3b86e7439a3c/demo_axes_grid.ipynb]
[matplotlib.org/stable/_downloads/e59c7fc1ea02b23c213a2688aba898cc/demo_axes_grid.py]
[matplotlib.org/stable/_downloads/7227629c58305dc576daa5c7d55feb1d/demo_axes_grid.zip]
[matplotlib.org/stable/gallery/axes_grid1/demo_axes_grid.html]
[matplotlib.org/stable/_images/sphx_glr_demo_axes_grid2_001.png]
[matplotlib.org/stable/_downloads/33e9e63a8ae362ca719df5cfd81d735e/demo_axes_grid2.ipynb]
[matplotlib.org/stable/_downloads/5fc19bc53f353b5d6f24bdca17a4c140/demo_axes_grid2.py]
[matplotlib.org/stable/_downloads/66ee71bdff7c61d7efe599909c728163/demo_axes_grid2.zip]
[matplotlib.org/stable/gallery/axes_grid1/demo_axes_grid2.html]
[matplotlib.org/stable/_images/sphx_glr_demo_axes_hbox_divider_001.png]
[matplotlib.org/stable/_images/sphx_glr_demo_axes_hbox_divider_002.png]
[matplotlib.org/stable/_downloads/d43f7abc86ae3d0af10ddabd4317f06b/demo_axes_hbox_divider.ipynb]
[matplotlib.org/stable/_downloads/d068f88cea39314c1b79c61e63f18720/demo_axes_hbox_divider.py]
[matplotlib.org/stable/_downloads/9739909e095a30b43ae23ebb62aef816/demo_axes_hbox_divider.zip]
[matplotlib.org/stable/gallery/axes_grid1/demo_axes_hbox_divider.html]
[matplotlib.org/stable/_images/sphx_glr_demo_axes_rgb_002.png]
[matplotlib.org/stable/_downloads/c9fef393db074eeb1b3e493b4a4b8bee/demo_axes_rgb.ipynb]
[matplotlib.org/stable/_downloads/d4f8e826c13bbb870ffee065e8625f5d/demo_axes_rgb.py]
[matplotlib.org/stable/_downloads/27a208375a52671f733d4e531bd1d6b1/demo_axes_rgb.zip]
[matplotlib.org/stable/gallery/axes_grid1/demo_axes_rgb.html]
[matplotlib.org/stable/_downloads/330f1d6a11f1f4baddf7fdd10f1ba589/demo_colorbar_with_axes_divider.ipynb]
[matplotlib.org/stable/_downloads/cec7ab65767ff5217c21ae213755cda8/demo_colorbar_with_axes_divider.py]
[matplotlib.org/stable/_downloads/e555d3cb1914a100553ede0d417c37fc/demo_colorbar_with_axes_divider.zip]
[matplotlib.org/stable/gallery/axes_grid1/demo_colorbar_with_axes_divider.html]
[matplotlib.org/stable/_images/sphx_glr_demo_colorbar_with_inset_locator_001.png]
[matplotlib.org/stable/_downloads/9084981113f3192721fe8f707418ceae/demo_colorbar_with_inset_locator.ipynb]
[matplotlib.org/stable/_downloads/fef8ebea91f3e2d936a0356c1b573cd8/demo_colorbar_with_inset_locator.py]
[matplotlib.org/stable/_downloads/29f64de712d58edc87c63edf1732d639/demo_colorbar_with_inset_locator.zip]
[matplotlib.org/stable/gallery/axes_grid1/demo_colorbar_with_inset_locator.html]
[matplotlib.org/stable/_images/sphx_glr_demo_edge_colorbar_001.png]
[matplotlib.org/stable/_downloads/756a9dd7cf31f2e15bd35724d7a53ade/demo_edge_colorbar.ipynb]
[matplotlib.org/stable/_downloads/c58f7f66a7206520d8eef2c5a8a20d72/demo_edge_colorbar.py]
[matplotlib.org/stable/_downloads/9ac9f25ffafd4c4eeb8a8812d0d4ef12/demo_edge_colorbar.zip]
[matplotlib.org/stable/gallery/axes_grid1/demo_edge_colorbar.html]
[matplotlib.org/stable/_images/sphx_glr_demo_fixed_size_axes_001.png]
[matplotlib.org/stable/_images/sphx_glr_demo_fixed_size_axes_002.png]
[matplotlib.org/stable/_downloads/168e63cc0650bc4cb6a1765cbd2de991/demo_fixed_size_axes.ipynb]
[matplotlib.org/stable/_downloads/88a68d33e6dc95f3756002ca22961251/demo_fixed_size_axes.py]
[matplotlib.org/stable/_downloads/18af70ae5d06cb39562a637f75056b3b/demo_fixed_size_axes.zip]
[matplotlib.org/stable/gallery/axes_grid1/demo_fixed_size_axes.html]
[matplotlib.org/stable/_images/sphx_glr_demo_imagegrid_aspect_001.png]
[matplotlib.org/stable/_downloads/0ee0adc8f070d8fba4a152e1b4545f52/demo_imagegrid_aspect.ipynb]
[matplotlib.org/stable/_downloads/833e25177c1678266fcda4fb016bbcd7/demo_imagegrid_aspect.py]
[matplotlib.org/stable/_downloads/302286fdaef79280cf2d2745e572978b/demo_imagegrid_aspect.zip]
[matplotlib.org/stable/gallery/axes_grid1/demo_imagegrid_aspect.html]
[matplotlib.org/stable/_images/sphx_glr_inset_locator_demo_002.png]
[matplotlib.org/stable/_images/sphx_glr_inset_locator_demo_003.png]
[matplotlib.org/stable/_downloads/c62e99ea33f0dc4137dc1a890be60664/inset_locator_demo.ipynb]
[matplotlib.org/stable/_downloads/f8248729044d7fef8f20a43731251e38/inset_locator_demo.py]
[matplotlib.org/stable/_downloads/85a98be95e7eb886bc0fca3662906c35/inset_locator_demo.zip]
[matplotlib.org/stable/gallery/axes_grid1/inset_locator_demo.html]
[matplotlib.org/stable/_downloads/197a48d2414aabb049ec6cec4466cb1b/inset_locator_demo2.ipynb]
[matplotlib.org/stable/_downloads/ffced02a69365d873f495b7cd6725498/inset_locator_demo2.py]
[matplotlib.org/stable/_downloads/b9f2eea303fdccfd62db6062746cff5a/inset_locator_demo2.zip]
[matplotlib.org/stable/gallery/axes_grid1/inset_locator_demo2.html]
[matplotlib.org/stable/_images/sphx_glr_make_room_for_ylabel_using_axesgrid_001.png]
[matplotlib.org/stable/_images/sphx_glr_make_room_for_ylabel_using_axesgrid_002.png]
[matplotlib.org/stable/_images/sphx_glr_make_room_for_ylabel_using_axesgrid_003.png]
[matplotlib.org/stable/_downloads/673eb94321c0a9961bd707dd0167411f/make_room_for_ylabel_using_axesgrid.ipynb]
[matplotlib.org/stable/_downloads/21d8ee22ee349956af371690a5d55865/make_room_for_ylabel_using_axesgrid.py]
[matplotlib.org/stable/_downloads/c3efbfa3847f54e06983ee9363637bf2/make_room_for_ylabel_using_axesgrid.zip]
[matplotlib.org/stable/gallery/axes_grid1/make_room_for_ylabel_using_axesgrid.html]
[matplotlib.org/stable/_downloads/b967947099d9f462e3e83f5df8d24deb/parasite_simple.ipynb]
[matplotlib.org/stable/_downloads/88ad12e90a4c8c93f13b433c0f9c244f/parasite_simple.py]
[matplotlib.org/stable/_downloads/05bf029abbced514a0d6a38f4a3c7763/parasite_simple.zip]
[matplotlib.org/stable/gallery/axes_grid1/parasite_simple.html]
[matplotlib.org/stable/_downloads/266c634177141fb6b6bf2761e0e9c9b7/parasite_simple2.ipynb]
[matplotlib.org/stable/_downloads/7cde5ea64c654f0494cddafd39449630/parasite_simple2.py]
[matplotlib.org/stable/_downloads/35158d6bd322e45227a0fbbb043e7ae6/parasite_simple2.zip]
[matplotlib.org/stable/gallery/axes_grid1/parasite_simple2.html]
[matplotlib.org/stable/_downloads/ce58e233c1662384003e44d9764e0860/scatter_hist_locatable_axes.ipynb]
[matplotlib.org/stable/_downloads/51e912a5cf217f8c6647ebf9f5539d38/scatter_hist_locatable_axes.py]
[matplotlib.org/stable/_downloads/810bafa4f7fbc07fb5d0033afb7651fc/scatter_hist_locatable_axes.zip]
[matplotlib.org/stable/gallery/axes_grid1/scatter_hist_locatable_axes.html]
[matplotlib.org/stable/_downloads/60a275fed4e33280111ae513fc2e5c8d/simple_anchored_artists.ipynb]
[matplotlib.org/stable/_downloads/7aa510be32a5c72df8a01d67a5890deb/simple_anchored_artists.py]
[matplotlib.org/stable/_downloads/eeede8248af1d1b094f3bdac859e26c5/simple_anchored_artists.zip]
[matplotlib.org/stable/gallery/axes_grid1/simple_anchored_artists.html]
[matplotlib.org/stable/_images/sphx_glr_simple_axes_divider1_002.png]
[matplotlib.org/stable/_downloads/c0effe5b6480bde8e7380adda1adce3a/simple_axes_divider1.ipynb]
[matplotlib.org/stable/_downloads/43ee01b4b62cb46e1521f86c6de1a0a4/simple_axes_divider1.py]
[matplotlib.org/stable/_downloads/a2632b9289477775b3c280e95d12d190/simple_axes_divider1.zip]
[matplotlib.org/stable/gallery/axes_grid1/simple_axes_divider1.html]
[matplotlib.org/stable/_downloads/a5b07b02cbcb6a67ca2c623a32262d00/simple_axes_divider3.ipynb]
[matplotlib.org/stable/_downloads/bb0580289006b321b47cf070fd5c1bfb/simple_axes_divider3.py]
[matplotlib.org/stable/_downloads/71c874b5e7b315eced3bacfde651bd71/simple_axes_divider3.zip]
[matplotlib.org/stable/gallery/axes_grid1/simple_axes_divider3.html]
[matplotlib.org/stable/_downloads/62b471e9287f2bde747eca15d2e118c3/simple_axesgrid.ipynb]
[matplotlib.org/stable/_downloads/c28e31130cca60f0a4ac710f3fbf96c8/simple_axesgrid.py]
[matplotlib.org/stable/_downloads/a69e0dee607f3a118f80ab8f1eb2c3e7/simple_axesgrid.zip]
[matplotlib.org/stable/gallery/axes_grid1/simple_axesgrid.html]
[matplotlib.org/stable/_downloads/8dc60936fa60b19b78710960b1abf368/simple_axesgrid2.ipynb]
[matplotlib.org/stable/_downloads/a6da60ccaa4eeba18fd39bf89cef94aa/simple_axesgrid2.py]
[matplotlib.org/stable/_downloads/4c971d5ab46343f7422bbc3487609867/simple_axesgrid2.zip]
[matplotlib.org/stable/gallery/axes_grid1/simple_axesgrid2.html]
[matplotlib.org/stable/_downloads/250a765bdbbf8239771ca7c6b61ac825/simple_axisline4.ipynb]
[matplotlib.org/stable/_downloads/416437b16432ec060b1f3910fdfe5d78/simple_axisline4.py]
[matplotlib.org/stable/_downloads/fc7a01e9c3541dcdfd66811859c3fca3/simple_axisline4.zip]
[matplotlib.org/stable/gallery/axes_grid1/simple_axisline4.html]
[matplotlib.org/stable/gallery/axisartist/index.html]
[matplotlib.org/stable/_downloads/39702943e00ca5fd78cba125b2b0ba86/axis_direction.ipynb]
[matplotlib.org/stable/_downloads/3d8125065415e7722e62573de9ae1073/axis_direction.py]
[matplotlib.org/stable/_downloads/186d9b97c0bb2964c5c878bc7f6f2e25/axis_direction.zip]
[matplotlib.org/stable/gallery/axisartist/axis_direction.html]
[matplotlib.org/stable/_downloads/6c12378081cacdc3722f0f83cc7d33b7/demo_axis_direction.ipynb]
[matplotlib.org/stable/_downloads/a209d398996b5e5fa1542119df3c251c/demo_axis_direction.py]
[matplotlib.org/stable/_downloads/1c80899d074a2ef4d5096298cfab56c1/demo_axis_direction.zip]
[matplotlib.org/stable/gallery/axisartist/demo_axis_direction.html]
[matplotlib.org/stable/_images/sphx_glr_demo_axisline_style_001.png]
[matplotlib.org/stable/_downloads/568063a054e4068b855cef34d3b037b5/demo_axisline_style.ipynb]
[matplotlib.org/stable/_downloads/2efbf158321b6ee9b59fa6e4e5367de6/demo_axisline_style.py]
[matplotlib.org/stable/_downloads/7ead436ada2af17b58cf66744f0ae202/demo_axisline_style.zip]
[matplotlib.org/stable/gallery/axisartist/demo_axisline_style.html]
[matplotlib.org/stable/_downloads/c489281f9c2c188621a9c8ede846c392/demo_curvelinear_grid.ipynb]
[matplotlib.org/stable/_downloads/0dff3dd67468123eb00b27dd85176840/demo_curvelinear_grid.py]
[matplotlib.org/stable/_downloads/f2aa14dd0210669ddd68a3101d7e6d24/demo_curvelinear_grid.zip]
[matplotlib.org/stable/gallery/axisartist/demo_curvelinear_grid.html]
[matplotlib.org/stable/_images/sphx_glr_demo_curvelinear_grid2_001.png]
[matplotlib.org/stable/_downloads/e14ab5a33ba3f97dd9fd03e78f38006f/demo_curvelinear_grid2.ipynb]
[matplotlib.org/stable/_downloads/0466e9045f8fe3100f98c2a3b536994c/demo_curvelinear_grid2.py]
[matplotlib.org/stable/_downloads/646eee8362effab86287e6830c0d8320/demo_curvelinear_grid2.zip]
[matplotlib.org/stable/gallery/axisartist/demo_curvelinear_grid2.html]
[matplotlib.org/stable/_downloads/36b7941182e5d255435b53dc79679cc3/demo_floating_axes.ipynb]
[matplotlib.org/stable/_downloads/c53046419d84d1eb912e1ce17dcc1789/demo_floating_axes.py]
[matplotlib.org/stable/_downloads/3680ca0f565c46eba7215b4b75100fa9/demo_floating_axes.zip]
[matplotlib.org/stable/gallery/axisartist/demo_floating_axes.html]
[matplotlib.org/stable/_downloads/351e8891cc51b0c7e3cfc853e74e25b5/demo_floating_axis.ipynb]
[matplotlib.org/stable/_downloads/12927e05bde893cbae7f16aaed1b87eb/demo_floating_axis.py]
[matplotlib.org/stable/_downloads/db143fff850fb80f4b0cdd2977de7ae0/demo_floating_axis.zip]
[matplotlib.org/stable/gallery/axisartist/demo_floating_axis.html]
[matplotlib.org/stable/_images/sphx_glr_demo_parasite_axes_001.png]
[matplotlib.org/stable/_downloads/91da0f31756f11cccb3fc31afb600c4d/demo_parasite_axes.ipynb]
[matplotlib.org/stable/_downloads/5922b9d93b49d592301af79dfdddf7de/demo_parasite_axes.py]
[matplotlib.org/stable/_downloads/cc3a713011a81447e6ad2e0978390506/demo_parasite_axes.zip]
[matplotlib.org/stable/gallery/axisartist/demo_parasite_axes.html]
[matplotlib.org/stable/_downloads/b0a91ad840eadf7342c2f79811560889/demo_parasite_axes2.ipynb]
[matplotlib.org/stable/_downloads/07a9488814cca10d5122c0c5527bcaaf/demo_parasite_axes2.py]
[matplotlib.org/stable/_downloads/014a880826469dce2e3ad8104270a00a/demo_parasite_axes2.zip]
[matplotlib.org/stable/gallery/axisartist/demo_parasite_axes2.html]
[matplotlib.org/stable/_downloads/015f3d8484e7cc976026793f37ae6042/demo_ticklabel_alignment.ipynb]
[matplotlib.org/stable/_downloads/10139578672ab6e375bdd67b9504f4d6/demo_ticklabel_alignment.py]
[matplotlib.org/stable/_downloads/e244c3d83e896bb59ef33e68aab11c70/demo_ticklabel_alignment.zip]
[matplotlib.org/stable/gallery/axisartist/demo_ticklabel_alignment.html]
[matplotlib.org/stable/_images/sphx_glr_demo_ticklabel_direction_001.png]
[matplotlib.org/stable/_downloads/d856da409c480807e0e779c1aeed4571/demo_ticklabel_direction.ipynb]
[matplotlib.org/stable/_downloads/aa167433a0ccdf23a207687a44a29246/demo_ticklabel_direction.py]
[matplotlib.org/stable/_downloads/79a596d373ff0ee51c1bbc54adb33ac6/demo_ticklabel_direction.zip]
[matplotlib.org/stable/gallery/axisartist/demo_ticklabel_direction.html]
[matplotlib.org/stable/_downloads/0cdb90dc361fef8914788fcb71808f6b/simple_axis_direction01.ipynb]
[matplotlib.org/stable/_downloads/3b445f30fa702ff55f1547368707c820/simple_axis_direction01.py]
[matplotlib.org/stable/_downloads/db98dcdd752975ddb4f10a9f1ed9430c/simple_axis_direction01.zip]
[matplotlib.org/stable/gallery/axisartist/simple_axis_direction01.html]
[matplotlib.org/stable/_downloads/a01fa5268b1dbe865695aea348625f0c/simple_axis_direction03.ipynb]
[matplotlib.org/stable/_downloads/1841cf2985a8e908a9488d1cfc5e6ba3/simple_axis_direction03.py]
[matplotlib.org/stable/_downloads/6cec69a932e71d5a484d771748a5e009/simple_axis_direction03.zip]
[matplotlib.org/stable/gallery/axisartist/simple_axis_direction03.html]
[matplotlib.org/stable/_downloads/48a148a892dcf9bf95f3c0e253699d56/simple_axis_pad.ipynb]
[matplotlib.org/stable/_downloads/6a991ef2680010dc3e315bc57b8de102/simple_axis_pad.py]
[matplotlib.org/stable/_downloads/8a1aa925bde21079ff02311379f9ce08/simple_axis_pad.zip]
[matplotlib.org/stable/gallery/axisartist/simple_axis_pad.html]
[matplotlib.org/stable/_downloads/bf155ae1a8c5bbb926d348ab69ba4e6f/simple_axisartist1.ipynb]
[matplotlib.org/stable/_downloads/172bea947b5b7014a1272376e04e4e51/simple_axisartist1.py]
[matplotlib.org/stable/_downloads/c1ddd25840151fd9bf4e63a5ae353a59/simple_axisartist1.zip]
[matplotlib.org/stable/gallery/axisartist/simple_axisartist1.html]
[matplotlib.org/stable/_images/sphx_glr_simple_axisline_001.png]
[matplotlib.org/stable/_downloads/0aef4bdb1e5aa7434cc8d86d9e094e37/simple_axisline.ipynb]
[matplotlib.org/stable/_downloads/bb682f022912692f490c5c3e20e0b35b/simple_axisline.py]
[matplotlib.org/stable/_downloads/966f6ee85170719c0123022ee365c85d/simple_axisline.zip]
[matplotlib.org/stable/gallery/axisartist/simple_axisline.html]
[matplotlib.org/stable/_downloads/ad9f634483a880b0078547a7a8666fed/simple_axisline3.ipynb]
[matplotlib.org/stable/_downloads/364e7f571a4fb87e2fc9de904066c64a/simple_axisline3.py]
[matplotlib.org/stable/_downloads/f7ab2c5209b0e95e1badb9d6f357df9b/simple_axisline3.zip]
[matplotlib.org/stable/gallery/axisartist/simple_axisline3.html]
[matplotlib.org/stable/gallery/showcase/index.html]
[matplotlib.org/stable/_images/sphx_glr_anatomy_001.png]
[matplotlib.org/stable/_downloads/d2c8b8c6d25d7da97611d120d4eafb12/anatomy.ipynb]
[matplotlib.org/stable/_downloads/3f00827998b6984a744509eca414f222/anatomy.py]
[matplotlib.org/stable/_downloads/91da19ddf8265f5ab587e70a263ccef7/anatomy.zip]
[matplotlib.org/stable/gallery/showcase/anatomy.html]
[matplotlib.org/stable/_images/sphx_glr_firefox_001.png]
[matplotlib.org/stable/_downloads/97bb858386eea7e1aebaf6bbd303903e/firefox.ipynb]
[matplotlib.org/stable/_downloads/c9c14c6b496e6dd6d8f9bf431740b76a/firefox.py]
[matplotlib.org/stable/_downloads/d884617aa7dec55c2da69f18fc78af76/firefox.zip]
[matplotlib.org/stable/gallery/showcase/firefox.html]
[matplotlib.org/stable/_images/sphx_glr_integral_001.png]
[matplotlib.org/stable/_downloads/4c049ea5658fcb9dd1cac9c93938f784/integral.ipynb]
[matplotlib.org/stable/_downloads/392c2c1663693a62d3e8fec9c8b3de15/integral.py]
[matplotlib.org/stable/_downloads/964095706a313fa6552e1d414c407a5e/integral.zip]
[matplotlib.org/stable/gallery/showcase/integral.html]
[matplotlib.org/stable/_images/sphx_glr_mandelbrot_001.png]
[matplotlib.org/stable/_downloads/03a4ae19b81e22290c46a94bdf82cb9a/mandelbrot.ipynb]
[matplotlib.org/stable/_downloads/201501ef1714f6f71b3f2fe0dd7ddeae/mandelbrot.py]
[matplotlib.org/stable/_downloads/233613fce9ebb121ac42ee7597391103/mandelbrot.zip]
[matplotlib.org/stable/gallery/showcase/mandelbrot.html]
[matplotlib.org/stable/_images/sphx_glr_pan_zoom_overlap_001.png]
[matplotlib.org/stable/_downloads/89ce01ed80f9aef22de2014e415f7336/pan_zoom_overlap.ipynb]
[matplotlib.org/stable/_downloads/6400d2a702519ce3002085a3680be369/pan_zoom_overlap.py]
[matplotlib.org/stable/_downloads/d8f2b50d521368be992da58b3749aa77/pan_zoom_overlap.zip]
[matplotlib.org/stable/gallery/showcase/pan_zoom_overlap.html]
[matplotlib.org/stable/_images/sphx_glr_stock_prices_001.png]
[matplotlib.org/stable/_downloads/f26ac8c8ae5b253bf8f75e0c4dde8be2/stock_prices.ipynb]
[matplotlib.org/stable/_downloads/f45b7da3bfe46d4737fa57ae1cf81167/stock_prices.py]
[matplotlib.org/stable/_downloads/1d621d068171caa723900f7292f62fcd/stock_prices.zip]
[matplotlib.org/stable/gallery/showcase/stock_prices.html]
[matplotlib.org/stable/_images/sphx_glr_xkcd_001.png]
[matplotlib.org/stable/_images/sphx_glr_xkcd_002.png]
[matplotlib.org/stable/_downloads/131d158e81b262ebc937088478d60b25/xkcd.ipynb]
[matplotlib.org/stable/_downloads/8a2ff25ab36d899da6c1187a40d64075/xkcd.py]
[matplotlib.org/stable/_downloads/160adb8d85384e90401ae9fb0d00972b/xkcd.zip]
[matplotlib.org/stable/gallery/showcase/xkcd.html]
[matplotlib.org/stable/gallery/animation/index.html]
[matplotlib.org/stable/_images/sphx_glr_animate_decay_001.mp4]
[matplotlib.org/stable/_downloads/cfbd1208088e34becd3522566eb8852f/animate_decay.ipynb]
[matplotlib.org/stable/_downloads/da849a0c4ef3902883df5d0cb7e42c6d/animate_decay.py]
[matplotlib.org/stable/_downloads/ef5a80619e5e5314951b8b79c57aa431/animate_decay.zip]
[matplotlib.org/stable/gallery/animation/animate_decay.html]
[matplotlib.org/stable/_images/sphx_glr_animated_histogram_001.mp4]
[matplotlib.org/stable/_tags/animation.html]
[matplotlib.org/stable/_downloads/5dbe235f5ce060079b6f2f2cc97499de/animated_histogram.ipynb]
[matplotlib.org/stable/_downloads/0609ba7da6aff274c9d51ded96d741f0/animated_histogram.py]
[matplotlib.org/stable/_downloads/fe900e88f3412932cf56f4d2d51a26f2/animated_histogram.zip]
[matplotlib.org/stable/gallery/animation/animated_histogram.html]
[matplotlib.org/stable/_images/sphx_glr_animation_demo_001.png]
[matplotlib.org/stable/_downloads/bc13e7f47de32e454f938d22ed01e78f/animation_demo.ipynb]
[matplotlib.org/stable/_downloads/00f7f20b47c4afdb8cf00a246bc6af53/animation_demo.py]
[matplotlib.org/stable/_downloads/f3056b1f811a110a4f5f18696b799c98/animation_demo.zip]
[matplotlib.org/stable/gallery/animation/animation_demo.html]
[matplotlib.org/stable/_images/sphx_glr_bayes_update_001.mp4]
[matplotlib.org/stable/_downloads/1031069b233d778873c178931f9832df/bayes_update.ipynb]
[matplotlib.org/stable/_downloads/9c47d872942711ff6f2d83120a1ed2b5/bayes_update.py]
[matplotlib.org/stable/_downloads/84fc9ff0c3872d8dd39cbb78967cfc8e/bayes_update.zip]
[matplotlib.org/stable/gallery/animation/bayes_update.html]
[matplotlib.org/stable/_images/sphx_glr_double_pendulum_001.mp4]
[matplotlib.org/stable/_downloads/1327fecca76444ef703683cc4610086e/double_pendulum.ipynb]
[matplotlib.org/stable/_downloads/244e0cb4bead5cfd5f8e9d6aeca0ba31/double_pendulum.py]
[matplotlib.org/stable/_downloads/02383bbfb2fce48594c5851fb5283fa4/double_pendulum.zip]
[matplotlib.org/stable/gallery/animation/double_pendulum.html]
[matplotlib.org/stable/_images/sphx_glr_dynamic_image_001.mp4]
[matplotlib.org/stable/_downloads/85eea2a9b9c6a3a221733494325998c8/dynamic_image.ipynb]
[matplotlib.org/stable/_downloads/c71a756999a5cacfd767880b3f5f5a19/dynamic_image.py]
[matplotlib.org/stable/_downloads/b93088c34d52404e4014467b356fb4f1/dynamic_image.zip]
[matplotlib.org/stable/gallery/animation/dynamic_image.html]
[matplotlib.org/stable/_downloads/ca59738d2337f82a20c6d752430074af/frame_grabbing_sgskip.ipynb]
[matplotlib.org/stable/_downloads/822ca4b902276f4477001c862abde8b8/frame_grabbing_sgskip.py]
[matplotlib.org/stable/_downloads/fbd16b3e522254e48c68dc0c14e807fe/frame_grabbing_sgskip.zip]
[matplotlib.org/stable/gallery/animation/frame_grabbing_sgskip.html]
[matplotlib.org/stable/_images/sphx_glr_multiple_axes_001.mp4]
[matplotlib.org/stable/_downloads/960239d3f64b4258e36a9994f62084da/multiple_axes.ipynb]
[matplotlib.org/stable/_downloads/56668c23ff52cd09bd1cdfc0b36b50e1/multiple_axes.py]
[matplotlib.org/stable/_downloads/9a3bb9735f3223ac009be3aca4e1ac8e/multiple_axes.zip]
[matplotlib.org/stable/gallery/animation/multiple_axes.html]
[matplotlib.org/stable/_images/sphx_glr_pause_resume_001.png]
[matplotlib.org/stable/_downloads/1dbc17bc6a55e486a146751868b47e12/pause_resume.ipynb]
[matplotlib.org/stable/_downloads/abf43385578cd8f5bfcc32069e27209f/pause_resume.py]
[matplotlib.org/stable/_downloads/146626af5da6f165a4b7a5b362a9c82c/pause_resume.zip]
[matplotlib.org/stable/gallery/animation/pause_resume.html]
[matplotlib.org/stable/_images/sphx_glr_rain_001.mp4]
[matplotlib.org/stable/_downloads/aa47bfddb399ef4c2137b19dcf36813e/rain.ipynb]
[matplotlib.org/stable/_downloads/82a9940f7742825edaf57f41ee952e31/rain.py]
[matplotlib.org/stable/_downloads/a90c02b9cc4da0f26ae962b0c5993cdf/rain.zip]
[matplotlib.org/stable/gallery/animation/rain.html]
[matplotlib.org/stable/_images/sphx_glr_random_walk_001.mp4]
[matplotlib.org/stable/_tags/plot-type-3d.html]
[matplotlib.org/stable/_downloads/09240349fdbe840c8c1035b1e275de73/random_walk.ipynb]
[matplotlib.org/stable/_downloads/91e0d0fab354a73fa9330139a9fac0f5/random_walk.py]
[matplotlib.org/stable/_downloads/f72bb0386fa2ec994692d43579ea612f/random_walk.zip]
[matplotlib.org/stable/gallery/animation/random_walk.html]
[matplotlib.org/stable/_images/sphx_glr_simple_anim_001.mp4]
[matplotlib.org/stable/_downloads/b2b2edcb14278d1eb89e73b1d4e64971/simple_anim.ipynb]
[matplotlib.org/stable/_downloads/4b4969c4264eb64406ae60db649b3c38/simple_anim.py]
[matplotlib.org/stable/_downloads/89e2cc1923e3bda2d7cd3088a18f99f1/simple_anim.zip]
[matplotlib.org/stable/gallery/animation/simple_anim.html]
[matplotlib.org/stable/_images/sphx_glr_simple_scatter_001.mp4]
[matplotlib.org/stable/_tags/component-animation.html]
[matplotlib.org/stable/_downloads/303eb59cb278425f5e240758341de181/simple_scatter.ipynb]
[matplotlib.org/stable/_downloads/dfd0347e7ecf7615cc5d1125c77390bb/simple_scatter.py]
[matplotlib.org/stable/_downloads/8b86d59ce10280e40a53df96c2331b75/simple_scatter.zip]
[matplotlib.org/stable/gallery/animation/simple_scatter.html]
[matplotlib.org/stable/_images/sphx_glr_strip_chart_001.mp4]
[matplotlib.org/stable/_downloads/0d37310d80373fee3923c5ba3d646f75/strip_chart.ipynb]
[matplotlib.org/stable/_downloads/bf6d0a45f5a6dec6f679c42b579ead7a/strip_chart.py]
[matplotlib.org/stable/_downloads/a7d2fe376018f521bc8f44e9c32cd344/strip_chart.zip]
[matplotlib.org/stable/gallery/animation/strip_chart.html]
[matplotlib.org/stable/_images/sphx_glr_unchained_001.mp4]
[matplotlib.org/stable/_downloads/43aba940936123ae3bf6a228b455360d/unchained.ipynb]
[matplotlib.org/stable/_downloads/bf0c66d82443515f6ffc1625103c0329/unchained.py]
[matplotlib.org/stable/_downloads/8926619bec5aa56707a7ceaa0907e19f/unchained.zip]
[matplotlib.org/stable/gallery/animation/unchained.html]
[matplotlib.org/stable/gallery/event_handling/index.html]
[matplotlib.org/stable/_images/sphx_glr_close_event_001.png]
[matplotlib.org/stable/_downloads/41e09d436907bfbc3aab7e974f1941a8/close_event.ipynb]
[matplotlib.org/stable/_downloads/2488fa170f211c6d0f8dabb214010122/close_event.py]
[matplotlib.org/stable/_downloads/206eb627c7ec0245a60cf4a87b329b8a/close_event.zip]
[matplotlib.org/stable/gallery/event_handling/close_event.html]
[matplotlib.org/stable/_images/sphx_glr_coords_demo_001.png]
[matplotlib.org/stable/_downloads/1bd44229487dba5976942a2732f0b8b9/coords_demo.ipynb]
[matplotlib.org/stable/_downloads/4153d91592ea2c87ab46a3a29e0530ed/coords_demo.py]
[matplotlib.org/stable/_downloads/1c6f567c238c7836806f64d2aed2f006/coords_demo.zip]
[matplotlib.org/stable/gallery/event_handling/coords_demo.html]
[matplotlib.org/stable/_images/sphx_glr_cursor_demo_001.png]
[matplotlib.org/stable/_images/sphx_glr_cursor_demo_002.png]
[matplotlib.org/stable/_images/sphx_glr_cursor_demo_003.png]
[matplotlib.org/stable/_downloads/ee41a49a2bbf8c6e50f1fc7031a35680/cursor_demo.ipynb]
[matplotlib.org/stable/_downloads/b50d37f9b82e9455a7917dd5929c697f/cursor_demo.py]
[matplotlib.org/stable/_downloads/a101be84574b27468c652e147c013d83/cursor_demo.zip]
[matplotlib.org/stable/gallery/event_handling/cursor_demo.html]
[matplotlib.org/stable/_images/sphx_glr_data_browser_001.png]
[matplotlib.org/stable/_downloads/0dc5c9556623c7e31d111f24f90b0520/data_browser.ipynb]
[matplotlib.org/stable/_downloads/757512fe68953f07685f6592c084829f/data_browser.py]
[matplotlib.org/stable/_downloads/64f8e95fc45531345635eb01e4f31b47/data_browser.zip]
[matplotlib.org/stable/gallery/event_handling/data_browser.html]
[matplotlib.org/stable/_images/sphx_glr_figure_axes_enter_leave_001.png]
[matplotlib.org/stable/_downloads/1bfbe2233a5bc2a4d6d04dac9b87083a/figure_axes_enter_leave.ipynb]
[matplotlib.org/stable/_downloads/6610549796b7ae801a732cb47e54fea6/figure_axes_enter_leave.py]
[matplotlib.org/stable/_downloads/85924f1693cf472e4dc06d93949806cf/figure_axes_enter_leave.zip]
[matplotlib.org/stable/gallery/event_handling/figure_axes_enter_leave.html]
[matplotlib.org/stable/gallery/event_handling/ginput_manual_clabel_sgskip.html]
[matplotlib.org/stable/gallery/event_handling/image_slices_viewer.html]
[matplotlib.org/stable/gallery/event_handling/keypress_demo.html]
[matplotlib.org/stable/gallery/event_handling/lasso_demo.html]
[matplotlib.org/stable/gallery/event_handling/legend_picking.html]
[matplotlib.org/stable/gallery/event_handling/looking_glass.html]
[matplotlib.org/stable/gallery/event_handling/path_editor.html]
[matplotlib.org/stable/gallery/event_handling/pick_event_demo.html]
[matplotlib.org/stable/gallery/event_handling/pick_event_demo2.html]
[matplotlib.org/stable/gallery/event_handling/poly_editor.html]
[matplotlib.org/stable/gallery/event_handling/pong_sgskip.html]
[matplotlib.org/stable/gallery/event_handling/resample.html]
[matplotlib.org/stable/gallery/event_handling/timers.html]
[matplotlib.org/stable/gallery/event_handling/trifinder_event_demo.html]
[matplotlib.org/stable/gallery/event_handling/viewlims.html]
[matplotlib.org/stable/gallery/event_handling/zoom_window.html]
[matplotlib.org/stable/gallery/misc/index.html]
[matplotlib.org/stable/gallery/misc/anchored_artists.html]
[matplotlib.org/stable/gallery/misc/bbox_intersect.html]
[matplotlib.org/stable/gallery/misc/contour_manual.html]
[matplotlib.org/stable/gallery/misc/coords_report.html]
[matplotlib.org/stable/gallery/misc/custom_projection.html]
[matplotlib.org/stable/gallery/misc/customize_rc.html]
[matplotlib.org/stable/gallery/misc/demo_agg_filter.html]
[matplotlib.org/stable/gallery/misc/demo_ribbon_box.html]
[matplotlib.org/stable/gallery/misc/fig_x.html]
[matplotlib.org/stable/gallery/misc/fill_spiral.html]
[matplotlib.org/stable/gallery/misc/findobj_demo.html]
[matplotlib.org/stable/gallery/misc/font_indexing.html]
[matplotlib.org/stable/gallery/misc/ftface_props.html]
[matplotlib.org/stable/gallery/misc/histogram_path.html]
[matplotlib.org/stable/gallery/misc/hyperlinks_sgskip.html]
[matplotlib.org/stable/gallery/misc/image_thumbnail_sgskip.html]
[matplotlib.org/stable/gallery/misc/keyword_plotting.html]
[matplotlib.org/stable/gallery/misc/logos2.html]
[matplotlib.org/stable/gallery/misc/multipage_pdf.html]
[matplotlib.org/stable/gallery/misc/multiprocess_sgskip.html]
[matplotlib.org/stable/gallery/misc/packed_bubbles.html]
[matplotlib.org/stable/gallery/misc/patheffect_demo.html]
[matplotlib.org/stable/gallery/misc/print_stdout_sgskip.html]
[matplotlib.org/stable/gallery/misc/rasterization_demo.html]
[matplotlib.org/stable/gallery/misc/set_and_get.html]
[matplotlib.org/stable/gallery/misc/svg_filter_line.html]
[matplotlib.org/stable/gallery/misc/svg_filter_pie.html]
[matplotlib.org/stable/gallery/misc/table_demo.html]
[matplotlib.org/stable/gallery/misc/tickedstroke_demo.html]
[matplotlib.org/stable/gallery/misc/transoffset.html]
[matplotlib.org/stable/gallery/misc/zorder_demo.html]
[matplotlib.org/stable/gallery/mplot3d/index.html]
[matplotlib.org/stable/gallery/mplot3d/2dcollections3d.html]
[matplotlib.org/stable/gallery/mplot3d/3d_bars.html]
[matplotlib.org/stable/gallery/mplot3d/axlim_clip.html]
[matplotlib.org/stable/gallery/mplot3d/bars3d.html]
[matplotlib.org/stable/gallery/mplot3d/box3d.html]
[matplotlib.org/stable/gallery/mplot3d/contour3d.html]
[matplotlib.org/stable/gallery/mplot3d/contour3d_2.html]
[matplotlib.org/stable/gallery/mplot3d/contour3d_3.html]
[matplotlib.org/stable/gallery/mplot3d/contourf3d.html]
[matplotlib.org/stable/gallery/mplot3d/contourf3d_2.html]
[matplotlib.org/stable/gallery/mplot3d/custom_shaded_3d_surface.html]
[matplotlib.org/stable/gallery/mplot3d/errorbar3d.html]
[matplotlib.org/stable/gallery/mplot3d/fillbetween3d.html]
[matplotlib.org/stable/gallery/mplot3d/fillunder3d.html]
